row_id,template_id,prev_step,student_step,label,variant,source
1,T05,9-(x+4)=5,-x=18,TRANSPOSITION,combined,synthetic
2,T02,2(x-2)=-14,2x-4=-14,NONE,direct,synthetic
3,T09,x-7=-6,x=-13,TRANSPOSITION,combined,synthetic
4,T12,(-8)(-6x)=48,49x=48,ARITHMETIC_SLIP,direct,synthetic
5,T12,(-4)(-7x)=-56,x=2,NEG_TIMES_NEG,combined,synthetic
6,T10,9x+6=33,15x=33,UNLIKE_TERMS,direct,synthetic
7,T08,x+11=16,x=13-11,ARITHMETIC_SLIP,direct,synthetic
8,T07,(x-3)^2=9,x^2+9=9,SQUARE_OF_SUM,direct,synthetic
9,T12,(-7)(-4x)=-140,-28x=-140,NEG_TIMES_NEG,direct,synthetic
10,T10,3x+6=-9,3x=-9+6,TRANSPOSITION,direct,synthetic
11,T04,-(x+11)=-16,-12x=-16,UNLIKE_TERMS,direct,synthetic
12,T05,11-(x+1)=7,-x=-5,NEGATIVE_DISTRIBUTION,combined,synthetic
13,T04,-(x+9)=-16,x=8/5,UNLIKE_TERMS,combined,synthetic
14,T01,7(x+2)=7,5x+14=7,ARITHMETIC_SLIP,direct,synthetic
15,T09,x-8=-3,-7x=-3,UNLIKE_TERMS,direct,synthetic
16,T07,(x-1)^2=169,x^2-2x+1=169,NONE,direct,synthetic
17,T08,x+12=10,13x=10,UNLIKE_TERMS,direct,synthetic
18,T06,(x+4)^2=225,x^2+16=225,SQUARE_OF_SUM,direct,synthetic
19,T12,(-8)(-8x)=-384,x=-6,NONE,combined,synthetic
20,T05,10-(x+6)=-1,-x=15,TRANSPOSITION,combined,synthetic
21,T13,4(x+3)+4x=68,8x=65,PARTIAL_DISTRIBUTION,combined,synthetic
22,T12,(-7)(-9x)=-189,x=3,NEG_TIMES_NEG,combined,synthetic
23,T09,x-9=-11,x=-11+9,NONE,direct,synthetic
24,T08,x+11=6,x=17,TRANSPOSITION,combined,synthetic
25,T12,(-9)(-7x)=63,x=-1,NEG_TIMES_NEG,combined,synthetic
26,T12,(-5)(-4x)=-20,20x=-21,ARITHMETIC_SLIP,direct,synthetic
27,T12,(-2)(-4x)=-40,-8x=-40,NEG_TIMES_NEG,direct,synthetic
28,T05,8-(x+4)=2,-x=14,TRANSPOSITION,combined,synthetic
29,T04,-(x+2)=4,-x=9,ARITHMETIC_SLIP,combined,synthetic
30,T10,5x+8=-17,5x=-25,NONE,combined,synthetic
31,T02,4(x-6)=-40,4x-6=-40,PARTIAL_DISTRIBUTION,direct,synthetic
32,T04,-(x+2)=-6,-x-2=-6,NONE,direct,synthetic
33,T07,(x-6)^2=64,x^2-12x+36=65,ARITHMETIC_SLIP,direct,synthetic
34,T13,5(x+3)+4x=51,9x=48,PARTIAL_DISTRIBUTION,combined,synthetic
35,T03,-5(x+2)=15,2-5x=15,PARTIAL_DISTRIBUTION,direct,synthetic
36,T05,4-(x+7)=3,4-x+7=3,NEGATIVE_DISTRIBUTION,direct,synthetic
37,T02,2(x-2)=-14,2x-2=-14,PARTIAL_DISTRIBUTION,direct,synthetic
38,T06,(x+9)^2=49,x^2+81=49,SQUARE_OF_SUM,direct,synthetic
39,T05,9-(x+8)=7,-x=-10,NEGATIVE_DISTRIBUTION,combined,synthetic
40,T08,x+10=12,x=12/11,UNLIKE_TERMS,combined,synthetic
41,T12,(-6)(-7x)=252,x=-6,NEG_TIMES_NEG,combined,synthetic
42,T06,(x+4)^2=196,x^2+8x+19=196,ARITHMETIC_SLIP,direct,synthetic
43,T12,(-9)(-x)=-72,-9x=-72,NEG_TIMES_NEG,direct,synthetic
44,T08,x+2=5,x=7,TRANSPOSITION,combined,synthetic
45,T10,3x+7=4,10x=4,UNLIKE_TERMS,direct,synthetic
46,T08,x+4=6,x=10,TRANSPOSITION,combined,synthetic
47,T12,(-3)(-7x)=105,x=-5,NEG_TIMES_NEG,combined,synthetic
48,T09,x-10=-3,x=7,NONE,combined,synthetic
49,T08,x+8=6,x=6-8,NONE,direct,synthetic
50,T12,(-6)(-3x)=-162,-18x=-162,NEG_TIMES_NEG,direct,synthetic
51,T08,x+8=17,x=25,TRANSPOSITION,combined,synthetic
52,T04,-(x+4)=1,x=-1/5,UNLIKE_TERMS,combined,synthetic
53,T01,8(x+9)=104,5x+72=104,ARITHMETIC_SLIP,direct,synthetic
54,T06,(x+8)^2=169,x^2+16x+62=169,ARITHMETIC_SLIP,direct,synthetic
55,T10,7x+7=49,7x=56,TRANSPOSITION,combined,synthetic
56,T08,x+4=11,5x=11,UNLIKE_TERMS,direct,synthetic
57,T12,(-3)(-2x)=24,x=13/3,ARITHMETIC_SLIP,combined,synthetic
58,T04,-(x+10)=-13,-x+10=-13,NEGATIVE_DISTRIBUTION,direct,synthetic
59,T12,(-7)(-4x)=-140,28x=-140,NONE,direct,synthetic
60,T01,5(x+3)=25,2x=10,ARITHMETIC_SLIP,combined,synthetic
61,T12,(-6)(-7x)=42,42x=40,ARITHMETIC_SLIP,direct,synthetic
62,T12,(-8)(-8x)=320,x=5,NONE,combined,synthetic
63,T05,10-(x+3)=8,-x=21,TRANSPOSITION,combined,synthetic
64,T12,(-4)(-4x)=-112,16x=-112,NONE,direct,synthetic
65,T10,8x+7=-17,6x=-17-7,ARITHMETIC_SLIP,direct,synthetic
66,T01,6(x+7)=84,6x+42=87,ARITHMETIC_SLIP,direct,synthetic
67,T12,(-8)(-5x)=120,-40x=120,NEG_TIMES_NEG,direct,synthetic
68,T05,4-(x+1)=-5,-x=-8,NONE,combined,synthetic
69,T09,x-12=-14,x=-14-12,TRANSPOSITION,direct,synthetic
70,T12,(-7)(-3x)=-105,x=5,NEG_TIMES_NEG,combined,synthetic
71,T04,-(x+1)=2,-x=3,NONE,combined,synthetic
72,T12,(-7)(-3x)=-126,x=-127/21,ARITHMETIC_SLIP,combined,synthetic
73,T10,6x+3=9,6x=6,NONE,combined,synthetic
74,T06,(x+5)^2=361,x^2+25=361,SQUARE_OF_SUM,direct,synthetic
75,T05,12-(x+2)=9,-(x+2)=9+12,TRANSPOSITION,direct,synthetic
76,T09,x-5=-1,x=-6,TRANSPOSITION,combined,synthetic
77,T08,x+4=2,x=2-4,NONE,direct,synthetic
78,T12,(-4)(-7x)=140,28x=140,NONE,direct,synthetic
79,T05,8-(x+1)=-2,8-x+1=-2,NEGATIVE_DISTRIBUTION,direct,synthetic
80,T08,x+2=-1,x=-1/3,UNLIKE_TERMS,combined,synthetic
81,T09,x-12=-7,x=7/11,UNLIKE_TERMS,combined,synthetic
82,T05,9-(x+1)=11,-(x+1)=11+9,TRANSPOSITION,direct,synthetic
83,T04,-(x+5)=-2,-6x=-2,UNLIKE_TERMS,direct,synthetic
84,T11,8=x+11,8-11=x,NONE,direct,synthetic
85,T05,12-(x+8)=0,-x=-7,ARITHMETIC_SLIP,combined,synthetic
86,T12,(-9)(-3x)=162,x=-6,NEG_TIMES_NEG,combined,synthetic
87,T10,4x+6=2,4x=2+6,TRANSPOSITION,direct,synthetic
88,T10,9x+11=56,x=14/5,UNLIKE_TERMS,combined,synthetic
89,T03,-8(x+1)=40,-8x=39,PARTIAL_DISTRIBUTION,combined,synthetic
90,T12,(-3)(-x)=9,-3x=9,NEG_TIMES_NEG,direct,synthetic
91,T13,5(x+6)+3x=38,8x+6=38,PARTIAL_DISTRIBUTION,direct,synthetic
92,T05,6-(x+4)=7,-(x+4)=7+6,TRANSPOSITION,direct,synthetic
93,T05,12-(x+6)=9,-(x+6)=9+12,TRANSPOSITION,direct,synthetic
94,T10,8x+2=26,8x=24,NONE,combined,synthetic
95,T07,(x-10)^2=100,x^2+100=100,SQUARE_OF_SUM,direct,synthetic
96,T05,4-(x+6)=-11,-x=-1,TRANSPOSITION,combined,synthetic
97,T04,-(x+2)=3,x=-1,UNLIKE_TERMS,combined,synthetic
98,T02,9(x-4)=-63,9x-4=-63,PARTIAL_DISTRIBUTION,direct,synthetic
99,T04,-(x+6)=-6,-7x=-6,UNLIKE_TERMS,direct,synthetic
100,T12,(-4)(-7x)=-84,-28x=-84,NEG_TIMES_NEG,direct,synthetic
101,T05,3-(x+7)=-14,-x=-4,TRANSPOSITION,combined,synthetic
102,T03,-4(x+9)=-28,-4x-36=-28,NONE,direct,synthetic
103,T06,(x+4)^2=289,x^2+16=289,SQUARE_OF_SUM,direct,synthetic
104,T09,x-4=-3,x=-3-4,TRANSPOSITION,direct,synthetic
105,T01,3(x+7)=21,3x=0,NONE,combined,synthetic
106,T07,(x-8)^2=16,x^2+64=16,SQUARE_OF_SUM,direct,synthetic
107,T09,x-7=-13,-6x=-13,UNLIKE_TERMS,direct,synthetic
108,T05,12-(x+4)=13,-x=-3,NEGATIVE_DISTRIBUTION,combined,synthetic
109,T05,5-(x+6)=2,-x=-9,NEGATIVE_DISTRIBUTION,combined,synthetic
110,T05,6-(x+8)=-6,6-x+8=-6,NEGATIVE_DISTRIBUTION,direct,synthetic
111,T05,3-(x+4)=-5,-x=-12,NEGATIVE_DISTRIBUTION,combined,synthetic
112,T05,12-(x+4)=6,-x=22,TRANSPOSITION,combined,synthetic
113,T05,2-(x+3)=1,-x=-4,NEGATIVE_DISTRIBUTION,combined,synthetic
114,T13,4(x+4)+x=66,5x+4=66,PARTIAL_DISTRIBUTION,direct,synthetic
115,T02,3(x-3)=21,3x-9=21,NONE,direct,synthetic
116,T13,3(x+3)+x=21,4x=18,PARTIAL_DISTRIBUTION,combined,synthetic
117,T01,4(x+2)=-8,4x+2=-8,PARTIAL_DISTRIBUTION,direct,synthetic
118,T12,(-2)(-5x)=90,x=-9,NEG_TIMES_NEG,combined,synthetic
119,T12,(-4)(-6x)=120,x=59/12,ARITHMETIC_SLIP,combined,synthetic
120,T05,4-(x+2)=7,-x=1,NEGATIVE_DISTRIBUTION,combined,synthetic
121,T05,3-(x+9)=-7,3-x+9=-7,NEGATIVE_DISTRIBUTION,direct,synthetic
122,T03,-6(x+4)=-42,4-6x=-42,PARTIAL_DISTRIBUTION,direct,synthetic
123,T08,x+12=19,13x=19,UNLIKE_TERMS,direct,synthetic
124,T08,x+12=7,13x=7,UNLIKE_TERMS,direct,synthetic
125,T01,5(x+8)=20,5x+40=20,NONE,direct,synthetic
126,T03,-5(x+7)=-40,-5x=-47,PARTIAL_DISTRIBUTION,combined,synthetic
127,T05,12-(x+3)=-1,-x=-16,NEGATIVE_DISTRIBUTION,combined,synthetic
128,T05,8-(x+8)=-10,-x=-26,NEGATIVE_DISTRIBUTION,combined,synthetic
129,T04,-(x+11)=-15,-x+11=-15,NEGATIVE_DISTRIBUTION,direct,synthetic
130,T08,x+7=5,x=-5,ARITHMETIC_SLIP,combined,synthetic
131,T06,(x+5)^2=25,x^2+10x+25=24,ARITHMETIC_SLIP,direct,synthetic
132,T07,(x-10)^2=81,x^2+100=81,SQUARE_OF_SUM,direct,synthetic
133,T04,-(x+5)=-15,-6x=-15,UNLIKE_TERMS,direct,synthetic
134,T02,4(x-2)=32,4x-2=32,PARTIAL_DISTRIBUTION,direct,synthetic
135,T09,x-9=-5,-8x=-5,UNLIKE_TERMS,direct,synthetic
136,T10,4x+3=19,7x=19,UNLIKE_TERMS,direct,synthetic
137,T12,(-6)(-4x)=-48,-24x=-48,NEG_TIMES_NEG,direct,synthetic
138,T04,-(x+10)=-16,-x-11=-16,ARITHMETIC_SLIP,direct,synthetic
139,T06,(x+6)^2=49,x^2+36=49,SQUARE_OF_SUM,direct,synthetic
140,T12,(-5)(-6x)=210,30x=210,NONE,direct,synthetic
141,T13,4(x+5)+3x=48,7x=43,PARTIAL_DISTRIBUTION,combined,synthetic
142,T08,x+12=21,x=21/13,UNLIKE_TERMS,combined,synthetic
143,T09,x-4=-8,x=8/3,UNLIKE_TERMS,combined,synthetic
144,T04,-(x+5)=-8,x=4/3,UNLIKE_TERMS,combined,synthetic
145,T10,3x+8=-7,3x=-7+8,TRANSPOSITION,direct,synthetic
146,T12,(-7)(-9x)=567,x=569/63,ARITHMETIC_SLIP,combined,synthetic
147,T13,6(x+4)+3x=60,9x=56,PARTIAL_DISTRIBUTION,combined,synthetic
148,T12,(-7)(-x)=-21,x=-21/8,ARITHMETIC_SLIP,combined,synthetic
149,T12,(-3)(-3x)=-54,x=-6,NONE,combined,synthetic
150,T04,-(x+7)=-1,-x=-8,NEGATIVE_DISTRIBUTION,combined,synthetic
151,T04,-(x+9)=-14,-10x=-14,UNLIKE_TERMS,direct,synthetic
152,T02,8(x-2)=16,8x-16=16,NONE,direct,synthetic
153,T12,(-6)(-3x)=-54,x=-28/9,ARITHMETIC_SLIP,combined,synthetic
154,T10,5x+9=-21,5x=-21+9,TRANSPOSITION,direct,synthetic
155,T10,5x+12=-13,5x=-13-12,NONE,direct,synthetic
156,T07,(x-11)^2=16,x^2-22x+121=16,NONE,direct,synthetic
157,T13,5(x+2)+2x=-25,7x=-27,PARTIAL_DISTRIBUTION,combined,synthetic
158,T04,-(x+1)=2,-x+1=2,NEGATIVE_DISTRIBUTION,direct,synthetic
159,T12,(-8)(-8x)=-128,x=2,NEG_TIMES_NEG,combined,synthetic
160,T05,6-(x+6)=6,6-x+6=6,NEGATIVE_DISTRIBUTION,direct,synthetic
161,T10,6x+3=-3,6x=0,TRANSPOSITION,combined,synthetic
162,T13,4(x+3)+2x=-12,6x=-15,PARTIAL_DISTRIBUTION,combined,synthetic
163,T05,7-(x+8)=-3,-x=-3,ARITHMETIC_SLIP,combined,synthetic
164,T04,-(x+7)=-4,x=1/2,UNLIKE_TERMS,combined,synthetic
165,T12,(-2)(-8x)=16,x=-1,NEG_TIMES_NEG,combined,synthetic
166,T08,x+11=6,x=6+11,TRANSPOSITION,direct,synthetic
167,T12,(-2)(-5x)=70,-10x=70,NEG_TIMES_NEG,direct,synthetic
168,T03,-7(x+7)=-7,-7x=-14,PARTIAL_DISTRIBUTION,combined,synthetic
169,T05,12-(x+6)=9,-x=-9,NEGATIVE_DISTRIBUTION,combined,synthetic
170,T08,x+4=-2,x=-2+4,TRANSPOSITION,direct,synthetic
171,T08,x+8=10,x=18,TRANSPOSITION,combined,synthetic
172,T01,8(x+3)=32,8x+3=32,PARTIAL_DISTRIBUTION,direct,synthetic
173,T13,5(x+5)+3x=65,8x=60,PARTIAL_DISTRIBUTION,combined,synthetic
174,T12,(-7)(-6x)=84,x=-2,NEG_TIMES_NEG,combined,synthetic
175,T04,-(x+2)=0,-x-5=0,ARITHMETIC_SLIP,direct,synthetic
176,T01,3(x+2)=27,3x=25,PARTIAL_DISTRIBUTION,combined,synthetic
177,T11,12=x+11,-x=-1,NONE,combined,synthetic
178,T06,(x+6)^2=361,x^2+36=361,SQUARE_OF_SUM,direct,synthetic
179,T04,-(x+2)=-1,x=1/3,UNLIKE_TERMS,combined,synthetic
180,T06,(x+4)^2=0,x^2+8x+16=0,NONE,direct,synthetic
181,T01,6(x+4)=36,6x+4=36,PARTIAL_DISTRIBUTION,direct,synthetic
182,T10,3x+8=-4,3x=4,TRANSPOSITION,combined,synthetic
183,T05,12-(x+7)=-1,-x=18,TRANSPOSITION,combined,synthetic
184,T06,(x+9)^2=100,x^2+81=100,SQUARE_OF_SUM,direct,synthetic
185,T13,5(x+3)+4x=69,9x+3=69,PARTIAL_DISTRIBUTION,direct,synthetic
186,T05,7-(x+4)=-4,7-x+4=-4,NEGATIVE_DISTRIBUTION,direct,synthetic
187,T03,-9(x+9)=-72,9-9x=-72,PARTIAL_DISTRIBUTION,direct,synthetic
188,T02,2(x-5)=8,2x-5=8,PARTIAL_DISTRIBUTION,direct,synthetic
189,T04,-(x+10)=-12,-x=-22,NEGATIVE_DISTRIBUTION,combined,synthetic
190,T10,4x+6=10,2x=4,ARITHMETIC_SLIP,combined,synthetic
191,T12,(-5)(-8x)=80,-40x=80,NEG_TIMES_NEG,direct,synthetic
192,T05,5-(x+9)=-13,5-x+9=-13,NEGATIVE_DISTRIBUTION,direct,synthetic
193,T08,x+11=18,12x=18,UNLIKE_TERMS,direct,synthetic
194,T13,4(x+5)+x=70,4x+20+x=70,NONE,direct,synthetic
195,T09,x-8=2,x=2+11,ARITHMETIC_SLIP,direct,synthetic
196,T06,(x+8)^2=169,x^2+64=169,SQUARE_OF_SUM,direct,synthetic
197,T05,3-(x+5)=4,3-x+5=4,NEGATIVE_DISTRIBUTION,direct,synthetic
198,T10,6x+7=43,6x=50,TRANSPOSITION,combined,synthetic
199,T09,x-8=-3,x=-3+11,ARITHMETIC_SLIP,direct,synthetic
200,T12,(-6)(-8x)=-144,45x=-144,ARITHMETIC_SLIP,direct,synthetic
201,T13,4(x+2)+4x=-40,8x=-42,PARTIAL_DISTRIBUTION,combined,synthetic
202,T09,x-11=-14,x=7/5,UNLIKE_TERMS,combined,synthetic
203,T05,5-(x+9)=-10,-(x+9)=-10+5,TRANSPOSITION,direct,synthetic
204,T05,10-(x+7)=5,-x=22,TRANSPOSITION,combined,synthetic
205,T04,-(x+8)=-15,-x=-23,NEGATIVE_DISTRIBUTION,combined,synthetic
206,T12,(-9)(-3x)=216,27x=213,ARITHMETIC_SLIP,direct,synthetic
207,T08,x+7=9,x=16,TRANSPOSITION,combined,synthetic
208,T07,(x-8)^2=36,x^2-16x+64=33,ARITHMETIC_SLIP,direct,synthetic
209,T13,4(x+3)+4x=68,8x=56,NONE,combined,synthetic
210,T02,5(x-4)=0,5x=4,PARTIAL_DISTRIBUTION,combined,synthetic
211,T01,3(x+1)=9,3x=8,PARTIAL_DISTRIBUTION,combined,synthetic
212,T08,x+4=6,5x=6,UNLIKE_TERMS,direct,synthetic
213,T09,x-1=6,x=4,ARITHMETIC_SLIP,combined,synthetic
214,T04,-(x+5)=-11,-x-5=-11,NONE,direct,synthetic
215,T08,x+7=2,x=1/4,UNLIKE_TERMS,combined,synthetic
216,T12,(-2)(-x)=16,x=8,NONE,combined,synthetic
217,T05,6-(x+1)=-1,-x=-8,NEGATIVE_DISTRIBUTION,combined,synthetic
218,T12,(-6)(-x)=-30,x=-5,NONE,combined,synthetic
219,T08,x+12=12,x=24,TRANSPOSITION,combined,synthetic
220,T13,6(x+5)+x=51,6x+30+x=51,NONE,direct,synthetic
221,T09,x-1=6,x=7,NONE,combined,synthetic
222,T12,(-5)(-5x)=-25,x=-26/25,ARITHMETIC_SLIP,combined,synthetic
223,T08,x+8=5,x=13,TRANSPOSITION,combined,synthetic
224,T07,(x-7)^2=1,x^2-15x+49=1,ARITHMETIC_SLIP,direct,synthetic
225,T08,x+7=4,x=4-7,NONE,direct,synthetic
226,T09,x-3=7,x=-7/2,UNLIKE_TERMS,combined,synthetic
227,T04,-(x+7)=-14,-x=-7,NONE,combined,synthetic
228,T12,(-3)(-6x)=-18,18x=-18,NONE,direct,synthetic
229,T12,(-5)(-7x)=-280,x=8,NEG_TIMES_NEG,combined,synthetic
230,T05,3-(x+2)=0,-x=5,TRANSPOSITION,combined,synthetic
231,T04,-(x+12)=-15,-x=-27,NEGATIVE_DISTRIBUTION,combined,synthetic
232,T03,-7(x+5)=-98,-7x=-103,PARTIAL_DISTRIBUTION,combined,synthetic
233,T02,5(x-8)=-30,5x=-22,PARTIAL_DISTRIBUTION,combined,synthetic
234,T10,9x+3=30,12x=30,UNLIKE_TERMS,direct,synthetic
235,T13,5(x+5)+3x=17,8x=12,PARTIAL_DISTRIBUTION,combined,synthetic
236,T05,8-(x+2)=6,-x=-4,NEGATIVE_DISTRIBUTION,combined,synthetic
237,T04,-(x+10)=-9,-11x=-9,UNLIKE_TERMS,direct,synthetic
238,T12,(-8)(-4x)=-192,x=-189/32,ARITHMETIC_SLIP,combined,synthetic
239,T08,x+3=-3,x=-3/4,UNLIKE_TERMS,combined,synthetic
240,T12,(-6)(-9x)=108,-54x=108,NEG_TIMES_NEG,direct,synthetic
241,T10,2x+8=-4,x=-2/5,UNLIKE_TERMS,combined,synthetic
242,T03,-9(x+8)=-72,8-9x=-72,PARTIAL_DISTRIBUTION,direct,synthetic
243,T05,2-(x+3)=1,-x=6,TRANSPOSITION,combined,synthetic
244,T03,-4(x+9)=-28,-4x=10,ARITHMETIC_SLIP,combined,synthetic
245,T02,6(x-6)=-66,6x-6=-66,PARTIAL_DISTRIBUTION,direct,synthetic
246,T09,x-1=-2,x=1,ARITHMETIC_SLIP,combined,synthetic
247,T10,5x+12=-13,5x=-13+12,TRANSPOSITION,direct,synthetic
248,T09,x-10=-6,x=2/3,UNLIKE_TERMS,combined,synthetic
249,T02,2(x-5)=-10,2x=-5,PARTIAL_DISTRIBUTION,combined,synthetic
250,T01,6(x+3)=60,6x+18=61,ARITHMETIC_SLIP,direct,synthetic
251,T09,x-8=-5,-7x=-5,UNLIKE_TERMS,direct,synthetic
252,T12,(-3)(-5x)=15,x=-1,NEG_TIMES_NEG,combined,synthetic
253,T11,16=x+11,-x=-5,NONE,combined,synthetic
254,T03,-4(x+3)=-48,-4x=-51,PARTIAL_DISTRIBUTION,combined,synthetic
255,T10,4x+9=5,4x=6-9,ARITHMETIC_SLIP,direct,synthetic
256,T04,-(x+10)=-5,-x=2,ARITHMETIC_SLIP,combined,synthetic
257,T07,(x-12)^2=36,x^2-24x+144=36,NONE,direct,synthetic
258,T03,-5(x+9)=-35,9-5x=-35,PARTIAL_DISTRIBUTION,direct,synthetic
259,T09,x-9=-10,-8x=-10,UNLIKE_TERMS,direct,synthetic
260,T04,-(x+1)=-4,-x=-5,NEGATIVE_DISTRIBUTION,combined,synthetic
261,T05,6-(x+9)=1,6-x-9=3,ARITHMETIC_SLIP,direct,synthetic
262,T12,(-2)(-7x)=-112,14x=-112,NONE,direct,synthetic
263,T08,x+7=14,8x=14,UNLIKE_TERMS,direct,synthetic
264,T12,(-9)(-x)=18,x=-2,NEG_TIMES_NEG,combined,synthetic
265,T09,x-12=-17,x=-29,TRANSPOSITION,combined,synthetic
266,T09,x-10=-15,x=5/3,UNLIKE_TERMS,combined,synthetic
267,T13,6(x+6)+5x=14,11x+6=14,PARTIAL_DISTRIBUTION,direct,synthetic
268,T05,5-(x+6)=-8,5-x+6=-8,NEGATIVE_DISTRIBUTION,direct,synthetic
269,T05,12-(x+6)=6,-(x+6)=6+12,TRANSPOSITION,direct,synthetic
270,T02,6(x-6)=-6,6x=0,PARTIAL_DISTRIBUTION,combined,synthetic
271,T06,(x+10)^2=196,x^2+100=196,SQUARE_OF_SUM,direct,synthetic
272,T03,-8(x+9)=-32,-5x=40,ARITHMETIC_SLIP,combined,synthetic
273,T12,(-3)(-2x)=-6,x=1,NEG_TIMES_NEG,combined,synthetic
274,T11,11=x+6,-x=-7,ARITHMETIC_SLIP,combined,synthetic
275,T10,4x+7=11,7x=4,ARITHMETIC_SLIP,combined,synthetic
276,T01,6(x+9)=108,6x=54,NONE,combined,synthetic
277,T12,(-3)(-8x)=192,24x=192,NONE,direct,synthetic
278,T03,-4(x+1)=-28,-4x=-29,PARTIAL_DISTRIBUTION,combined,synthetic
279,T02,2(x-1)=-2,2x=-1,PARTIAL_DISTRIBUTION,combined,synthetic
280,T12,(-5)(-3x)=15,15x=15,NONE,direct,synthetic
281,T05,5-(x+4)=-6,5-x+4=-6,NEGATIVE_DISTRIBUTION,direct,synthetic
282,T12,(-9)(-2x)=-162,-18x=-162,NEG_TIMES_NEG,direct,synthetic
283,T01,5(x+2)=50,5x=40,NONE,combined,synthetic
284,T12,(-3)(-6x)=-18,-18x=-18,NEG_TIMES_NEG,direct,synthetic
285,T06,(x+10)^2=484,x^2+100=484,SQUARE_OF_SUM,direct,synthetic
286,T04,-(x+5)=-9,-x=-2,ARITHMETIC_SLIP,combined,synthetic
287,T12,(-4)(-8x)=-224,-32x=-224,NEG_TIMES_NEG,direct,synthetic
288,T12,(-4)(-9x)=-108,x=3,NEG_TIMES_NEG,combined,synthetic
289,T09,x-7=1,x=-1/6,UNLIKE_TERMS,combined,synthetic
290,T07,(x-12)^2=196,x^2+144=196,SQUARE_OF_SUM,direct,synthetic
291,T11,13=x+6,13-6=x,NONE,direct,synthetic
292,T12,(-7)(-7x)=-196,x=-4,NONE,combined,synthetic
293,T05,11-(x+9)=4,-x=-16,NEGATIVE_DISTRIBUTION,combined,synthetic
294,T02,8(x-1)=16,8x=17,PARTIAL_DISTRIBUTION,combined,synthetic
295,T05,3-(x+7)=-9,-x=-19,NEGATIVE_DISTRIBUTION,combined,synthetic
296,T09,x-8=-11,x=11/7,UNLIKE_TERMS,combined,synthetic
297,T12,(-4)(-2x)=24,8x=24,NONE,direct,synthetic
298,T06,(x+11)^2=484,x^2+121=484,SQUARE_OF_SUM,direct,synthetic
299,T10,4x+5=37,x=37/9,UNLIKE_TERMS,combined,synthetic
300,T12,(-3)(-5x)=135,x=9,NONE,combined,synthetic
301,T05,6-(x+8)=-6,-x=-20,NEGATIVE_DISTRIBUTION,combined,synthetic
302,T05,7-(x+9)=-2,-x=-18,NEGATIVE_DISTRIBUTION,combined,synthetic
303,T06,(x+1)^2=0,x^2+1=0,SQUARE_OF_SUM,direct,synthetic
304,T08,x+11=19,x=19/12,UNLIKE_TERMS,combined,synthetic
305,T09,x-11=-7,x=-18,TRANSPOSITION,combined,synthetic
306,T08,x+1=-5,2x=-5,UNLIKE_TERMS,direct,synthetic
307,T05,2-(x+9)=-1,2-x-9=-1,NONE,direct,synthetic
308,T09,x-10=-7,x=7/9,UNLIKE_TERMS,combined,synthetic
309,T03,-9(x+2)=-18,-9x=0,NONE,combined,synthetic
310,T02,3(x-9)=-18,3x-9=-18,PARTIAL_DISTRIBUTION,direct,synthetic
311,T12,(-5)(-8x)=-120,37x=-120,ARITHMETIC_SLIP,direct,synthetic
312,T10,3x+5=32,3x=32+5,TRANSPOSITION,direct,synthetic
313,T10,6x+4=58,10x=58,UNLIKE_TERMS,direct,synthetic
314,T07,(x-3)^2=121,x^2+9=121,SQUARE_OF_SUM,direct,synthetic
315,T09,x-5=2,-4x=2,UNLIKE_TERMS,direct,synthetic
316,T13,4(x+6)+x=4,2x+24+x=4,ARITHMETIC_SLIP,direct,synthetic
317,T04,-(x+8)=-4,-x=-12,NEGATIVE_DISTRIBUTION,combined,synthetic
318,T01,5(x+5)=5,5x=0,PARTIAL_DISTRIBUTION,combined,synthetic
319,T07,(x-9)^2=196,x^2+81=196,SQUARE_OF_SUM,direct,synthetic
320,T12,(-8)(-x)=24,x=-3,NEG_TIMES_NEG,combined,synthetic
321,T09,x-7=-10,x=-6,ARITHMETIC_SLIP,combined,synthetic
322,T06,(x+10)^2=400,x^2+100=400,SQUARE_OF_SUM,direct,synthetic
323,T12,(-3)(-6x)=162,x=-9,NEG_TIMES_NEG,combined,synthetic
324,T13,3(x+3)+2x=4,7x=-5,ARITHMETIC_SLIP,combined,synthetic
325,T10,7x+3=59,7x=62,TRANSPOSITION,combined,synthetic
326,T12,(-4)(-2x)=8,x=1,NONE,combined,synthetic
327,T04,-(x+2)=4,x=-4/3,UNLIKE_TERMS,combined,synthetic
328,T11,8=x+9,-x=4,ARITHMETIC_SLIP,combined,synthetic
329,T12,(-3)(-7x)=-21,24x=-21,ARITHMETIC_SLIP,direct,synthetic
330,T12,(-6)(-7x)=-336,-42x=-336,NEG_TIMES_NEG,direct,synthetic
331,T06,(x+4)^2=1,x^2+6x+16=1,ARITHMETIC_SLIP,direct,synthetic
332,T12,(-5)(-x)=45,-5x=45,NEG_TIMES_NEG,direct,synthetic
333,T05,8-(x+8)=2,8-x+8=2,NEGATIVE_DISTRIBUTION,direct,synthetic
334,T12,(-8)(-4x)=-128,-32x=-128,NEG_TIMES_NEG,direct,synthetic
335,T08,x+5=-1,x=4,TRANSPOSITION,combined,synthetic
336,T03,-4(x+7)=-36,7-4x=-36,PARTIAL_DISTRIBUTION,direct,synthetic
337,T07,(x-9)^2=64,x^2+81=64,SQUARE_OF_SUM,direct,synthetic
338,T09,x-7=-5,x=-5-7,TRANSPOSITION,direct,synthetic
339,T01,5(x+9)=90,5x+9=90,PARTIAL_DISTRIBUTION,direct,synthetic
340,T09,x-9=-9,-8x=-9,UNLIKE_TERMS,direct,synthetic
341,T08,x+3=8,x=11,TRANSPOSITION,combined,synthetic
342,T06,(x+6)^2=81,x^2+36=81,SQUARE_OF_SUM,direct,synthetic
343,T12,(-2)(-3x)=42,x=-7,NEG_TIMES_NEG,combined,synthetic
344,T10,2x+1=13,3x=13,UNLIKE_TERMS,direct,synthetic
345,T13,4(x+4)+x=6,4x+16+x=6,NONE,direct,synthetic
346,T04,-(x+10)=-7,-x-12=-7,ARITHMETIC_SLIP,direct,synthetic
347,T03,-3(x+4)=6,4-3x=6,PARTIAL_DISTRIBUTION,direct,synthetic
348,T08,x+12=7,x=7/13,UNLIKE_TERMS,combined,synthetic
349,T12,(-5)(-9x)=315,x=-7,NEG_TIMES_NEG,combined,synthetic
350,T12,(-8)(-4x)=-96,32x=-99,ARITHMETIC_SLIP,direct,synthetic
351,T08,x+2=9,x=11,TRANSPOSITION,combined,synthetic
352,T13,3(x+1)+5x=51,8x=48,NONE,combined,synthetic
353,T01,6(x+2)=6,6x+2=6,PARTIAL_DISTRIBUTION,direct,synthetic
354,T11,8=x+10,5-10=x,ARITHMETIC_SLIP,direct,synthetic
355,T07,(x-10)^2=196,x^2+100=196,SQUARE_OF_SUM,direct,synthetic
356,T10,9x+12=84,9x=84+12,TRANSPOSITION,direct,synthetic
357,T13,3(x+6)+4x=74,7x=56,NONE,combined,synthetic
358,T07,(x-10)^2=0,x^2+100=0,SQUARE_OF_SUM,direct,synthetic
359,T05,12-(x+3)=6,12-x+3=6,NEGATIVE_DISTRIBUTION,direct,synthetic
360,T05,4-(x+2)=-4,-x=-10,NEGATIVE_DISTRIBUTION,combined,synthetic
361,T13,6(x+1)+2x=-34,8x=-35,PARTIAL_DISTRIBUTION,combined,synthetic
362,T13,2(x+4)+4x=56,6x=49,ARITHMETIC_SLIP,combined,synthetic
363,T06,(x+12)^2=81,x^2+144=81,SQUARE_OF_SUM,direct,synthetic
364,T12,(-4)(-2x)=48,x=-6,NEG_TIMES_NEG,combined,synthetic
365,T10,8x+3=-29,8x=-29+3,TRANSPOSITION,direct,synthetic
366,T12,(-3)(-8x)=-48,x=-2,NONE,combined,synthetic
367,T10,2x+8=18,2x=26,TRANSPOSITION,combined,synthetic
368,T06,(x+9)^2=36,x^2+81=36,SQUARE_OF_SUM,direct,synthetic
369,T07,(x-5)^2=49,x^2-7x+25=49,ARITHMETIC_SLIP,direct,synthetic
370,T01,7(x+5)=49,7x+35=49,NONE,direct,synthetic
371,T05,12-(x+3)=0,12-x+3=0,NEGATIVE_DISTRIBUTION,direct,synthetic
372,T12,(-6)(-x)=-24,x=-4,NONE,combined,synthetic
373,T09,x-9=-1,x=-10,TRANSPOSITION,combined,synthetic
374,T13,4(x+5)+4x=52,4x+19+4x=52,ARITHMETIC_SLIP,direct,synthetic
375,T10,7x+4=32,11x=32,UNLIKE_TERMS,direct,synthetic
376,T02,4(x-8)=0,4x=8,PARTIAL_DISTRIBUTION,combined,synthetic
377,T12,(-3)(-2x)=-42,x=-7,NONE,combined,synthetic
378,T12,(-9)(-9x)=162,x=-2,NEG_TIMES_NEG,combined,synthetic
379,T01,2(x+4)=0,2x=-4,PARTIAL_DISTRIBUTION,combined,synthetic
380,T05,11-(x+2)=14,-(x+2)=14+11,TRANSPOSITION,direct,synthetic
381,T04,-(x+11)=-17,-x+11=-17,NEGATIVE_DISTRIBUTION,direct,synthetic
382,T07,(x-5)^2=64,x^2+25=64,SQUARE_OF_SUM,direct,synthetic
383,T09,x-10=-1,x=-11,TRANSPOSITION,combined,synthetic
384,T10,5x+8=43,13x=43,UNLIKE_TERMS,direct,synthetic
385,T06,(x+4)^2=196,x^2+16=196,SQUARE_OF_SUM,direct,synthetic
386,T01,6(x+7)=84,6x=77,PARTIAL_DISTRIBUTION,combined,synthetic
387,T12,(-8)(-4x)=-288,x=9,NEG_TIMES_NEG,combined,synthetic
388,T01,9(x+5)=0,9x=-45,NONE,combined,synthetic
389,T08,x+2=9,x=3,UNLIKE_TERMS,combined,synthetic
390,T12,(-2)(-6x)=-12,-12x=-12,NEG_TIMES_NEG,direct,synthetic
391,T03,-9(x+9)=-117,-9x=-37,ARITHMETIC_SLIP,combined,synthetic
392,T05,7-(x+2)=-5,-x=-10,NONE,combined,synthetic
393,T10,8x+12=60,8x=60+12,TRANSPOSITION,direct,synthetic
394,T10,7x+5=-23,7x=-18,TRANSPOSITION,combined,synthetic
395,T07,(x-5)^2=36,x^2-10x+25=36,NONE,direct,synthetic
396,T05,3-(x+5)=4,-(x+5)=4+3,TRANSPOSITION,direct,synthetic
397,T06,(x+7)^2=100,x^2+49=100,SQUARE_OF_SUM,direct,synthetic
398,T12,(-9)(-2x)=144,-18x=144,NEG_TIMES_NEG,direct,synthetic
399,T08,x+1=1,x=0,NONE,combined,synthetic
400,T09,x-5=2,x=2-5,TRANSPOSITION,direct,synthetic
401,T02,2(x-9)=-16,2x-9=-16,PARTIAL_DISTRIBUTION,direct,synthetic
402,T03,-6(x+9)=-72,-6x=-81,PARTIAL_DISTRIBUTION,combined,synthetic
403,T12,(-6)(-8x)=240,51x=240,ARITHMETIC_SLIP,direct,synthetic
404,T04,-(x+9)=-7,-x+9=-7,NEGATIVE_DISTRIBUTION,direct,synthetic
405,T10,8x+4=-36,8x=-36-4,NONE,direct,synthetic
406,T13,3(x+4)+x=-12,3x+12+x=-12,NONE,direct,synthetic
407,T10,4x+1=-11,x=-11/5,UNLIKE_TERMS,combined,synthetic
408,T13,5(x+3)+x=-3,6x=-6,PARTIAL_DISTRIBUTION,combined,synthetic
409,T13,4(x+4)+x=11,5x=7,PARTIAL_DISTRIBUTION,combined,synthetic
410,T10,8x+7=-41,8x=-34,TRANSPOSITION,combined,synthetic
411,T12,(-6)(-7x)=-252,-42x=-252,NEG_TIMES_NEG,direct,synthetic
412,T05,2-(x+1)=2,-x=2,ARITHMETIC_SLIP,combined,synthetic
413,T10,7x+11=53,18x=53,UNLIKE_TERMS,direct,synthetic
414,T05,2-(x+3)=-1,-x=4,TRANSPOSITION,combined,synthetic
415,T05,11-(x+5)=1,-x=-15,NEGATIVE_DISTRIBUTION,combined,synthetic
416,T13,6(x+6)+x=8,7x+6=8,PARTIAL_DISTRIBUTION,direct,synthetic
417,T05,12-(x+7)=-1,12-x+7=-1,NEGATIVE_DISTRIBUTION,direct,synthetic
418,T02,4(x-8)=0,4x-8=0,PARTIAL_DISTRIBUTION,direct,synthetic
419,T12,(-9)(-3x)=216,x=-8,NEG_TIMES_NEG,combined,synthetic
420,T12,(-8)(-2x)=128,x=-8,NEG_TIMES_NEG,combined,synthetic
421,T05,5-(x+8)=-7,-x=6,TRANSPOSITION,combined,synthetic
422,T08,x+7=2,x=-5,NONE,combined,synthetic
423,T05,8-(x+2)=0,8-x-2=0,NONE,direct,synthetic
424,T07,(x-7)^2=100,x^2+49=100,SQUARE_OF_SUM,direct,synthetic
425,T01,8(x+4)=96,8x+32=95,ARITHMETIC_SLIP,direct,synthetic
426,T13,6(x+1)+3x=-21,9x=-29,ARITHMETIC_SLIP,combined,synthetic
427,T05,7-(x+1)=8,7-x+1=8,NEGATIVE_DISTRIBUTION,direct,synthetic
428,T06,(x+4)^2=361,x^2+16=361,SQUARE_OF_SUM,direct,synthetic
429,T08,x+8=6,9x=6,UNLIKE_TERMS,direct,synthetic
430,T12,(-2)(-9x)=162,-18x=162,NEG_TIMES_NEG,direct,synthetic
431,T12,(-8)(-7x)=-504,x=-501/56,ARITHMETIC_SLIP,combined,synthetic
432,T08,x+5=15,x=15+5,TRANSPOSITION,direct,synthetic
433,T02,6(x-7)=-12,6x-7=-12,PARTIAL_DISTRIBUTION,direct,synthetic
434,T02,3(x-9)=-30,3x=-21,PARTIAL_DISTRIBUTION,combined,synthetic
435,T08,x+2=11,x=13,TRANSPOSITION,combined,synthetic
436,T08,x+6=6,x=6/7,UNLIKE_TERMS,combined,synthetic
437,T04,-(x+1)=-5,-x=-3,ARITHMETIC_SLIP,combined,synthetic
438,T12,(-2)(-5x)=50,-10x=50,NEG_TIMES_NEG,direct,synthetic
439,T06,(x+10)^2=576,x^2+100=576,SQUARE_OF_SUM,direct,synthetic
440,T08,x+2=3,x=3+2,TRANSPOSITION,direct,synthetic
441,T06,(x+11)^2=676,x^2+121=676,SQUARE_OF_SUM,direct,synthetic
442,T12,(-8)(-5x)=-320,-40x=-320,NEG_TIMES_NEG,direct,synthetic
443,T12,(-9)(-2x)=54,x=18/7,ARITHMETIC_SLIP,combined,synthetic
444,T12,(-2)(-2x)=-12,x=3,NEG_TIMES_NEG,combined,synthetic
445,T10,8x+4=76,12x=76,UNLIKE_TERMS,direct,synthetic
446,T07,(x-10)^2=25,x^2+100=25,SQUARE_OF_SUM,direct,synthetic
447,T05,6-(x+9)=1,-x=16,TRANSPOSITION,combined,synthetic
448,T04,-(x+6)=-12,x=12/7,UNLIKE_TERMS,combined,synthetic
449,T12,(-2)(-7x)=14,-14x=14,NEG_TIMES_NEG,direct,synthetic
450,T12,(-6)(-5x)=150,x=-5,NEG_TIMES_NEG,combined,synthetic
451,T10,7x+1=29,x=29/8,UNLIKE_TERMS,combined,synthetic
452,T02,4(x-4)=-28,4x=-24,PARTIAL_DISTRIBUTION,combined,synthetic
453,T13,6(x+3)+4x=-2,10x=-20,NONE,combined,synthetic
454,T03,-8(x+5)=-24,-7x-40=-24,ARITHMETIC_SLIP,direct,synthetic
455,T05,2-(x+9)=-16,2-x+9=-16,NEGATIVE_DISTRIBUTION,direct,synthetic
456,T12,(-2)(-4x)=-8,x=-9/8,ARITHMETIC_SLIP,combined,synthetic
457,T09,x-5=-1,-4x=-1,UNLIKE_TERMS,direct,synthetic
458,T04,-(x+6)=-5,-x+6=-5,NEGATIVE_DISTRIBUTION,direct,synthetic
459,T12,(-8)(-9x)=-576,72x=-579,ARITHMETIC_SLIP,direct,synthetic
460,T12,(-2)(-2x)=16,-4x=16,NEG_TIMES_NEG,direct,synthetic
461,T04,-(x+5)=-4,x=2/3,UNLIKE_TERMS,combined,synthetic
462,T13,5(x+2)+2x=-25,7x=-33,ARITHMETIC_SLIP,combined,synthetic
463,T05,7-(x+9)=1,7-x+9=1,NEGATIVE_DISTRIBUTION,direct,synthetic
464,T05,3-(x+1)=3,3-x+1=3,NEGATIVE_DISTRIBUTION,direct,synthetic
465,T04,-(x+11)=-7,-x=-18,NEGATIVE_DISTRIBUTION,combined,synthetic
466,T01,5(x+2)=15,5x=13,PARTIAL_DISTRIBUTION,combined,synthetic
467,T01,4(x+9)=68,4x+9=68,PARTIAL_DISTRIBUTION,direct,synthetic
468,T07,(x-10)^2=16,x^2+100=16,SQUARE_OF_SUM,direct,synthetic
469,T03,-4(x+5)=-36,5-4x=-36,PARTIAL_DISTRIBUTION,direct,synthetic
470,T05,4-(x+7)=3,-x=-8,NEGATIVE_DISTRIBUTION,combined,synthetic
471,T08,x+8=2,x=2-8,NONE,direct,synthetic
472,T06,(x+9)^2=441,x^2+18x+81=441,NONE,direct,synthetic
473,T03,-3(x+8)=-39,8-3x=-39,PARTIAL_DISTRIBUTION,direct,synthetic
474,T12,(-8)(-4x)=-192,32x=-192,NONE,direct,synthetic
475,T10,7x+11=-24,7x=-24+11,TRANSPOSITION,direct,synthetic
476,T13,5(x+1)+3x=13,8x=8,NONE,combined,synthetic
477,T12,(-4)(-3x)=-36,x=3,NEG_TIMES_NEG,combined,synthetic
478,T05,3-(x+2)=0,3-x+2=0,NEGATIVE_DISTRIBUTION,direct,synthetic
479,T06,(x+10)^2=25,x^2+100=25,SQUARE_OF_SUM,direct,synthetic
480,T10,4x+1=29,4x=30,TRANSPOSITION,combined,synthetic
481,T04,-(x+7)=-7,x=7/8,UNLIKE_TERMS,combined,synthetic
482,T12,(-4)(-3x)=84,-12x=84,NEG_TIMES_NEG,direct,synthetic
483,T01,2(x+1)=20,2x+2=22,ARITHMETIC_SLIP,direct,synthetic
484,T08,x+6=3,7x=3,UNLIKE_TERMS,direct,synthetic
485,T04,-(x+2)=-9,-x-3=-9,ARITHMETIC_SLIP,direct,synthetic
486,T12,(-8)(-8x)=-384,63x=-384,ARITHMETIC_SLIP,direct,synthetic
487,T05,12-(x+6)=12,-x=30,TRANSPOSITION,combined,synthetic
488,T05,12-(x+6)=-3,12-x+6=-3,NEGATIVE_DISTRIBUTION,direct,synthetic
489,T10,9x+3=75,9x=72,NONE,combined,synthetic
490,T01,3(x+8)=39,3x=15,NONE,combined,synthetic
491,T12,(-9)(-7x)=-126,x=2,NEG_TIMES_NEG,combined,synthetic
492,T07,(x-2)^2=36,x^2+4=36,SQUARE_OF_SUM,direct,synthetic
493,T04,-(x+11)=-9,x=3/4,UNLIKE_TERMS,combined,synthetic
494,T12,(-8)(-x)=56,-8x=56,NEG_TIMES_NEG,direct,synthetic
495,T12,(-2)(-3x)=-6,-6x=-6,NEG_TIMES_NEG,direct,synthetic
496,T12,(-5)(-2x)=70,-10x=70,NEG_TIMES_NEG,direct,synthetic
497,T08,x+6=5,x=5/7,UNLIKE_TERMS,combined,synthetic
498,T10,4x+12=12,16x=12,UNLIKE_TERMS,direct,synthetic
499,T04,-(x+3)=-11,-x=-8,NONE,combined,synthetic
500,T12,(-7)(-6x)=84,44x=84,ARITHMETIC_SLIP,direct,synthetic
501,T05,7-(x+4)=8,-x=-3,NEGATIVE_DISTRIBUTION,combined,synthetic
502,T10,9x+2=56,9x=58,TRANSPOSITION,combined,synthetic
503,T02,6(x-6)=-60,6x-6=-60,PARTIAL_DISTRIBUTION,direct,synthetic
504,T08,x+4=9,5x=9,UNLIKE_TERMS,direct,synthetic
505,T08,x+1=2,x=1,NONE,combined,synthetic
506,T05,7-(x+4)=-4,-(x+4)=-4+7,TRANSPOSITION,direct,synthetic
507,T08,x+7=13,8x=13,UNLIKE_TERMS,direct,synthetic
508,T10,4x+9=45,x=45/13,UNLIKE_TERMS,combined,synthetic
509,T12,(-4)(-4x)=96,x=-6,NEG_TIMES_NEG,combined,synthetic
510,T12,(-7)(-x)=-35,-7x=-35,NEG_TIMES_NEG,direct,synthetic
511,T12,(-5)(-5x)=175,x=172/25,ARITHMETIC_SLIP,combined,synthetic
512,T08,x+9=4,x=13,TRANSPOSITION,combined,synthetic
513,T12,(-9)(-9x)=-648,81x=-648,NONE,direct,synthetic
514,T13,3(x+6)+5x=98,8x=92,PARTIAL_DISTRIBUTION,combined,synthetic
515,T03,-8(x+9)=-152,-8x=-80,NONE,combined,synthetic
516,T13,4(x+3)+x=27,5x=24,PARTIAL_DISTRIBUTION,combined,synthetic
517,T09,x-10=-2,-9x=-2,UNLIKE_TERMS,direct,synthetic
518,T05,10-(x+7)=7,-x=24,TRANSPOSITION,combined,synthetic
519,T12,(-4)(-x)=-32,-4x=-32,NEG_TIMES_NEG,direct,synthetic
520,T12,(-8)(-9x)=-216,x=3,NEG_TIMES_NEG,combined,synthetic
521,T12,(-9)(-5x)=-405,x=-9,NONE,combined,synthetic
522,T06,(x+9)^2=169,x^2+18x+82=169,ARITHMETIC_SLIP,direct,synthetic
523,T03,-4(x+6)=-36,6-4x=-36,PARTIAL_DISTRIBUTION,direct,synthetic
524,T04,-(x+8)=-7,-x=-15,NEGATIVE_DISTRIBUTION,combined,synthetic
525,T04,-(x+5)=-5,x=5/6,UNLIKE_TERMS,combined,synthetic
526,T01,7(x+3)=35,7x=32,PARTIAL_DISTRIBUTION,combined,synthetic
527,T08,x+3=8,x=5,NONE,combined,synthetic
528,T07,(x-3)^2=1,x^2+9=1,SQUARE_OF_SUM,direct,synthetic
529,T10,2x+3=21,2x=21+3,TRANSPOSITION,direct,synthetic
530,T08,x+9=15,x=24,TRANSPOSITION,combined,synthetic
531,T01,4(x+5)=-4,4x=-9,PARTIAL_DISTRIBUTION,combined,synthetic
532,T04,-(x+9)=-11,x=11/10,UNLIKE_TERMS,combined,synthetic
533,T02,6(x-8)=-42,6x-48=-42,NONE,direct,synthetic
534,T12,(-6)(-2x)=84,x=28/5,ARITHMETIC_SLIP,combined,synthetic
535,T02,3(x-7)=9,3x-18=9,ARITHMETIC_SLIP,direct,synthetic
536,T05,12-(x+2)=2,12-x+2=2,NEGATIVE_DISTRIBUTION,direct,synthetic
537,T10,5x+9=24,5x=24+9,TRANSPOSITION,direct,synthetic
538,T06,(x+11)^2=121,x^2+121=121,SQUARE_OF_SUM,direct,synthetic
539,T03,-2(x+2)=-4,-2x=0,NONE,combined,synthetic
540,T12,(-7)(-8x)=-168,56x=-168,NONE,direct,synthetic
541,T05,7-(x+5)=4,-x=16,TRANSPOSITION,combined,synthetic
542,T03,-5(x+2)=0,-5x=10,NONE,combined,synthetic
543,T01,6(x+2)=0,6x=-2,PARTIAL_DISTRIBUTION,combined,synthetic
544,T01,3(x+2)=9,3x+6=9,NONE,direct,synthetic
545,T05,5-(x+5)=4,5-x-5=1,ARITHMETIC_SLIP,direct,synthetic
546,T09,x-10=-1,x=-1-10,TRANSPOSITION,direct,synthetic
547,T04,-(x+7)=-16,-8x=-16,UNLIKE_TERMS,direct,synthetic
548,T05,9-(x+2)=9,9-x-2=9,NONE,direct,synthetic
549,T02,4(x-2)=32,4x=34,PARTIAL_DISTRIBUTION,combined,synthetic
550,T08,x+5=14,x=19,TRANSPOSITION,combined,synthetic
551,T12,(-4)(-x)=-32,x=8,NEG_TIMES_NEG,combined,synthetic
552,T12,(-2)(-9x)=-144,-18x=-144,NEG_TIMES_NEG,direct,synthetic
553,T12,(-2)(-3x)=-54,x=9,NEG_TIMES_NEG,combined,synthetic
554,T12,(-4)(-8x)=-128,-32x=-128,NEG_TIMES_NEG,direct,synthetic
555,T04,-(x+4)=-9,-x=-7,ARITHMETIC_SLIP,combined,synthetic
556,T08,x+6=2,x=2/7,UNLIKE_TERMS,combined,synthetic
557,T12,(-3)(-6x)=54,x=17/6,ARITHMETIC_SLIP,combined,synthetic
558,T05,11-(x+5)=10,-x=-6,NEGATIVE_DISTRIBUTION,combined,synthetic
559,T02,5(x-5)=20,5x-5=20,PARTIAL_DISTRIBUTION,direct,synthetic
560,T10,5x+8=43,x=43/13,UNLIKE_TERMS,combined,synthetic
561,T10,7x+3=-11,7x=-8,TRANSPOSITION,combined,synthetic
562,T10,9x+12=-24,9x=-24-12,NONE,direct,synthetic
563,T04,-(x+1)=-2,-x+1=-2,NEGATIVE_DISTRIBUTION,direct,synthetic
564,T09,x-3=-9,x=-12,TRANSPOSITION,combined,synthetic
565,T10,7x+7=49,14x=49,UNLIKE_TERMS,direct,synthetic
566,T13,2(x+3)+4x=42,6x=36,NONE,combined,synthetic
567,T08,x+2=5,x=5+2,TRANSPOSITION,direct,synthetic
568,T12,(-9)(-4x)=-180,36x=-180,NONE,direct,synthetic
569,T04,-(x+7)=-12,-x=-7,ARITHMETIC_SLIP,combined,synthetic
570,T05,12-(x+5)=7,-x=2,ARITHMETIC_SLIP,combined,synthetic
571,T04,-(x+7)=-13,-x=-20,NEGATIVE_DISTRIBUTION,combined,synthetic
572,T04,-(x+3)=-9,-x+3=-9,NEGATIVE_DISTRIBUTION,direct,synthetic
573,T02,8(x-6)=-64,8x=-58,PARTIAL_DISTRIBUTION,combined,synthetic
574,T08,x+7=14,x=14+7,TRANSPOSITION,direct,synthetic
575,T04,-(x+11)=-9,-x=-20,NEGATIVE_DISTRIBUTION,combined,synthetic
576,T12,(-8)(-7x)=280,x=-5,NEG_TIMES_NEG,combined,synthetic
577,T09,x-12=-12,-11x=-12,UNLIKE_TERMS,direct,synthetic
578,T05,3-(x+7)=-9,-x=1,TRANSPOSITION,combined,synthetic
579,T09,x-6=-8,x=8/5,UNLIKE_TERMS,combined,synthetic
580,T09,x-12=-2,-11x=-2,UNLIKE_TERMS,direct,synthetic
581,T12,(-5)(-4x)=-40,x=-41/20,ARITHMETIC_SLIP,combined,synthetic
582,T12,(-2)(-9x)=-108,x=-107/18,ARITHMETIC_SLIP,combined,synthetic
583,T12,(-3)(-9x)=54,27x=54,NONE,direct,synthetic
584,T10,5x+7=2,5x=-3,ARITHMETIC_SLIP,combined,synthetic
585,T10,6x+11=65,x=65/17,UNLIKE_TERMS,combined,synthetic
586,T01,5(x+9)=75,5x=66,PARTIAL_DISTRIBUTION,combined,synthetic
587,T10,9x+5=-13,9x=-18,NONE,combined,synthetic
588,T05,11-(x+9)=-2,-x=18,TRANSPOSITION,combined,synthetic
589,T12,(-2)(-9x)=-162,x=9,NEG_TIMES_NEG,combined,synthetic
590,T10,4x+9=13,5x=13-9,ARITHMETIC_SLIP,direct,synthetic
591,T10,7x+4=4,x=4/11,UNLIKE_TERMS,combined,synthetic
592,T12,(-8)(-5x)=-80,x=-81/40,ARITHMETIC_SLIP,combined,synthetic
593,T07,(x-1)^2=169,x^2+1=169,SQUARE_OF_SUM,direct,synthetic
594,T01,6(x+7)=66,6x+7=66,PARTIAL_DISTRIBUTION,direct,synthetic
595,T10,9x+5=5,x=5/14,UNLIKE_TERMS,combined,synthetic
596,T04,-(x+6)=-13,-7x=-13,UNLIKE_TERMS,direct,synthetic
597,T03,-5(x+5)=0,5-5x=0,PARTIAL_DISTRIBUTION,direct,synthetic
598,T01,7(x+6)=98,7x=92,PARTIAL_DISTRIBUTION,combined,synthetic
599,T09,x-1=7,x=7+1,NONE,direct,synthetic
600,T04,-(x+6)=-9,-7x=-9,UNLIKE_TERMS,direct,synthetic
601,T10,5x+4=54,6x=54-4,ARITHMETIC_SLIP,direct,synthetic
602,T12,(-9)(-7x)=-441,x=-440/63,ARITHMETIC_SLIP,combined,synthetic
603,T03,-5(x+8)=-75,-5x-37=-75,ARITHMETIC_SLIP,direct,synthetic
604,T02,2(x-5)=8,2x=13,PARTIAL_DISTRIBUTION,combined,synthetic
605,T02,8(x-1)=24,10x-8=24,ARITHMETIC_SLIP,direct,synthetic
606,T13,4(x+6)+3x=87,7x+6=87,PARTIAL_DISTRIBUTION,direct,synthetic
607,T12,(-7)(-8x)=-504,x=-9,NONE,combined,synthetic
608,T10,8x+2=26,10x=26,UNLIKE_TERMS,direct,synthetic
609,T13,5(x+2)+x=4,6x+2=4,PARTIAL_DISTRIBUTION,direct,synthetic
610,T12,(-7)(-5x)=280,37x=280,ARITHMETIC_SLIP,direct,synthetic
611,T05,5-(x+6)=-3,-(x+6)=-3+5,TRANSPOSITION,direct,synthetic
612,T06,(x+7)^2=36,x^2+49=36,SQUARE_OF_SUM,direct,synthetic
613,T11,12=x+9,-x=-5,ARITHMETIC_SLIP,combined,synthetic
614,T10,6x+3=51,6x=54,TRANSPOSITION,combined,synthetic
615,T12,(-4)(-5x)=-100,x=-5,NONE,combined,synthetic
616,T01,6(x+9)=42,6x+55=42,ARITHMETIC_SLIP,direct,synthetic
617,T10,3x+8=-7,11x=-7,UNLIKE_TERMS,direct,synthetic
618,T09,x-7=-3,-6x=-3,UNLIKE_TERMS,direct,synthetic
619,T13,4(x+1)+4x=76,8x=72,NONE,combined,synthetic
620,T04,-(x+9)=-15,x=3/2,UNLIKE_TERMS,combined,synthetic
621,T04,-(x+4)=-10,-x=-3,ARITHMETIC_SLIP,combined,synthetic
622,T01,5(x+1)=5,5x=0,NONE,combined,synthetic
623,T04,-(x+1)=-8,-2x=-8,UNLIKE_TERMS,direct,synthetic
624,T12,(-2)(-8x)=-80,-16x=-80,NEG_TIMES_NEG,direct,synthetic
625,T02,5(x-8)=-30,5x-39=-30,ARITHMETIC_SLIP,direct,synthetic
626,T12,(-6)(-4x)=216,-24x=216,NEG_TIMES_NEG,direct,synthetic
627,T08,x+4=-2,5x=-2,UNLIKE_TERMS,direct,synthetic
628,T05,6-(x+8)=3,-x=5,NONE,combined,synthetic
629,T10,3x+12=33,15x=33,UNLIKE_TERMS,direct,synthetic
630,T05,7-(x+1)=8,-x=0,NEGATIVE_DISTRIBUTION,combined,synthetic
631,T01,3(x+3)=-9,3x=-12,PARTIAL_DISTRIBUTION,combined,synthetic
632,T05,4-(x+4)=-1,4-x+4=-1,NEGATIVE_DISTRIBUTION,direct,synthetic
633,T12,(-5)(-5x)=-25,x=1,NEG_TIMES_NEG,combined,synthetic
634,T07,(x-9)^2=169,x^2-21x+81=169,ARITHMETIC_SLIP,direct,synthetic
635,T08,x+2=6,3x=6,UNLIKE_TERMS,direct,synthetic
636,T08,x+11=12,x=-1,ARITHMETIC_SLIP,combined,synthetic
637,T06,(x+11)^2=361,x^2+121=361,SQUARE_OF_SUM,direct,synthetic
638,T10,8x+7=-33,8x=-33+7,TRANSPOSITION,direct,synthetic
639,T12,(-3)(-8x)=192,x=-8,NEG_TIMES_NEG,combined,synthetic
640,T04,-(x+4)=1,-x=-3,NEGATIVE_DISTRIBUTION,combined,synthetic
641,T07,(x-6)^2=25,x^2-14x+36=25,ARITHMETIC_SLIP,direct,synthetic
642,T12,(-2)(-5x)=90,-10x=90,NEG_TIMES_NEG,direct,synthetic
643,T04,-(x+11)=-10,-x=-21,NEGATIVE_DISTRIBUTION,combined,synthetic
644,T12,(-8)(-5x)=80,x=79/40,ARITHMETIC_SLIP,combined,synthetic
645,T12,(-5)(-8x)=-240,37x=-240,ARITHMETIC_SLIP,direct,synthetic
646,T08,x+1=7,x=7-1,NONE,direct,synthetic
647,T10,9x+6=69,9x=69-6,NONE,direct,synthetic
648,T11,9=x+7,-x=-5,ARITHMETIC_SLIP,combined,synthetic
649,T06,(x+6)^2=225,x^2+36=225,SQUARE_OF_SUM,direct,synthetic
650,T12,(-6)(-4x)=-192,x=8,NEG_TIMES_NEG,combined,synthetic
651,T01,6(x+3)=48,6x=45,PARTIAL_DISTRIBUTION,combined,synthetic
652,T09,x-6=-11,x=-7,ARITHMETIC_SLIP,combined,synthetic
653,T12,(-9)(-6x)=270,-54x=270,NEG_TIMES_NEG,direct,synthetic
654,T12,(-3)(-x)=15,-3x=15,NEG_TIMES_NEG,direct,synthetic
655,T07,(x-3)^2=64,x^2+9=64,SQUARE_OF_SUM,direct,synthetic
656,T05,10-(x+2)=14,10-x+2=14,NEGATIVE_DISTRIBUTION,direct,synthetic
657,T04,-(x+10)=-16,-x+10=-16,NEGATIVE_DISTRIBUTION,direct,synthetic
658,T05,12-(x+3)=15,12-x+3=15,NEGATIVE_DISTRIBUTION,direct,synthetic
659,T12,(-9)(-3x)=-27,-27x=-27,NEG_TIMES_NEG,direct,synthetic
660,T12,(-8)(-5x)=80,40x=79,ARITHMETIC_SLIP,direct,synthetic
661,T03,-7(x+7)=-7,7-7x=-7,PARTIAL_DISTRIBUTION,direct,synthetic
662,T04,-(x+6)=-6,-x=-12,NEGATIVE_DISTRIBUTION,combined,synthetic
663,T12,(-4)(-6x)=-168,x=7,NEG_TIMES_NEG,combined,synthetic
664,T08,x+10=7,x=7+10,TRANSPOSITION,direct,synthetic
665,T08,x+2=-4,x=-7,ARITHMETIC_SLIP,combined,synthetic
666,T12,(-4)(-x)=12,4x=13,ARITHMETIC_SLIP,direct,synthetic
667,T12,(-7)(-5x)=-245,-35x=-245,NEG_TIMES_NEG,direct,synthetic
668,T08,x+11=18,x=29,TRANSPOSITION,combined,synthetic
669,T01,3(x+7)=27,3x+21=27,NONE,direct,synthetic
670,T12,(-6)(-3x)=162,-18x=162,NEG_TIMES_NEG,direct,synthetic
671,T06,(x+3)^2=169,x^2+4x+9=169,ARITHMETIC_SLIP,direct,synthetic
672,T03,-4(x+7)=-36,-4x=-43,PARTIAL_DISTRIBUTION,combined,synthetic
673,T02,7(x-4)=-56,7x-4=-56,PARTIAL_DISTRIBUTION,direct,synthetic
674,T08,x+2=11,x=11+2,TRANSPOSITION,direct,synthetic
675,T04,-(x+12)=-8,-13x=-8,UNLIKE_TERMS,direct,synthetic
676,T10,8x+11=-29,8x=-29+11,TRANSPOSITION,direct,synthetic
677,T11,7=x+9,-x=2,NONE,combined,synthetic
678,T10,5x+9=-21,x=-3/2,UNLIKE_TERMS,combined,synthetic
679,T11,11=x+7,11-7=x,NONE,direct,synthetic
680,T05,10-(x+7)=2,10-x+7=2,NEGATIVE_DISTRIBUTION,direct,synthetic
681,T05,6-(x+7)=-10,-(x+7)=-10+6,TRANSPOSITION,direct,synthetic
682,T03,-2(x+4)=-14,-2x=-18,PARTIAL_DISTRIBUTION,combined,synthetic
683,T03,-6(x+6)=-42,-6x=-48,PARTIAL_DISTRIBUTION,combined,synthetic
684,T04,-(x+5)=-3,-x+5=-3,NEGATIVE_DISTRIBUTION,direct,synthetic
685,T12,(-2)(-x)=8,x=9/2,ARITHMETIC_SLIP,combined,synthetic
686,T09,x-8=-5,x=3,NONE,combined,synthetic
687,T12,(-3)(-9x)=-135,x=5,NEG_TIMES_NEG,combined,synthetic
688,T01,9(x+8)=18,9x=10,PARTIAL_DISTRIBUTION,combined,synthetic
689,T04,-(x+7)=-7,-x=-14,NEGATIVE_DISTRIBUTION,combined,synthetic
690,T02,5(x-9)=-55,5x=-46,PARTIAL_DISTRIBUTION,combined,synthetic
691,T04,-(x+10)=-13,-x=-23,NEGATIVE_DISTRIBUTION,combined,synthetic
692,T12,(-8)(-4x)=96,32x=98,ARITHMETIC_SLIP,direct,synthetic
693,T03,-2(x+2)=-4,2-2x=-4,PARTIAL_DISTRIBUTION,direct,synthetic
694,T06,(x+7)^2=484,x^2+49=484,SQUARE_OF_SUM,direct,synthetic
695,T07,(x-9)^2=4,x^2+81=4,SQUARE_OF_SUM,direct,synthetic
696,T04,-(x+11)=-10,-x+11=-10,NEGATIVE_DISTRIBUTION,direct,synthetic
697,T12,(-2)(-8x)=-128,x=8,NEG_TIMES_NEG,combined,synthetic
698,T06,(x+6)^2=100,x^2+36=100,SQUARE_OF_SUM,direct,synthetic
699,T03,-7(x+5)=-49,5-7x=-49,PARTIAL_DISTRIBUTION,direct,synthetic
700,T06,(x+6)^2=144,x^2+36=144,SQUARE_OF_SUM,direct,synthetic
701,T12,(-7)(-4x)=224,-28x=224,NEG_TIMES_NEG,direct,synthetic
702,T13,4(x+1)+3x=46,7x+1=46,PARTIAL_DISTRIBUTION,direct,synthetic
703,T13,3(x+4)+5x=12,8x+4=12,PARTIAL_DISTRIBUTION,direct,synthetic
704,T13,6(x+5)+x=51,7x+5=51,PARTIAL_DISTRIBUTION,direct,synthetic
705,T13,2(x+2)+5x=18,7x=14,NONE,combined,synthetic
706,T05,8-(x+2)=9,-(x+2)=9+8,TRANSPOSITION,direct,synthetic
707,T04,-(x+1)=-10,-x+1=-10,NEGATIVE_DISTRIBUTION,direct,synthetic
708,T12,(-2)(-8x)=32,-16x=32,NEG_TIMES_NEG,direct,synthetic
709,T13,6(x+4)+2x=16,6x+24+2x=16,NONE,direct,synthetic
710,T10,2x+10=26,2x=26+10,TRANSPOSITION,direct,synthetic
711,T03,-5(x+1)=-50,1-5x=-50,PARTIAL_DISTRIBUTION,direct,synthetic
712,T05,4-(x+3)=-3,4-x+3=-3,NEGATIVE_DISTRIBUTION,direct,synthetic
713,T10,9x+6=33,9x=39,TRANSPOSITION,combined,synthetic
714,T12,(-3)(-5x)=135,x=-9,NEG_TIMES_NEG,combined,synthetic
715,T13,5(x+3)+3x=71,5x+15+3x=71,NONE,direct,synthetic
716,T12,(-3)(-4x)=-60,x=5,NEG_TIMES_NEG,combined,synthetic
717,T13,4(x+6)+5x=-12,9x=-18,PARTIAL_DISTRIBUTION,combined,synthetic
718,T10,4x+9=45,13x=45,UNLIKE_TERMS,direct,synthetic
719,T05,12-(x+2)=2,-x=-12,NEGATIVE_DISTRIBUTION,combined,synthetic
720,T02,9(x-2)=-45,9x-2=-45,PARTIAL_DISTRIBUTION,direct,synthetic
721,T08,x+7=3,8x=3,UNLIKE_TERMS,direct,synthetic
722,T12,(-4)(-4x)=48,-16x=48,NEG_TIMES_NEG,direct,synthetic
723,T09,x-8=-3,x=-3+8,NONE,direct,synthetic
724,T13,5(x+4)+4x=83,9x=79,PARTIAL_DISTRIBUTION,combined,synthetic
725,T12,(-2)(-4x)=56,x=-7,NEG_TIMES_NEG,combined,synthetic
726,T03,-2(x+9)=-34,-2x=-43,PARTIAL_DISTRIBUTION,combined,synthetic
727,T10,6x+4=-2,x=-1/5,UNLIKE_TERMS,combined,synthetic
728,T12,(-2)(-8x)=-112,x=7,NEG_TIMES_NEG,combined,synthetic
729,T09,x-12=-14,x=-26,TRANSPOSITION,combined,synthetic
730,T09,x-1=-4,0=-4,UNLIKE_TERMS,direct,synthetic
731,T12,(-3)(-6x)=54,x=3,NONE,combined,synthetic
732,T12,(-2)(-9x)=162,x=-9,NEG_TIMES_NEG,combined,synthetic
733,T04,-(x+12)=-19,-x-12=-22,ARITHMETIC_SLIP,direct,synthetic
734,T12,(-2)(-5x)=60,12x=60,ARITHMETIC_SLIP,direct,synthetic
735,T13,2(x+2)+x=10,3x=8,PARTIAL_DISTRIBUTION,combined,synthetic
736,T11,19=x+10,22-10=x,ARITHMETIC_SLIP,direct,synthetic
737,T03,-9(x+2)=-63,-9x=-65,PARTIAL_DISTRIBUTION,combined,synthetic
738,T07,(x-5)^2=81,x^2+25=81,SQUARE_OF_SUM,direct,synthetic
739,T12,(-8)(-9x)=72,-72x=72,NEG_TIMES_NEG,direct,synthetic
740,T08,x+5=15,x=5/2,UNLIKE_TERMS,combined,synthetic
741,T07,(x-7)^2=64,x^2-14x+49=64,NONE,direct,synthetic
742,T05,7-(x+2)=-5,7-x+2=-5,NEGATIVE_DISTRIBUTION,direct,synthetic
743,T02,3(x-3)=3,3x-9=3,NONE,direct,synthetic
744,T12,(-3)(-8x)=192,-24x=192,NEG_TIMES_NEG,direct,synthetic
745,T12,(-2)(-8x)=-128,-16x=-128,NEG_TIMES_NEG,direct,synthetic
746,T06,(x+8)^2=529,x^2+64=529,SQUARE_OF_SUM,direct,synthetic
747,T09,x-4=-6,x=1,ARITHMETIC_SLIP,combined,synthetic
748,T03,-8(x+6)=-104,6-8x=-104,PARTIAL_DISTRIBUTION,direct,synthetic
749,T12,(-5)(-2x)=40,-10x=40,NEG_TIMES_NEG,direct,synthetic
750,T10,6x+11=65,6x=76,TRANSPOSITION,combined,synthetic
751,T08,x+4=-2,x=2,TRANSPOSITION,combined,synthetic
752,T07,(x-2)^2=49,x^2+4=49,SQUARE_OF_SUM,direct,synthetic
753,T09,x-7=2,-6x=2,UNLIKE_TERMS,direct,synthetic
754,T02,9(x-6)=-18,9x-6=-18,PARTIAL_DISTRIBUTION,direct,synthetic
755,T01,9(x+7)=18,9x+7=18,PARTIAL_DISTRIBUTION,direct,synthetic
756,T01,5(x+6)=30,5x=24,PARTIAL_DISTRIBUTION,combined,synthetic
757,T09,x-6=-2,x=-8,TRANSPOSITION,combined,synthetic
758,T10,8x+8=56,8x=56-8,NONE,direct,synthetic
759,T05,5-(x+5)=-5,-x=-15,NEGATIVE_DISTRIBUTION,combined,synthetic
760,T11,7=x+4,7-6=x,ARITHMETIC_SLIP,direct,synthetic
761,T05,11-(x+5)=1,-(x+5)=1+11,TRANSPOSITION,direct,synthetic
762,T13,6(x+3)+3x=108,9x+3=108,PARTIAL_DISTRIBUTION,direct,synthetic
763,T07,(x-12)^2=169,x^2-22x+144=169,ARITHMETIC_SLIP,direct,synthetic
764,T08,x+11=10,x=5/6,UNLIKE_TERMS,combined,synthetic
765,T08,x+2=9,3x=9,UNLIKE_TERMS,direct,synthetic
766,T13,2(x+1)+4x=2,2x+2+4x=2,NONE,direct,synthetic
767,T09,x-6=-2,x=-2-6,TRANSPOSITION,direct,synthetic
768,T09,x-8=-8,x=-16,TRANSPOSITION,combined,synthetic
769,T10,9x+5=-4,x=-2/7,UNLIKE_TERMS,combined,synthetic
770,T12,(-6)(-4x)=-96,x=4,NEG_TIMES_NEG,combined,synthetic
771,T06,(x+6)^2=9,x^2+36=9,SQUARE_OF_SUM,direct,synthetic
772,T13,6(x+3)+4x=-2,10x+3=-2,PARTIAL_DISTRIBUTION,direct,synthetic
773,T09,x-12=-14,x=-14+10,ARITHMETIC_SLIP,direct,synthetic
774,T12,(-3)(-8x)=-48,-24x=-48,NEG_TIMES_NEG,direct,synthetic
775,T12,(-5)(-3x)=135,x=9,NONE,combined,synthetic
776,T09,x-9=-2,-8x=-2,UNLIKE_TERMS,direct,synthetic
777,T12,(-7)(-2x)=-70,x=-5,NONE,combined,synthetic
778,T12,(-5)(-x)=45,x=-9,NEG_TIMES_NEG,combined,synthetic
779,T03,-7(x+5)=-49,-7x=-54,PARTIAL_DISTRIBUTION,combined,synthetic
780,T10,9x+6=69,x=23/5,UNLIKE_TERMS,combined,synthetic
781,T12,(-2)(-5x)=60,x=29/5,ARITHMETIC_SLIP,combined,synthetic
782,T02,4(x-6)=-8,4x-6=-8,PARTIAL_DISTRIBUTION,direct,synthetic
783,T12,(-8)(-2x)=-48,x=3,NEG_TIMES_NEG,combined,synthetic
784,T05,9-(x+4)=5,-x=-8,NEGATIVE_DISTRIBUTION,combined,synthetic
785,T09,x-9=-10,x=-10-9,TRANSPOSITION,direct,synthetic
786,T10,8x+4=76,8x=76+4,TRANSPOSITION,direct,synthetic
787,T09,x-1=7,x=5+1,ARITHMETIC_SLIP,direct,synthetic
788,T10,5x+10=55,5x=55+10,TRANSPOSITION,direct,synthetic
789,T06,(x+1)^2=100,x^2+1=100,SQUARE_OF_SUM,direct,synthetic
790,T12,(-6)(-4x)=192,x=-8,NEG_TIMES_NEG,combined,synthetic
791,T12,(-7)(-2x)=14,x=11/14,ARITHMETIC_SLIP,combined,synthetic
792,T12,(-3)(-4x)=60,-12x=60,NEG_TIMES_NEG,direct,synthetic
793,T05,9-(x+8)=7,-(x+8)=7+9,TRANSPOSITION,direct,synthetic
794,T10,6x+3=9,6x=12,TRANSPOSITION,combined,synthetic
795,T06,(x+5)^2=0,x^2+25=0,SQUARE_OF_SUM,direct,synthetic
796,T05,12-(x+4)=13,-(x+4)=13+12,TRANSPOSITION,direct,synthetic
797,T12,(-6)(-9x)=-216,54x=-219,ARITHMETIC_SLIP,direct,synthetic
798,T08,x+4=1,x=1-4,NONE,direct,synthetic
799,T12,(-9)(-3x)=27,-27x=27,NEG_TIMES_NEG,direct,synthetic
800,T05,11-(x+1)=7,-x=-3,NONE,combined,synthetic
801,T05,11-(x+8)=-2,-(x+8)=-2+11,TRANSPOSITION,direct,synthetic
802,T05,10-(x+3)=8,-x=-5,NEGATIVE_DISTRIBUTION,combined,synthetic
803,T08,x+4=11,x=11-4,NONE,direct,synthetic
804,T06,(x+4)^2=121,x^2+16=121,SQUARE_OF_SUM,direct,synthetic
805,T04,-(x+2)=0,-x+2=0,NEGATIVE_DISTRIBUTION,direct,synthetic
806,T10,2x+2=2,2x=4,TRANSPOSITION,combined,synthetic
807,T06,(x+10)^2=289,x^2+100=289,SQUARE_OF_SUM,direct,synthetic
808,T12,(-8)(-2x)=48,x=-3,NEG_TIMES_NEG,combined,synthetic
809,T02,8(x-6)=-64,8x-6=-64,PARTIAL_DISTRIBUTION,direct,synthetic
810,T13,6(x+2)+x=-9,7x=-21,NONE,combined,synthetic
811,T06,(x+10)^2=36,x^2+20x+100=36,NONE,direct,synthetic
812,T08,x+5=6,x=11,TRANSPOSITION,combined,synthetic
813,T09,x-10=-12,x=-2,NONE,combined,synthetic
814,T04,-(x+4)=-14,x=14/5,UNLIKE_TERMS,combined,synthetic
815,T05,7-(x+5)=-8,-x=4,TRANSPOSITION,combined,synthetic
816,T13,6(x+4)+2x=8,8x=4,PARTIAL_DISTRIBUTION,combined,synthetic
817,T13,6(x+3)+4x=-2,10x=-5,PARTIAL_DISTRIBUTION,combined,synthetic
818,T12,(-4)(-3x)=84,x=-7,NEG_TIMES_NEG,combined,synthetic
819,T06,(x+3)^2=256,x^2+8x+9=256,ARITHMETIC_SLIP,direct,synthetic
820,T12,(-9)(-7x)=126,x=127/63,ARITHMETIC_SLIP,combined,synthetic
821,T09,x-6=-4,x=2,NONE,combined,synthetic
822,T08,x+10=9,x=9+10,TRANSPOSITION,direct,synthetic
823,T05,10-(x+1)=2,10-x+1=2,NEGATIVE_DISTRIBUTION,direct,synthetic
824,T10,7x+12=47,7x=35,NONE,combined,synthetic
825,T13,4(x+6)+5x=105,9x+6=105,PARTIAL_DISTRIBUTION,direct,synthetic
826,T08,x+2=6,x=6+2,TRANSPOSITION,direct,synthetic
827,T05,10-(x+3)=0,-x=-7,NONE,combined,synthetic
828,T12,(-6)(-6x)=-144,x=4,NEG_TIMES_NEG,combined,synthetic
829,T04,-(x+4)=-14,-x-7=-14,ARITHMETIC_SLIP,direct,synthetic
830,T09,x-2=6,x=4,TRANSPOSITION,combined,synthetic
831,T12,(-4)(-8x)=32,x=-1,NEG_TIMES_NEG,combined,synthetic
832,T12,(-6)(-4x)=-120,24x=-118,ARITHMETIC_SLIP,direct,synthetic
833,T01,4(x+5)=-4,4x+5=-4,PARTIAL_DISTRIBUTION,direct,synthetic
834,T07,(x-12)^2=36,x^2+144=36,SQUARE_OF_SUM,direct,synthetic
835,T12,(-9)(-6x)=216,x=-4,NEG_TIMES_NEG,combined,synthetic
836,T10,5x+3=3,x=3/8,UNLIKE_TERMS,combined,synthetic
837,T04,-(x+6)=-2,-x+6=-2,NEGATIVE_DISTRIBUTION,direct,synthetic
838,T10,3x+7=-8,3x=-8+7,TRANSPOSITION,direct,synthetic
839,T04,-(x+3)=-11,-4x=-11,UNLIKE_TERMS,direct,synthetic
840,T01,5(x+7)=40,5x+7=40,PARTIAL_DISTRIBUTION,direct,synthetic
841,T06,(x+5)^2=36,x^2+25=36,SQUARE_OF_SUM,direct,synthetic
842,T03,-7(x+5)=-35,-7x=-40,PARTIAL_DISTRIBUTION,combined,synthetic
843,T07,(x-1)^2=4,x^2+1=4,SQUARE_OF_SUM,direct,synthetic
844,T08,x+12=19,x=31,TRANSPOSITION,combined,synthetic
845,T13,5(x+3)+4x=51,9x+3=51,PARTIAL_DISTRIBUTION,direct,synthetic
846,T02,5(x-7)=-5,5x=2,PARTIAL_DISTRIBUTION,combined,synthetic
847,T02,5(x-7)=-40,5x=-33,PARTIAL_DISTRIBUTION,combined,synthetic
848,T02,7(x-2)=0,7x=16,ARITHMETIC_SLIP,combined,synthetic
849,T07,(x-2)^2=25,x^2+4=25,SQUARE_OF_SUM,direct,synthetic
850,T04,-(x+2)=4,-x=2,NEGATIVE_DISTRIBUTION,combined,synthetic
851,T13,6(x+5)+5x=-3,11x+5=-3,PARTIAL_DISTRIBUTION,direct,synthetic
852,T09,x-1=6,x=5,TRANSPOSITION,combined,synthetic
853,T12,(-9)(-4x)=72,x=-2,NEG_TIMES_NEG,combined,synthetic
854,T02,6(x-4)=18,6x-4=18,PARTIAL_DISTRIBUTION,direct,synthetic
855,T12,(-9)(-6x)=-108,-54x=-108,NEG_TIMES_NEG,direct,synthetic
856,T12,(-7)(-3x)=-168,-21x=-168,NEG_TIMES_NEG,direct,synthetic
857,T12,(-9)(-6x)=-324,-54x=-324,NEG_TIMES_NEG,direct,synthetic
858,T05,5-(x+5)=-5,5-x+5=-5,NEGATIVE_DISTRIBUTION,direct,synthetic
859,T05,2-(x+3)=2,-x=-3,NEGATIVE_DISTRIBUTION,combined,synthetic
860,T08,x+3=-1,x=2,TRANSPOSITION,combined,synthetic
861,T12,(-8)(-5x)=280,-40x=280,NEG_TIMES_NEG,direct,synthetic
862,T10,4x+6=2,4x=2-6,NONE,direct,synthetic
863,T05,12-(x+8)=0,-(x+8)=0+12,TRANSPOSITION,direct,synthetic
864,T02,8(x-2)=40,8x=42,PARTIAL_DISTRIBUTION,combined,synthetic
865,T06,(x+7)^2=361,x^2+49=361,SQUARE_OF_SUM,direct,synthetic
866,T04,-(x+1)=-8,-x+1=-8,NEGATIVE_DISTRIBUTION,direct,synthetic
867,T01,6(x+1)=54,6x=45,ARITHMETIC_SLIP,combined,synthetic
868,T07,(x-8)^2=36,x^2+64=36,SQUARE_OF_SUM,direct,synthetic
869,T13,5(x+5)+5x=65,10x=60,PARTIAL_DISTRIBUTION,combined,synthetic
870,T04,-(x+5)=-5,-x-8=-5,ARITHMETIC_SLIP,direct,synthetic
871,T10,6x+11=29,6x=21,ARITHMETIC_SLIP,combined,synthetic
872,T12,(-9)(-x)=27,9x=27,NONE,direct,synthetic
873,T01,9(x+3)=108,9x+27=108,NONE,direct,synthetic
874,T02,8(x-5)=-80,8x-5=-80,PARTIAL_DISTRIBUTION,direct,synthetic
875,T10,8x+4=76,8x=80,TRANSPOSITION,combined,synthetic
876,T12,(-2)(-x)=8,-2x=8,NEG_TIMES_NEG,direct,synthetic
877,T01,8(x+6)=0,8x=-48,NONE,combined,synthetic
878,T05,10-(x+3)=11,10-x+3=11,NEGATIVE_DISTRIBUTION,direct,synthetic
879,T04,-(x+8)=-6,-x+8=-6,NEGATIVE_DISTRIBUTION,direct,synthetic
880,T12,(-5)(-8x)=120,x=3,NONE,combined,synthetic
881,T05,10-(x+5)=6,10-x-5=6,NONE,direct,synthetic
882,T01,9(x+9)=63,9x+9=63,PARTIAL_DISTRIBUTION,direct,synthetic
883,T03,-6(x+2)=0,-6x=-2,PARTIAL_DISTRIBUTION,combined,synthetic
884,T12,(-3)(-9x)=-135,x=-135/29,ARITHMETIC_SLIP,combined,synthetic
885,T05,5-(x+6)=-8,-(x+6)=-8+5,TRANSPOSITION,direct,synthetic
886,T06,(x+3)^2=9,x^2+9=9,SQUARE_OF_SUM,direct,synthetic
887,T12,(-3)(-x)=18,x=-6,NEG_TIMES_NEG,combined,synthetic
888,T05,11-(x+3)=1,-x=15,TRANSPOSITION,combined,synthetic
889,T08,x+6=9,7x=9,UNLIKE_TERMS,direct,synthetic
890,T06,(x+8)^2=36,x^2+64=36,SQUARE_OF_SUM,direct,synthetic
891,T10,8x+8=56,8x=64,TRANSPOSITION,combined,synthetic
892,T02,5(x-9)=-40,5x=6,ARITHMETIC_SLIP,combined,synthetic
893,T05,2-(x+2)=-7,-(x+2)=-7+2,TRANSPOSITION,direct,synthetic
894,T04,-(x+9)=-3,x=3/10,UNLIKE_TERMS,combined,synthetic
895,T02,6(x-3)=-36,6x-3=-36,PARTIAL_DISTRIBUTION,direct,synthetic
896,T03,-5(x+6)=-65,-5x-30=-65,NONE,direct,synthetic
897,T08,x+8=6,x=2/3,UNLIKE_TERMS,combined,synthetic
898,T01,7(x+3)=0,6x=-21,ARITHMETIC_SLIP,combined,synthetic
899,T12,(-9)(-3x)=-81,-27x=-81,NEG_TIMES_NEG,direct,synthetic
900,T09,x-3=-3,x=-3-3,TRANSPOSITION,direct,synthetic
901,T06,(x+1)^2=36,x^2+1=36,SQUARE_OF_SUM,direct,synthetic
902,T09,x-11=-4,x=-4-11,TRANSPOSITION,direct,synthetic
903,T07,(x-10)^2=169,x^2+100=169,SQUARE_OF_SUM,direct,synthetic
904,T12,(-4)(-6x)=-168,-24x=-168,NEG_TIMES_NEG,direct,synthetic
905,T10,4x+1=29,5x=29,UNLIKE_TERMS,direct,synthetic
906,T10,6x+3=-3,9x=-3,UNLIKE_TERMS,direct,synthetic
907,T10,6x+4=-2,6x=-2+4,TRANSPOSITION,direct,synthetic
908,T10,3x+2=23,3x=25,TRANSPOSITION,combined,synthetic
909,T09,x-11=-7,x=-7+11,NONE,direct,synthetic
910,T06,(x+9)^2=484,x^2+81=484,SQUARE_OF_SUM,direct,synthetic
911,T11,5=x+8,-x=3,NONE,combined,synthetic
912,T06,(x+9)^2=144,x^2+18x+81=145,ARITHMETIC_SLIP,direct,synthetic
913,T10,9x+4=-14,9x=-10,TRANSPOSITION,combined,synthetic
914,T04,-(x+10)=-20,-x+10=-20,NEGATIVE_DISTRIBUTION,direct,synthetic
915,T05,9-(x+7)=-1,-x=-17,NEGATIVE_DISTRIBUTION,combined,synthetic
916,T05,11-(x+3)=1,11-x+3=1,NEGATIVE_DISTRIBUTION,direct,synthetic
917,T13,3(x+4)+x=-12,3x+12+x=-11,ARITHMETIC_SLIP,direct,synthetic
918,T12,(-2)(-8x)=-64,-16x=-64,NEG_TIMES_NEG,direct,synthetic
919,T05,11-(x+7)=8,-x=-10,NEGATIVE_DISTRIBUTION,combined,synthetic
920,T12,(-4)(-6x)=-72,-24x=-72,NEG_TIMES_NEG,direct,synthetic
921,T10,5x+12=52,17x=52,UNLIKE_TERMS,direct,synthetic
922,T03,-2(x+4)=-14,4-2x=-14,PARTIAL_DISTRIBUTION,direct,synthetic
923,T03,-3(x+7)=-51,-3x=-58,PARTIAL_DISTRIBUTION,combined,synthetic
924,T07,(x-11)^2=256,x^2+121=256,SQUARE_OF_SUM,direct,synthetic
925,T12,(-2)(-4x)=24,-8x=24,NEG_TIMES_NEG,direct,synthetic
926,T05,10-(x+5)=6,-x=3,ARITHMETIC_SLIP,combined,synthetic
927,T03,-7(x+4)=14,-7x=42,NONE,combined,synthetic
928,T12,(-8)(-8x)=-384,61x=-384,ARITHMETIC_SLIP,direct,synthetic
929,T07,(x-9)^2=121,x^2-18x+81=122,ARITHMETIC_SLIP,direct,synthetic
930,T04,-(x+12)=-6,x=6/13,UNLIKE_TERMS,combined,synthetic
931,T12,(-6)(-2x)=12,-12x=12,NEG_TIMES_NEG,direct,synthetic
932,T04,-(x+2)=0,-x=2,NONE,combined,synthetic
933,T13,6(x+6)+5x=69,11x+6=69,PARTIAL_DISTRIBUTION,direct,synthetic
934,T10,5x+6=46,5x=40,NONE,combined,synthetic
935,T03,-2(x+8)=-6,-2x=10,NONE,combined,synthetic
936,T01,3(x+1)=9,3x+1=9,PARTIAL_DISTRIBUTION,direct,synthetic
937,T12,(-6)(-4x)=-72,24x=-72,NONE,direct,synthetic
938,T03,-9(x+4)=-108,-7x=-72,ARITHMETIC_SLIP,combined,synthetic
939,T13,3(x+1)+5x=51,8x+1=51,PARTIAL_DISTRIBUTION,direct,synthetic
940,T02,8(x-6)=-24,8x-6=-24,PARTIAL_DISTRIBUTION,direct,synthetic
941,T12,(-3)(-8x)=168,24x=166,ARITHMETIC_SLIP,direct,synthetic
942,T05,6-(x+9)=-9,6-x+9=-9,NEGATIVE_DISTRIBUTION,direct,synthetic
943,T12,(-8)(-x)=72,-8x=72,NEG_TIMES_NEG,direct,synthetic
944,T08,x+8=3,x=11,TRANSPOSITION,combined,synthetic
945,T12,(-9)(-5x)=45,x=-1,NEG_TIMES_NEG,combined,synthetic
946,T08,x+8=8,x=16,TRANSPOSITION,combined,synthetic
947,T13,6(x+5)+2x=6,11x=-24,ARITHMETIC_SLIP,combined,synthetic
948,T12,(-2)(-5x)=60,x=-6,NEG_TIMES_NEG,combined,synthetic
949,T03,-8(x+9)=-104,9-8x=-104,PARTIAL_DISTRIBUTION,direct,synthetic
950,T12,(-5)(-3x)=-15,18x=-15,ARITHMETIC_SLIP,direct,synthetic
951,T11,12=x+6,12-6=x,NONE,direct,synthetic
952,T12,(-4)(-3x)=-96,-12x=-96,NEG_TIMES_NEG,direct,synthetic
953,T02,5(x-9)=-40,5x-9=-40,PARTIAL_DISTRIBUTION,direct,synthetic
954,T10,5x+4=54,9x=54,UNLIKE_TERMS,direct,synthetic
955,T12,(-4)(-6x)=24,x=-1,NEG_TIMES_NEG,combined,synthetic
956,T10,6x+12=42,18x=42,UNLIKE_TERMS,direct,synthetic
957,T12,(-9)(-6x)=-54,-54x=-54,NEG_TIMES_NEG,direct,synthetic
958,T12,(-7)(-6x)=42,42x=45,ARITHMETIC_SLIP,direct,synthetic
959,T05,12-(x+4)=11,-(x+4)=11+12,TRANSPOSITION,direct,synthetic
960,T12,(-4)(-x)=28,-4x=28,NEG_TIMES_NEG,direct,synthetic
961,T08,x+11=16,12x=16,UNLIKE_TERMS,direct,synthetic
962,T07,(x-3)^2=64,x^2-9x+9=64,ARITHMETIC_SLIP,direct,synthetic
963,T02,6(x-8)=-30,6x-8=-30,PARTIAL_DISTRIBUTION,direct,synthetic
964,T04,-(x+9)=-11,-x=-2,NONE,combined,synthetic
965,T01,3(x+9)=33,3x=6,NONE,combined,synthetic
966,T12,(-8)(-2x)=128,-16x=128,NEG_TIMES_NEG,direct,synthetic
967,T11,1=x+6,1-6=x,NONE,direct,synthetic
968,T08,x+6=11,x=11+6,TRANSPOSITION,direct,synthetic
969,T03,-4(x+8)=-48,-4x=-56,PARTIAL_DISTRIBUTION,combined,synthetic
970,T02,4(x-6)=-20,4x-6=-20,PARTIAL_DISTRIBUTION,direct,synthetic
971,T12,(-5)(-6x)=150,x=-5,NEG_TIMES_NEG,combined,synthetic
972,T11,9=x+12,-x=3,NONE,combined,synthetic
973,T10,7x+8=29,x=29/15,UNLIKE_TERMS,combined,synthetic
974,T09,x-4=0,x=0-4,TRANSPOSITION,direct,synthetic
975,T05,11-(x+5)=4,-(x+5)=4+11,TRANSPOSITION,direct,synthetic
976,T12,(-3)(-8x)=72,-24x=72,NEG_TIMES_NEG,direct,synthetic
977,T10,8x+6=62,x=31/7,UNLIKE_TERMS,combined,synthetic
978,T04,-(x+2)=-6,-x+2=-6,NEGATIVE_DISTRIBUTION,direct,synthetic
979,T03,-3(x+4)=-9,-3x=1,ARITHMETIC_SLIP,combined,synthetic
980,T10,3x+12=33,3x=33+12,TRANSPOSITION,direct,synthetic
981,T10,4x+10=22,x=11/7,UNLIKE_TERMS,combined,synthetic
982,T01,7(x+4)=42,7x+4=42,PARTIAL_DISTRIBUTION,direct,synthetic
983,T03,-5(x+4)=5,-5x=1,PARTIAL_DISTRIBUTION,combined,synthetic
984,T03,-2(x+8)=-16,-2x=-24,PARTIAL_DISTRIBUTION,combined,synthetic
985,T05,10-(x+4)=7,-x=-7,NEGATIVE_DISTRIBUTION,combined,synthetic
986,T09,x-11=-3,x=5,ARITHMETIC_SLIP,combined,synthetic
987,T12,(-3)(-5x)=75,15x=75,NONE,direct,synthetic
988,T12,(-5)(-8x)=280,-40x=280,NEG_TIMES_NEG,direct,synthetic
989,T08,x+7=16,x=2,UNLIKE_TERMS,combined,synthetic
990,T05,8-(x+2)=0,-x=10,TRANSPOSITION,combined,synthetic
991,T04,-(x+11)=-6,x=1/2,UNLIKE_TERMS,combined,synthetic
992,T05,12-(x+3)=6,-x=-9,NEGATIVE_DISTRIBUTION,combined,synthetic
993,T12,(-4)(-5x)=20,-20x=20,NEG_TIMES_NEG,direct,synthetic
994,T03,-8(x+2)=0,-8x=16,NONE,combined,synthetic
995,T08,x+11=21,x=32,TRANSPOSITION,combined,synthetic
996,T04,-(x+9)=-15,-x+9=-15,NEGATIVE_DISTRIBUTION,direct,synthetic
997,T12,(-5)(-8x)=-240,x=-240/41,ARITHMETIC_SLIP,combined,synthetic
998,T05,2-(x+1)=1,-(x+1)=1+2,TRANSPOSITION,direct,synthetic
999,T10,2x+3=7,5x=7,UNLIKE_TERMS,direct,synthetic
1000,T05,2-(x+9)=-1,2-x+9=-1,NEGATIVE_DISTRIBUTION,direct,synthetic
1001,T07,(x-11)^2=25,x^2+121=25,SQUARE_OF_SUM,direct,synthetic
1002,T04,-(x+2)=1,-3x=1,UNLIKE_TERMS,direct,synthetic
1003,T12,(-8)(-x)=-72,-8x=-72,NEG_TIMES_NEG,direct,synthetic
1004,T04,-(x+4)=-1,-x+4=-1,NEGATIVE_DISTRIBUTION,direct,synthetic
1005,T02,9(x-1)=-27,9x-1=-27,PARTIAL_DISTRIBUTION,direct,synthetic
1006,T12,(-9)(-8x)=-432,-72x=-432,NEG_TIMES_NEG,direct,synthetic
1007,T09,x-12=-13,x=-13-12,TRANSPOSITION,direct,synthetic
1008,T03,-8(x+2)=-56,-8x-16=-56,NONE,direct,synthetic
1009,T06,(x+8)^2=169,x^2+16x+64=166,ARITHMETIC_SLIP,direct,synthetic
1010,T03,-9(x+5)=-27,-9x=18,NONE,combined,synthetic
1011,T10,7x+8=78,x=26/5,UNLIKE_TERMS,combined,synthetic
1012,T12,(-7)(-4x)=-28,-28x=-28,NEG_TIMES_NEG,direct,synthetic
1013,T13,5(x+5)+5x=65,10x=40,NONE,combined,synthetic
1014,T09,x-12=-17,x=17/11,UNLIKE_TERMS,combined,synthetic
1015,T05,12-(x+7)=7,-x=-12,NEGATIVE_DISTRIBUTION,combined,synthetic
1016,T01,6(x+2)=0,6x+2=0,PARTIAL_DISTRIBUTION,direct,synthetic
1017,T12,(-2)(-3x)=-54,-6x=-54,NEG_TIMES_NEG,direct,synthetic
1018,T12,(-3)(-2x)=-36,x=-9,ARITHMETIC_SLIP,combined,synthetic
1019,T05,2-(x+1)=0,-(x+1)=0+2,TRANSPOSITION,direct,synthetic
1020,T02,9(x-9)=-18,9x=-9,PARTIAL_DISTRIBUTION,combined,synthetic
1021,T05,4-(x+2)=0,-x=6,TRANSPOSITION,combined,synthetic
1022,T10,8x+10=34,8x=34+10,TRANSPOSITION,direct,synthetic
1023,T12,(-3)(-4x)=-108,12x=-106,ARITHMETIC_SLIP,direct,synthetic
1024,T10,4x+7=-5,4x=2,TRANSPOSITION,combined,synthetic
1025,T12,(-9)(-9x)=-324,x=-109/27,ARITHMETIC_SLIP,combined,synthetic
1026,T11,11=x+6,11-4=x,ARITHMETIC_SLIP,direct,synthetic
1027,T07,(x-9)^2=121,x^2-18x+82=121,ARITHMETIC_SLIP,direct,synthetic
1028,T04,-(x+12)=-18,x=18/13,UNLIKE_TERMS,combined,synthetic
1029,T13,4(x+4)+x=11,5x=-4,ARITHMETIC_SLIP,combined,synthetic
1030,T05,5-(x+8)=-4,-x=-17,NEGATIVE_DISTRIBUTION,combined,synthetic
1031,T02,6(x-6)=-66,6x=-29,ARITHMETIC_SLIP,combined,synthetic
1032,T02,6(x-5)=18,6x-5=18,PARTIAL_DISTRIBUTION,direct,synthetic
1033,T02,6(x-4)=-42,6x=-18,NONE,combined,synthetic
1034,T08,x+4=6,x=6-4,NONE,direct,synthetic
1035,T04,-(x+1)=-5,-x=-6,NEGATIVE_DISTRIBUTION,combined,synthetic
1036,T11,14=x+7,14-7=x,NONE,direct,synthetic
1037,T05,6-(x+3)=-5,6-x+3=-5,NEGATIVE_DISTRIBUTION,direct,synthetic
1038,T13,2(x+5)+5x=24,7x=19,PARTIAL_DISTRIBUTION,combined,synthetic
1039,T10,2x+3=19,2x=16,NONE,combined,synthetic
1040,T05,6-(x+5)=3,6-x+5=3,NEGATIVE_DISTRIBUTION,direct,synthetic
1041,T05,3-(x+7)=-9,3-x-7=-9,NONE,direct,synthetic
1042,T04,-(x+5)=-2,-x=-7,NEGATIVE_DISTRIBUTION,combined,synthetic
1043,T08,x+1=1,x=1/2,UNLIKE_TERMS,combined,synthetic
1044,T07,(x-11)^2=225,x^2+121=225,SQUARE_OF_SUM,direct,synthetic
1045,T10,5x+12=-3,x=-3/17,UNLIKE_TERMS,combined,synthetic
1046,T04,-(x+12)=-15,x=15/13,UNLIKE_TERMS,combined,synthetic
1047,T09,x-7=-3,x=-3+7,NONE,direct,synthetic
1048,T10,8x+1=-47,x=-47/9,UNLIKE_TERMS,combined,synthetic
1049,T12,(-7)(-9x)=315,-63x=315,NEG_TIMES_NEG,direct,synthetic
1050,T01,3(x+2)=9,3x=7,PARTIAL_DISTRIBUTION,combined,synthetic
1051,T02,5(x-7)=10,5x=17,PARTIAL_DISTRIBUTION,combined,synthetic
1052,T08,x+11=11,12x=11,UNLIKE_TERMS,direct,synthetic
1053,T12,(-4)(-7x)=-224,x=8,NEG_TIMES_NEG,combined,synthetic
1054,T01,4(x+1)=-8,4x=-12,NONE,combined,synthetic
1055,T07,(x-9)^2=0,x^2+81=0,SQUARE_OF_SUM,direct,synthetic
1056,T08,x+8=17,x=17/9,UNLIKE_TERMS,combined,synthetic
1057,T06,(x+11)^2=441,x^2+22x+121=438,ARITHMETIC_SLIP,direct,synthetic
1058,T12,(-9)(-9x)=-486,x=6,NEG_TIMES_NEG,combined,synthetic
1059,T05,6-(x+4)=-6,9-x-4=-6,ARITHMETIC_SLIP,direct,synthetic
1060,T09,x-11=-17,x=-28,TRANSPOSITION,combined,synthetic
1061,T08,x+2=7,x=9,TRANSPOSITION,combined,synthetic
1062,T06,(x+12)^2=729,x^2+144=729,SQUARE_OF_SUM,direct,synthetic
1063,T01,8(x+6)=80,8x=32,NONE,combined,synthetic
1064,T01,4(x+1)=44,4x+1=44,PARTIAL_DISTRIBUTION,direct,synthetic
1065,T09,x-6=-7,x=-7+6,NONE,direct,synthetic
1066,T09,x-4=-7,x=-11,TRANSPOSITION,combined,synthetic
1067,T01,5(x+4)=10,5x=6,PARTIAL_DISTRIBUTION,combined,synthetic
1068,T05,7-(x+6)=-6,-(x+6)=-6+7,TRANSPOSITION,direct,synthetic
1069,T05,7-(x+5)=-8,7-x+5=-8,NEGATIVE_DISTRIBUTION,direct,synthetic
1070,T04,-(x+4)=-13,-x=-17,NEGATIVE_DISTRIBUTION,combined,synthetic
1071,T12,(-9)(-8x)=-72,-72x=-72,NEG_TIMES_NEG,direct,synthetic
1072,T04,-(x+4)=-2,-x+4=-2,NEGATIVE_DISTRIBUTION,direct,synthetic
1073,T12,(-7)(-4x)=-28,x=1,NEG_TIMES_NEG,combined,synthetic
1074,T02,9(x-2)=18,9x=20,PARTIAL_DISTRIBUTION,combined,synthetic
1075,T10,2x+2=12,2x=12+2,TRANSPOSITION,direct,synthetic
1076,T02,2(x-6)=-16,2x=-4,NONE,combined,synthetic
1077,T02,9(x-6)=-90,9x-6=-90,PARTIAL_DISTRIBUTION,direct,synthetic
1078,T09,x-10=-10,x=-10-10,TRANSPOSITION,direct,synthetic
1079,T10,3x+7=16,x=8/5,UNLIKE_TERMS,combined,synthetic
1080,T08,x+11=9,x=-2,NONE,combined,synthetic
1081,T12,(-6)(-x)=54,6x=54,NONE,direct,synthetic
1082,T05,10-(x+6)=-2,-x=-18,NEGATIVE_DISTRIBUTION,combined,synthetic
1083,T07,(x-3)^2=0,x^2+9=0,SQUARE_OF_SUM,direct,synthetic
1084,T06,(x+3)^2=25,x^2+9=25,SQUARE_OF_SUM,direct,synthetic
1085,T09,x-10=-3,x=-3+8,ARITHMETIC_SLIP,direct,synthetic
1086,T02,2(x-7)=4,2x-14=4,NONE,direct,synthetic
1087,T09,x-10=-12,x=4/3,UNLIKE_TERMS,combined,synthetic
1088,T12,(-2)(-7x)=-84,x=-43/7,ARITHMETIC_SLIP,combined,synthetic
1089,T06,(x+6)^2=25,x^2+36=25,SQUARE_OF_SUM,direct,synthetic
1090,T02,4(x-6)=-12,4x-6=-12,PARTIAL_DISTRIBUTION,direct,synthetic
1091,T12,(-6)(-3x)=54,x=-3,NEG_TIMES_NEG,combined,synthetic
1092,T13,5(x+5)+x=31,6x=26,PARTIAL_DISTRIBUTION,combined,synthetic
1093,T12,(-7)(-7x)=-392,-49x=-392,NEG_TIMES_NEG,direct,synthetic
1094,T05,6-(x+9)=1,-x=-14,NEGATIVE_DISTRIBUTION,combined,synthetic
1095,T10,3x+12=9,3x=21,TRANSPOSITION,combined,synthetic
1096,T02,8(x-5)=-80,8x-40=-80,NONE,direct,synthetic
1097,T12,(-6)(-6x)=252,x=-7,NEG_TIMES_NEG,combined,synthetic
1098,T01,3(x+1)=12,3x+1=12,PARTIAL_DISTRIBUTION,direct,synthetic
1099,T12,(-4)(-6x)=24,x=8/7,ARITHMETIC_SLIP,combined,synthetic
1100,T10,2x+3=11,x=11/5,UNLIKE_TERMS,combined,synthetic
1101,T04,-(x+8)=-5,-x+8=-5,NEGATIVE_DISTRIBUTION,direct,synthetic
1102,T12,(-5)(-6x)=-150,x=5,NEG_TIMES_NEG,combined,synthetic
1103,T02,8(x-9)=-32,8x-72=-32,NONE,direct,synthetic
1104,T03,-2(x+8)=-6,-2x=-14,PARTIAL_DISTRIBUTION,combined,synthetic
1105,T02,4(x-3)=4,4x=16,NONE,combined,synthetic
1106,T12,(-8)(-8x)=512,-64x=512,NEG_TIMES_NEG,direct,synthetic
1107,T06,(x+9)^2=441,x^2+81=441,SQUARE_OF_SUM,direct,synthetic
1108,T08,x+9=8,x=8-9,NONE,direct,synthetic
1109,T06,(x+4)^2=64,x^2+16=64,SQUARE_OF_SUM,direct,synthetic
1110,T07,(x-9)^2=169,x^2+81=169,SQUARE_OF_SUM,direct,synthetic
1111,T12,(-2)(-6x)=108,12x=106,ARITHMETIC_SLIP,direct,synthetic
1112,T10,2x+8=-4,2x=-12,NONE,combined,synthetic
1113,T10,8x+1=-47,8x=-47+1,TRANSPOSITION,direct,synthetic
1114,T10,8x+4=-36,x=-3,UNLIKE_TERMS,combined,synthetic
1115,T12,(-2)(-7x)=-84,x=6,NEG_TIMES_NEG,combined,synthetic
1116,T04,-(x+12)=-19,-x+12=-19,NEGATIVE_DISTRIBUTION,direct,synthetic
1117,T04,-(x+4)=-7,-x=-3,NONE,combined,synthetic
1118,T10,3x+4=-5,7x=-5,UNLIKE_TERMS,direct,synthetic
1119,T13,6(x+6)+4x=136,10x=103,ARITHMETIC_SLIP,combined,synthetic
1120,T01,6(x+3)=72,6x+3=72,PARTIAL_DISTRIBUTION,direct,synthetic
1121,T01,8(x+2)=24,8x+2=24,PARTIAL_DISTRIBUTION,direct,synthetic
1122,T10,2x+11=19,13x=19,UNLIKE_TERMS,direct,synthetic
1123,T04,-(x+8)=-3,-x=-11,NEGATIVE_DISTRIBUTION,combined,synthetic
1124,T05,3-(x+9)=-8,-x=-20,NEGATIVE_DISTRIBUTION,combined,synthetic
1125,T04,-(x+7)=-5,x=5/8,UNLIKE_TERMS,combined,synthetic
1126,T05,3-(x+3)=6,-(x+3)=6+3,TRANSPOSITION,direct,synthetic
1127,T08,x+5=7,x=7/6,UNLIKE_TERMS,combined,synthetic
1128,T09,x-6=-3,x=-9,TRANSPOSITION,combined,synthetic
1129,T13,2(x+3)+x=-9,3x=-12,PARTIAL_DISTRIBUTION,combined,synthetic
1130,T10,4x+10=22,4x=22+10,TRANSPOSITION,direct,synthetic
1131,T02,7(x-4)=-35,7x=-31,PARTIAL_DISTRIBUTION,combined,synthetic
1132,T08,x+11=15,12x=15,UNLIKE_TERMS,direct,synthetic
1133,T13,5(x+4)+2x=62,7x=42,NONE,combined,synthetic
1134,T12,(-7)(-8x)=336,x=-6,NEG_TIMES_NEG,combined,synthetic
1135,T08,x+10=5,x=15,TRANSPOSITION,combined,synthetic
1136,T06,(x+12)^2=529,x^2+24x+144=527,ARITHMETIC_SLIP,direct,synthetic
1137,T05,11-(x+3)=2,11-x-3=2,NONE,direct,synthetic
1138,T02,5(x-8)=0,5x-8=0,PARTIAL_DISTRIBUTION,direct,synthetic
1139,T08,x+11=19,x=30,TRANSPOSITION,combined,synthetic
1140,T04,-(x+1)=1,-2x=1,UNLIKE_TERMS,direct,synthetic
1141,T07,(x-12)^2=49,x^2+144=49,SQUARE_OF_SUM,direct,synthetic
1142,T05,2-(x+1)=2,2-x+1=2,NEGATIVE_DISTRIBUTION,direct,synthetic
1143,T12,(-8)(-5x)=-120,-40x=-120,NEG_TIMES_NEG,direct,synthetic
1144,T12,(-7)(-7x)=-392,x=8,NEG_TIMES_NEG,combined,synthetic
1145,T09,x-4=6,-3x=6,UNLIKE_TERMS,direct,synthetic
1146,T13,4(x+6)+4x=-24,8x=-30,PARTIAL_DISTRIBUTION,combined,synthetic
1147,T13,3(x+1)+4x=-11,7x+1=-11,PARTIAL_DISTRIBUTION,direct,synthetic
1148,T12,(-6)(-8x)=240,x=80/17,ARITHMETIC_SLIP,combined,synthetic
1149,T13,3(x+2)+5x=86,8x=80,NONE,combined,synthetic
1150,T09,x-12=-4,-11x=-4,UNLIKE_TERMS,direct,synthetic
1151,T04,-(x+4)=-7,-x=-11,NEGATIVE_DISTRIBUTION,combined,synthetic
1152,T05,3-(x+2)=0,-(x+2)=0+3,TRANSPOSITION,direct,synthetic
1153,T12,(-8)(-5x)=-40,-40x=-40,NEG_TIMES_NEG,direct,synthetic
1154,T03,-5(x+9)=-20,-5x=-29,PARTIAL_DISTRIBUTION,combined,synthetic
1155,T06,(x+7)^2=289,x^2+17x+49=289,ARITHMETIC_SLIP,direct,synthetic
1156,T12,(-6)(-2x)=60,x=59/12,ARITHMETIC_SLIP,combined,synthetic
1157,T13,6(x+3)+x=74,7x=71,PARTIAL_DISTRIBUTION,combined,synthetic
1158,T10,8x+7=7,8x=14,TRANSPOSITION,combined,synthetic
1159,T12,(-9)(-4x)=72,-36x=72,NEG_TIMES_NEG,direct,synthetic
1160,T13,5(x+3)+4x=51,5x+15+6x=51,ARITHMETIC_SLIP,direct,synthetic
1161,T05,2-(x+2)=-7,2-x+2=-7,NEGATIVE_DISTRIBUTION,direct,synthetic
1162,T10,6x+1=7,6x=8,TRANSPOSITION,combined,synthetic
1163,T12,(-3)(-4x)=72,-12x=72,NEG_TIMES_NEG,direct,synthetic
1164,T03,-7(x+7)=-63,-7x=-70,PARTIAL_DISTRIBUTION,combined,synthetic
1165,T09,x-7=-12,x=2,UNLIKE_TERMS,combined,synthetic
1166,T12,(-3)(-2x)=-54,x=-17/2,ARITHMETIC_SLIP,combined,synthetic
1167,T05,12-(x+8)=0,-x=-20,NEGATIVE_DISTRIBUTION,combined,synthetic
1168,T12,(-8)(-x)=16,x=16/11,ARITHMETIC_SLIP,combined,synthetic
1169,T01,9(x+9)=144,9x=63,NONE,combined,synthetic
1170,T12,(-6)(-6x)=144,36x=146,ARITHMETIC_SLIP,direct,synthetic
1171,T04,-(x+6)=-8,x=8/7,UNLIKE_TERMS,combined,synthetic
1172,T05,11-(x+5)=10,11-x+5=10,NEGATIVE_DISTRIBUTION,direct,synthetic
1173,T12,(-8)(-x)=40,x=-5,NEG_TIMES_NEG,combined,synthetic
1174,T13,6(x+2)+2x=-36,8x=-38,PARTIAL_DISTRIBUTION,combined,synthetic
1175,T05,7-(x+2)=-5,-x=-14,NEGATIVE_DISTRIBUTION,combined,synthetic
1176,T12,(-2)(-2x)=16,x=4,NONE,combined,synthetic
1177,T05,3-(x+8)=-13,3-x+8=-13,NEGATIVE_DISTRIBUTION,direct,synthetic
1178,T05,11-(x+5)=-2,11-x+5=-2,NEGATIVE_DISTRIBUTION,direct,synthetic
1179,T09,x-2=3,x=3-2,TRANSPOSITION,direct,synthetic
1180,T04,-(x+8)=-15,-9x=-15,UNLIKE_TERMS,direct,synthetic
1181,T03,-6(x+4)=-36,-6x=-40,PARTIAL_DISTRIBUTION,combined,synthetic
1182,T12,(-6)(-5x)=-270,-30x=-270,NEG_TIMES_NEG,direct,synthetic
1183,T08,x+5=13,x=13/6,UNLIKE_TERMS,combined,synthetic
1184,T12,(-7)(-7x)=-147,x=-3,NONE,combined,synthetic
1185,T12,(-3)(-6x)=72,x=72/19,ARITHMETIC_SLIP,combined,synthetic
1186,T13,6(x+6)+5x=69,11x=63,PARTIAL_DISTRIBUTION,combined,synthetic
1187,T10,8x+1=-47,8x=-48,NONE,combined,synthetic
1188,T12,(-9)(-5x)=-270,-45x=-270,NEG_TIMES_NEG,direct,synthetic
1189,T10,2x+6=-6,x=-3/4,UNLIKE_TERMS,combined,synthetic
1190,T12,(-3)(-2x)=-54,x=9,NEG_TIMES_NEG,combined,synthetic
1191,T03,-2(x+3)=-26,-2x=-29,PARTIAL_DISTRIBUTION,combined,synthetic
1192,T01,3(x+1)=-15,3x=-16,PARTIAL_DISTRIBUTION,combined,synthetic
1193,T12,(-7)(-2x)=-98,-14x=-98,NEG_TIMES_NEG,direct,synthetic
1194,T09,x-2=-5,x=5,UNLIKE_TERMS,combined,synthetic
1195,T06,(x+1)^2=4,x^2+1=4,SQUARE_OF_SUM,direct,synthetic
1196,T10,3x+2=23,5x=23,UNLIKE_TERMS,direct,synthetic
1197,T12,(-3)(-x)=-24,x=-8,NONE,combined,synthetic
1198,T05,12-(x+4)=13,-x=29,TRANSPOSITION,combined,synthetic
1199,T02,4(x-8)=-12,4x-8=-12,PARTIAL_DISTRIBUTION,direct,synthetic
1200,T10,2x+8=28,x=14/5,UNLIKE_TERMS,combined,synthetic
1201,T09,x-1=4,x=4-1,TRANSPOSITION,direct,synthetic
1202,T01,9(x+4)=117,9x+4=117,PARTIAL_DISTRIBUTION,direct,synthetic
1203,T01,4(x+8)=72,4x=64,PARTIAL_DISTRIBUTION,combined,synthetic
1204,T10,8x+11=43,x=43/19,UNLIKE_TERMS,combined,synthetic
1205,T10,3x+8=-7,x=-7/11,UNLIKE_TERMS,combined,synthetic
1206,T03,-8(x+6)=-104,-8x-48=-104,NONE,direct,synthetic
1207,T07,(x-5)^2=36,x^2+25=36,SQUARE_OF_SUM,direct,synthetic
1208,T04,-(x+11)=-12,-x+11=-12,NEGATIVE_DISTRIBUTION,direct,synthetic
1209,T07,(x-1)^2=16,x^2+1=16,SQUARE_OF_SUM,direct,synthetic
1210,T12,(-3)(-4x)=48,-12x=48,NEG_TIMES_NEG,direct,synthetic
1211,T07,(x-7)^2=36,x^2-13x+49=36,ARITHMETIC_SLIP,direct,synthetic
1212,T08,x+1=-4,x=-2,UNLIKE_TERMS,combined,synthetic
1213,T01,5(x+4)=50,5x+4=50,PARTIAL_DISTRIBUTION,direct,synthetic
1214,T02,8(x-1)=24,8x-1=24,PARTIAL_DISTRIBUTION,direct,synthetic
1215,T10,3x+11=29,3x=40,TRANSPOSITION,combined,synthetic
1216,T06,(x+5)^2=64,x^2+25=64,SQUARE_OF_SUM,direct,synthetic
1217,T12,(-9)(-5x)=-405,-45x=-405,NEG_TIMES_NEG,direct,synthetic
1218,T12,(-7)(-3x)=21,21x=18,ARITHMETIC_SLIP,direct,synthetic
1219,T10,8x+7=55,x=11/3,UNLIKE_TERMS,combined,synthetic
1220,T10,8x+1=-47,9x=-47,UNLIKE_TERMS,direct,synthetic
1221,T01,5(x+7)=40,5x=33,PARTIAL_DISTRIBUTION,combined,synthetic
1222,T02,4(x-2)=32,4x=40,NONE,combined,synthetic
1223,T05,11-(x+5)=-2,-x=-18,NEGATIVE_DISTRIBUTION,combined,synthetic
1224,T05,9-(x+3)=5,-x=-7,NEGATIVE_DISTRIBUTION,combined,synthetic
1225,T05,4-(x+1)=-5,-(x+1)=-5+4,TRANSPOSITION,direct,synthetic
1226,T09,x-6=-11,x=-11+6,NONE,direct,synthetic
1227,T12,(-3)(-6x)=36,16x=36,ARITHMETIC_SLIP,direct,synthetic
1228,T12,(-5)(-9x)=135,-45x=135,NEG_TIMES_NEG,direct,synthetic
1229,T12,(-8)(-9x)=72,x=-1,NEG_TIMES_NEG,combined,synthetic
1230,T05,6-(x+9)=-9,6-x-9=-6,ARITHMETIC_SLIP,direct,synthetic
1231,T01,7(x+5)=28,7x=-7,NONE,combined,synthetic
1232,T09,x-4=5,-3x=5,UNLIKE_TERMS,direct,synthetic
1233,T08,x+12=22,x=22/13,UNLIKE_TERMS,combined,synthetic
1234,T12,(-7)(-5x)=210,x=-6,NEG_TIMES_NEG,combined,synthetic
1235,T12,(-8)(-5x)=-120,x=3,NEG_TIMES_NEG,combined,synthetic
1236,T10,2x+9=25,2x=25-9,NONE,direct,synthetic
1237,T02,8(x-1)=56,8x=57,PARTIAL_DISTRIBUTION,combined,synthetic
1238,T12,(-2)(-6x)=-84,-12x=-84,NEG_TIMES_NEG,direct,synthetic
1239,T12,(-9)(-6x)=108,x=-2,NEG_TIMES_NEG,combined,synthetic
1240,T02,5(x-7)=10,5x-7=10,PARTIAL_DISTRIBUTION,direct,synthetic
1241,T12,(-8)(-x)=8,8x=8,NONE,direct,synthetic
1242,T05,10-(x+1)=15,-x=4,NEGATIVE_DISTRIBUTION,combined,synthetic
1243,T02,9(x-7)=-27,9x=-20,PARTIAL_DISTRIBUTION,combined,synthetic
1244,T08,x+5=-1,x=-1+5,TRANSPOSITION,direct,synthetic
1245,T12,(-9)(-9x)=-324,-81x=-324,NEG_TIMES_NEG,direct,synthetic
1246,T03,-2(x+5)=-2,-2x-10=-2,NONE,direct,synthetic
1247,T10,9x+4=-32,x=-32/13,UNLIKE_TERMS,combined,synthetic
1248,T04,-(x+8)=-12,x=4/3,UNLIKE_TERMS,combined,synthetic
1249,T05,3-(x+5)=2,-x=-6,NEGATIVE_DISTRIBUTION,combined,synthetic
1250,T12,(-7)(-3x)=-126,x=6,NEG_TIMES_NEG,combined,synthetic
1251,T02,4(x-2)=28,4x-8=28,NONE,direct,synthetic
1252,T12,(-2)(-7x)=56,x=-4,NEG_TIMES_NEG,combined,synthetic
1253,T09,x-3=1,-2x=1,UNLIKE_TERMS,direct,synthetic
1254,T08,x+8=4,x=4+8,TRANSPOSITION,direct,synthetic
1255,T08,x+3=-2,4x=-2,UNLIKE_TERMS,direct,synthetic
1256,T07,(x-12)^2=1,x^2+144=1,SQUARE_OF_SUM,direct,synthetic
1257,T12,(-3)(-7x)=-189,x=9,NEG_TIMES_NEG,combined,synthetic
1258,T04,-(x+8)=-7,-x+8=-7,NEGATIVE_DISTRIBUTION,direct,synthetic
1259,T03,-9(x+7)=-144,-9x=-151,PARTIAL_DISTRIBUTION,combined,synthetic
1260,T08,x+5=0,x=5,TRANSPOSITION,combined,synthetic
1261,T06,(x+11)^2=144,x^2+121=144,SQUARE_OF_SUM,direct,synthetic
1262,T03,-2(x+4)=-4,-1x-8=-4,ARITHMETIC_SLIP,direct,synthetic
1263,T01,7(x+2)=84,7x+2=84,PARTIAL_DISTRIBUTION,direct,synthetic
1264,T04,-(x+12)=-18,-x=-30,NEGATIVE_DISTRIBUTION,combined,synthetic
1265,T01,6(x+2)=66,6x=64,PARTIAL_DISTRIBUTION,combined,synthetic
1266,T08,x+9=8,10x=8,UNLIKE_TERMS,direct,synthetic
1267,T12,(-2)(-8x)=-144,x=-141/16,ARITHMETIC_SLIP,combined,synthetic
1268,T05,2-(x+3)=1,2-x+3=1,NEGATIVE_DISTRIBUTION,direct,synthetic
1269,T10,8x+3=-29,11x=-29,UNLIKE_TERMS,direct,synthetic
1270,T12,(-2)(-6x)=24,-12x=24,NEG_TIMES_NEG,direct,synthetic
1271,T07,(x-11)^2=196,x^2+121=196,SQUARE_OF_SUM,direct,synthetic
1272,T04,-(x+2)=-1,-x=-3,NEGATIVE_DISTRIBUTION,combined,synthetic
1273,T12,(-7)(-8x)=504,56x=504,NONE,direct,synthetic
1274,T05,2-(x+2)=-7,-x=-11,NEGATIVE_DISTRIBUTION,combined,synthetic
1275,T03,-5(x+8)=-50,-5x=-58,PARTIAL_DISTRIBUTION,combined,synthetic
1276,T05,2-(x+2)=-9,-(x+2)=-9+2,TRANSPOSITION,direct,synthetic
1277,T07,(x-2)^2=144,x^2+4=144,SQUARE_OF_SUM,direct,synthetic
1278,T05,9-(x+3)=11,9-x+3=11,NEGATIVE_DISTRIBUTION,direct,synthetic
1279,T05,2-(x+9)=-12,2-x+9=-12,NEGATIVE_DISTRIBUTION,direct,synthetic
1280,T01,2(x+6)=30,2x+6=30,PARTIAL_DISTRIBUTION,direct,synthetic
1281,T04,-(x+8)=-10,x=10/9,UNLIKE_TERMS,combined,synthetic
1282,T09,x-9=-15,x=15/8,UNLIKE_TERMS,combined,synthetic
1283,T05,4-(x+3)=-9,-(x+3)=-9+4,TRANSPOSITION,direct,synthetic
1284,T09,x-12=-3,x=-15,TRANSPOSITION,combined,synthetic
1285,T04,-(x+3)=-9,-x=-12,NEGATIVE_DISTRIBUTION,combined,synthetic
1286,T12,(-2)(-4x)=40,x=-5,NEG_TIMES_NEG,combined,synthetic
1287,T03,-8(x+3)=0,-8x=-3,PARTIAL_DISTRIBUTION,combined,synthetic
1288,T01,3(x+2)=33,3x+2=33,PARTIAL_DISTRIBUTION,direct,synthetic
1289,T01,3(x+3)=36,3x+3=36,PARTIAL_DISTRIBUTION,direct,synthetic
1290,T12,(-5)(-4x)=-160,x=8,NEG_TIMES_NEG,combined,synthetic
1291,T13,3(x+1)+5x=43,3x+3+2x=43,ARITHMETIC_SLIP,direct,synthetic
1292,T12,(-2)(-9x)=-36,-18x=-36,NEG_TIMES_NEG,direct,synthetic
1293,T03,-4(x+8)=-12,-4x=-20,PARTIAL_DISTRIBUTION,combined,synthetic
1294,T03,-5(x+2)=0,2-5x=0,PARTIAL_DISTRIBUTION,direct,synthetic
1295,T10,8x+11=19,8x=19+11,TRANSPOSITION,direct,synthetic
1296,T12,(-3)(-9x)=-243,x=9,NEG_TIMES_NEG,combined,synthetic
1297,T05,2-(x+3)=2,2-x-5=2,ARITHMETIC_SLIP,direct,synthetic
1298,T04,-(x+9)=-7,x=7/10,UNLIKE_TERMS,combined,synthetic
1299,T01,4(x+8)=32,4x+8=32,PARTIAL_DISTRIBUTION,direct,synthetic
1300,T09,x-11=-10,x=-1,ARITHMETIC_SLIP,combined,synthetic
1301,T12,(-3)(-8x)=-72,x=3,NEG_TIMES_NEG,combined,synthetic
1302,T12,(-5)(-9x)=-90,45x=-89,ARITHMETIC_SLIP,direct,synthetic
1303,T12,(-7)(-7x)=-147,-49x=-147,NEG_TIMES_NEG,direct,synthetic
1304,T10,5x+4=4,5x=4-4,NONE,direct,synthetic
1305,T12,(-4)(-7x)=-252,x=9,NEG_TIMES_NEG,combined,synthetic
1306,T11,16=x+8,16-8=x,NONE,direct,synthetic
1307,T05,8-(x+7)=-3,8-x+7=-3,NEGATIVE_DISTRIBUTION,direct,synthetic
1308,T04,-(x+8)=-11,-x=-2,ARITHMETIC_SLIP,combined,synthetic
1309,T08,x+6=14,x=14+6,TRANSPOSITION,direct,synthetic
1310,T12,(-3)(-6x)=162,x=54/7,ARITHMETIC_SLIP,combined,synthetic
1311,T12,(-3)(-6x)=144,x=-8,NEG_TIMES_NEG,combined,synthetic
1312,T09,x-11=-4,x=2/5,UNLIKE_TERMS,combined,synthetic
1313,T10,3x+7=16,10x=16,UNLIKE_TERMS,direct,synthetic
1314,T12,(-5)(-3x)=60,15x=62,ARITHMETIC_SLIP,direct,synthetic
1315,T10,6x+11=5,x=5/17,UNLIKE_TERMS,combined,synthetic
1316,T11,0=x+4,-x=4,NONE,combined,synthetic
1317,T09,x-2=3,x=3+2,NONE,direct,synthetic
1318,T08,x+9=6,x=15,TRANSPOSITION,combined,synthetic
1319,T10,8x+11=43,8x=54,TRANSPOSITION,combined,synthetic
1320,T01,6(x+4)=6,6x+4=6,PARTIAL_DISTRIBUTION,direct,synthetic
1321,T04,-(x+11)=-16,x=4/3,UNLIKE_TERMS,combined,synthetic
1322,T03,-7(x+9)=-77,-7x=-14,NONE,combined,synthetic
1323,T10,8x+7=-17,x=-17/15,UNLIKE_TERMS,combined,synthetic
1324,T04,-(x+5)=-1,x=1/6,UNLIKE_TERMS,combined,synthetic
1325,T11,-3=x+3,-3-3=x,NONE,direct,synthetic
1326,T13,3(x+2)+x=-18,4x=-20,PARTIAL_DISTRIBUTION,combined,synthetic
1327,T04,-(x+2)=-5,-x+2=-5,NEGATIVE_DISTRIBUTION,direct,synthetic
1328,T04,-(x+11)=-16,-x+11=-16,NEGATIVE_DISTRIBUTION,direct,synthetic
1329,T12,(-3)(-8x)=-72,-24x=-72,NEG_TIMES_NEG,direct,synthetic
1330,T12,(-4)(-5x)=-140,22x=-140,ARITHMETIC_SLIP,direct,synthetic
1331,T12,(-5)(-x)=-40,x=8,NEG_TIMES_NEG,combined,synthetic
1332,T05,4-(x+2)=0,4-x+2=0,NEGATIVE_DISTRIBUTION,direct,synthetic
1333,T12,(-2)(-3x)=54,-6x=54,NEG_TIMES_NEG,direct,synthetic
1334,T12,(-5)(-7x)=-210,x=6,NEG_TIMES_NEG,combined,synthetic
1335,T08,x+7=16,x=16+7,TRANSPOSITION,direct,synthetic
1336,T02,4(x-7)=12,4x=19,PARTIAL_DISTRIBUTION,combined,synthetic
1337,T02,3(x-5)=12,3x-5=12,PARTIAL_DISTRIBUTION,direct,synthetic
1338,T05,4-(x+3)=-9,4-x+3=-9,NEGATIVE_DISTRIBUTION,direct,synthetic
1339,T05,12-(x+3)=6,-x=21,TRANSPOSITION,combined,synthetic
1340,T12,(-9)(-4x)=36,36x=36,NONE,direct,synthetic
1341,T10,2x+9=25,2x=34,TRANSPOSITION,combined,synthetic
1342,T12,(-7)(-x)=-21,-7x=-21,NEG_TIMES_NEG,direct,synthetic
1343,T11,14=x+5,14-5=x,NONE,direct,synthetic
1344,T05,12-(x+5)=7,-x=24,TRANSPOSITION,combined,synthetic
1345,T05,2-(x+1)=4,-x=1,NEGATIVE_DISTRIBUTION,combined,synthetic
1346,T01,6(x+8)=72,6x+8=72,PARTIAL_DISTRIBUTION,direct,synthetic
1347,T10,4x+4=12,4x=12-4,NONE,direct,synthetic
1348,T04,-(x+11)=-14,x=7/6,UNLIKE_TERMS,combined,synthetic
1349,T13,2(x+2)+x=10,6x=6,ARITHMETIC_SLIP,combined,synthetic
1350,T11,22=x+12,22-11=x,ARITHMETIC_SLIP,direct,synthetic
1351,T07,(x-9)^2=16,x^2+81=16,SQUARE_OF_SUM,direct,synthetic
1352,T05,7-(x+8)=-3,-(x+8)=-3+7,TRANSPOSITION,direct,synthetic
1353,T08,x+1=4,x=4+1,TRANSPOSITION,direct,synthetic
1354,T06,(x+5)^2=289,x^2+25=289,SQUARE_OF_SUM,direct,synthetic
1355,T09,x-8=-4,x=-12,TRANSPOSITION,combined,synthetic
1356,T06,(x+8)^2=196,x^2+16x+64=196,NONE,direct,synthetic
1357,T08,x+3=11,x=11+3,TRANSPOSITION,direct,synthetic
1358,T13,5(x+3)+x=75,6x=72,PARTIAL_DISTRIBUTION,combined,synthetic
1359,T09,x-2=-3,x=-1,NONE,combined,synthetic
1360,T12,(-9)(-6x)=-54,x=1,NEG_TIMES_NEG,combined,synthetic
1361,T02,6(x-6)=-54,6x-6=-54,PARTIAL_DISTRIBUTION,direct,synthetic
1362,T09,x-1=7,0=7,UNLIKE_TERMS,direct,synthetic
1363,T10,9x+5=5,9x=5+5,TRANSPOSITION,direct,synthetic
1364,T04,-(x+10)=-11,-x=-21,NEGATIVE_DISTRIBUTION,combined,synthetic
1365,T12,(-9)(-x)=18,9x=20,ARITHMETIC_SLIP,direct,synthetic
1366,T08,x+11=19,12x=19,UNLIKE_TERMS,direct,synthetic
1367,T09,x-4=-10,x=10/3,UNLIKE_TERMS,combined,synthetic
1368,T05,10-(x+7)=7,-(x+7)=7+10,TRANSPOSITION,direct,synthetic
1369,T12,(-5)(-6x)=-30,-30x=-30,NEG_TIMES_NEG,direct,synthetic
1370,T12,(-2)(-4x)=32,-8x=32,NEG_TIMES_NEG,direct,synthetic
1371,T12,(-8)(-6x)=-240,x=5,NEG_TIMES_NEG,combined,synthetic
1372,T12,(-6)(-7x)=-126,-42x=-126,NEG_TIMES_NEG,direct,synthetic
1373,T06,(x+11)^2=36,x^2+121=36,SQUARE_OF_SUM,direct,synthetic
1374,T05,12-(x+6)=-3,-(x+6)=-3+12,TRANSPOSITION,direct,synthetic
1375,T09,x-11=-6,x=3/5,UNLIKE_TERMS,combined,synthetic
1376,T05,5-(x+1)=-4,-x=-10,NEGATIVE_DISTRIBUTION,combined,synthetic
1377,T07,(x-1)^2=36,x^2-5x+1=36,ARITHMETIC_SLIP,direct,synthetic
1378,T09,x-12=-8,x=8/11,UNLIKE_TERMS,combined,synthetic
1379,T09,x-6=-11,x=11/5,UNLIKE_TERMS,combined,synthetic
1380,T12,(-3)(-x)=9,x=-3,NEG_TIMES_NEG,combined,synthetic
1381,T10,9x+6=33,x=11/5,UNLIKE_TERMS,combined,synthetic
1382,T12,(-3)(-6x)=162,-18x=162,NEG_TIMES_NEG,direct,synthetic
1383,T12,(-2)(-2x)=28,x=-7,NEG_TIMES_NEG,combined,synthetic
1384,T09,x-3=-9,x=9/2,UNLIKE_TERMS,combined,synthetic
1385,T05,12-(x+6)=12,12-x+6=12,NEGATIVE_DISTRIBUTION,direct,synthetic
1386,T12,(-8)(-x)=-48,8x=-48,NONE,direct,synthetic
1387,T05,3-(x+7)=-8,-x=2,TRANSPOSITION,combined,synthetic
1388,T12,(-6)(-4x)=-72,x=3,NEG_TIMES_NEG,combined,synthetic
1389,T12,(-3)(-5x)=105,x=-7,NEG_TIMES_NEG,combined,synthetic
1390,T10,2x+3=7,x=7/5,UNLIKE_TERMS,combined,synthetic
1391,T10,9x+12=-24,21x=-24,UNLIKE_TERMS,direct,synthetic
1392,T09,x-10=-16,-9x=-16,UNLIKE_TERMS,direct,synthetic
1393,T12,(-4)(-7x)=84,-28x=84,NEG_TIMES_NEG,direct,synthetic
1394,T08,x+9=13,x=13+9,TRANSPOSITION,direct,synthetic
1395,T08,x+10=12,11x=12,UNLIKE_TERMS,direct,synthetic
1396,T02,8(x-3)=-56,8x-3=-56,PARTIAL_DISTRIBUTION,direct,synthetic
1397,T04,-(x+7)=-16,-x+7=-16,NEGATIVE_DISTRIBUTION,direct,synthetic
1398,T12,(-6)(-6x)=216,-36x=216,NEG_TIMES_NEG,direct,synthetic
1399,T12,(-7)(-3x)=-168,x=8,NEG_TIMES_NEG,combined,synthetic
1400,T12,(-7)(-6x)=252,x=253/42,ARITHMETIC_SLIP,combined,synthetic
1401,T08,x+3=4,x=4+3,TRANSPOSITION,direct,synthetic
1402,T12,(-4)(-4x)=32,x=16/9,ARITHMETIC_SLIP,combined,synthetic
1403,T06,(x+4)^2=324,x^2+16=324,SQUARE_OF_SUM,direct,synthetic
1404,T07,(x-12)^2=256,x^2+144=256,SQUARE_OF_SUM,direct,synthetic
1405,T02,9(x-6)=-90,9x=-84,PARTIAL_DISTRIBUTION,combined,synthetic
1406,T12,(-2)(-9x)=144,-18x=144,NEG_TIMES_NEG,direct,synthetic
1407,T03,-9(x+1)=-54,-9x=-55,PARTIAL_DISTRIBUTION,combined,synthetic
1408,T03,-2(x+2)=-4,-2x=-6,PARTIAL_DISTRIBUTION,combined,synthetic
1409,T06,(x+9)^2=529,x^2+81=529,SQUARE_OF_SUM,direct,synthetic
1410,T12,(-8)(-8x)=320,-64x=320,NEG_TIMES_NEG,direct,synthetic
1411,T13,3(x+1)+5x=-37,8x=-38,PARTIAL_DISTRIBUTION,combined,synthetic
1412,T02,3(x-6)=-15,3x=-9,PARTIAL_DISTRIBUTION,combined,synthetic
1413,T10,9x+5=77,9x=82,TRANSPOSITION,combined,synthetic
1414,T08,x+9=6,x=6+9,TRANSPOSITION,direct,synthetic
1415,T12,(-3)(-5x)=-75,-15x=-75,NEG_TIMES_NEG,direct,synthetic
1416,T05,7-(x+1)=8,-x=3,ARITHMETIC_SLIP,combined,synthetic
1417,T12,(-5)(-x)=-15,x=3,NEG_TIMES_NEG,combined,synthetic
1418,T04,-(x+12)=-22,x=22/13,UNLIKE_TERMS,combined,synthetic
1419,T12,(-9)(-4x)=36,x=-1,NEG_TIMES_NEG,combined,synthetic
1420,T10,8x+7=-17,8x=-10,TRANSPOSITION,combined,synthetic
1421,T06,(x+3)^2=256,x^2+9=256,SQUARE_OF_SUM,direct,synthetic
1422,T12,(-7)(-9x)=504,-63x=504,NEG_TIMES_NEG,direct,synthetic
1423,T09,x-8=-4,-7x=-4,UNLIKE_TERMS,direct,synthetic
1424,T09,x-7=0,-6x=0,UNLIKE_TERMS,direct,synthetic
1425,T09,x-5=-10,x=-15,TRANSPOSITION,combined,synthetic
1426,T01,4(x+4)=32,4x=28,PARTIAL_DISTRIBUTION,combined,synthetic
1427,T12,(-9)(-5x)=-360,x=-8,NONE,combined,synthetic
1428,T08,x+3=-3,x=-3+3,TRANSPOSITION,direct,synthetic
1429,T02,6(x-1)=24,6x=25,PARTIAL_DISTRIBUTION,combined,synthetic
1430,T07,(x-8)^2=1,x^2-16x+64=2,ARITHMETIC_SLIP,direct,synthetic
1431,T12,(-3)(-9x)=189,26x=189,ARITHMETIC_SLIP,direct,synthetic
1432,T02,6(x-6)=-66,6x-36=-66,NONE,direct,synthetic
1433,T12,(-4)(-8x)=-256,x=-8,NONE,combined,synthetic
1434,T02,9(x-4)=18,9x-4=18,PARTIAL_DISTRIBUTION,direct,synthetic
1435,T12,(-8)(-4x)=224,32x=225,ARITHMETIC_SLIP,direct,synthetic
1436,T10,4x+1=-11,5x=-11,UNLIKE_TERMS,direct,synthetic
1437,T05,12-(x+4)=11,-x=27,TRANSPOSITION,combined,synthetic
1438,T01,4(x+2)=16,4x=14,PARTIAL_DISTRIBUTION,combined,synthetic
1439,T10,8x+7=47,x=47/15,UNLIKE_TERMS,combined,synthetic
1440,T05,6-(x+4)=5,6-x-4=5,NONE,direct,synthetic
1441,T02,2(x-7)=-10,4x-14=-10,ARITHMETIC_SLIP,direct,synthetic
1442,T07,(x-1)^2=25,x^2+1=25,SQUARE_OF_SUM,direct,synthetic
1443,T13,5(x+5)+5x=45,10x=40,PARTIAL_DISTRIBUTION,combined,synthetic
1444,T09,x-8=-7,x=-15,TRANSPOSITION,combined,synthetic
1445,T10,8x+3=-29,8x=-29-6,ARITHMETIC_SLIP,direct,synthetic
1446,T09,x-5=-8,-4x=-8,UNLIKE_TERMS,direct,synthetic
1447,T04,-(x+3)=-11,x=11/4,UNLIKE_TERMS,combined,synthetic
1448,T08,x+10=8,x=8/11,UNLIKE_TERMS,combined,synthetic
1449,T05,7-(x+4)=8,-x=19,TRANSPOSITION,combined,synthetic
1450,T06,(x+8)^2=144,x^2+64=144,SQUARE_OF_SUM,direct,synthetic
1451,T07,(x-12)^2=100,x^2-24x+144=100,NONE,direct,synthetic
1452,T05,12-(x+4)=9,-x=-7,NEGATIVE_DISTRIBUTION,combined,synthetic
1453,T12,(-2)(-9x)=108,-18x=108,NEG_TIMES_NEG,direct,synthetic
1454,T05,5-(x+6)=-3,-x=-14,NEGATIVE_DISTRIBUTION,combined,synthetic
1455,T12,(-8)(-5x)=80,-40x=80,NEG_TIMES_NEG,direct,synthetic
1456,T05,2-(x+9)=-16,-x=-27,NEGATIVE_DISTRIBUTION,combined,synthetic
1457,T09,x-4=4,-3x=4,UNLIKE_TERMS,direct,synthetic
1458,T01,5(x+1)=5,5x=4,PARTIAL_DISTRIBUTION,combined,synthetic
1459,T09,x-12=-3,x=7,ARITHMETIC_SLIP,combined,synthetic
1460,T09,x-12=-4,x=-16,TRANSPOSITION,combined,synthetic
1461,T08,x+2=10,3x=10,UNLIKE_TERMS,direct,synthetic
1462,T10,9x+2=38,12x=38-2,ARITHMETIC_SLIP,direct,synthetic
1463,T12,(-7)(-6x)=42,x=-1,NEG_TIMES_NEG,combined,synthetic
1464,T12,(-7)(-4x)=28,x=1,NONE,combined,synthetic
1465,T12,(-2)(-2x)=-32,-4x=-32,NEG_TIMES_NEG,direct,synthetic
1466,T05,4-(x+6)=-11,-(x+6)=-11+4,TRANSPOSITION,direct,synthetic
1467,T06,(x+6)^2=196,x^2+36=196,SQUARE_OF_SUM,direct,synthetic
1468,T12,(-3)(-2x)=-12,x=2,NEG_TIMES_NEG,combined,synthetic
1469,T04,-(x+8)=-13,-x-8=-11,ARITHMETIC_SLIP,direct,synthetic
1470,T09,x-7=-7,x=-14,TRANSPOSITION,combined,synthetic
1471,T12,(-6)(-9x)=108,56x=108,ARITHMETIC_SLIP,direct,synthetic
1472,T08,x+3=11,4x=11,UNLIKE_TERMS,direct,synthetic
1473,T05,6-(x+4)=3,6-x+4=3,NEGATIVE_DISTRIBUTION,direct,synthetic
1474,T12,(-4)(-9x)=180,36x=179,ARITHMETIC_SLIP,direct,synthetic
1475,T03,-9(x+4)=-45,-9x=-49,PARTIAL_DISTRIBUTION,combined,synthetic
1476,T03,-3(x+7)=-51,7-3x=-51,PARTIAL_DISTRIBUTION,direct,synthetic
1477,T05,10-(x+8)=-7,10-x+8=-7,NEGATIVE_DISTRIBUTION,direct,synthetic
1478,T12,(-3)(-8x)=96,x=-4,NEG_TIMES_NEG,combined,synthetic
1479,T09,x-1=-3,x=-3-1,TRANSPOSITION,direct,synthetic
1480,T04,-(x+2)=-2,-x+2=-2,NEGATIVE_DISTRIBUTION,direct,synthetic
1481,T01,9(x+3)=90,9x+3=90,PARTIAL_DISTRIBUTION,direct,synthetic
1482,T12,(-4)(-7x)=140,x=70/13,ARITHMETIC_SLIP,combined,synthetic
1483,T05,10-(x+6)=-2,10-x+6=-2,NEGATIVE_DISTRIBUTION,direct,synthetic
1484,T03,-6(x+9)=-36,9-6x=-36,PARTIAL_DISTRIBUTION,direct,synthetic
1485,T10,4x+4=16,x=2,UNLIKE_TERMS,combined,synthetic
1486,T05,2-(x+1)=-3,-x=0,TRANSPOSITION,combined,synthetic
1487,T09,x-11=-13,x=-2,NONE,combined,synthetic
1488,T05,8-(x+2)=4,-x=14,TRANSPOSITION,combined,synthetic
1489,T03,-2(x+2)=-18,-2x=-20,PARTIAL_DISTRIBUTION,combined,synthetic
1490,T05,6-(x+7)=-7,-x=6,TRANSPOSITION,combined,synthetic
1491,T07,(x-3)^2=144,x^2+9=144,SQUARE_OF_SUM,direct,synthetic
1492,T02,8(x-3)=-56,8x=-32,NONE,combined,synthetic
1493,T05,7-(x+9)=-2,-(x+9)=-2+7,TRANSPOSITION,direct,synthetic
1494,T04,-(x+6)=-12,-x=-18,NEGATIVE_DISTRIBUTION,combined,synthetic
1495,T03,-8(x+2)=0,-8x=-2,PARTIAL_DISTRIBUTION,combined,synthetic
1496,T05,9-(x+8)=2,9-x+8=2,NEGATIVE_DISTRIBUTION,direct,synthetic
1497,T05,6-(x+4)=3,-x=13,TRANSPOSITION,combined,synthetic
1498,T03,-5(x+9)=-60,-5x=-69,PARTIAL_DISTRIBUTION,combined,synthetic
1499,T12,(-2)(-3x)=-6,6x=-6,NONE,direct,synthetic
1500,T02,2(x-9)=-12,2x=-3,PARTIAL_DISTRIBUTION,combined,synthetic
1501,T01,9(x+8)=18,9x=-54,NONE,combined,synthetic
1502,T05,6-(x+5)=-6,6-x+5=-6,NEGATIVE_DISTRIBUTION,direct,synthetic
1503,T06,(x+9)^2=361,x^2+81=361,SQUARE_OF_SUM,direct,synthetic
1504,T12,(-6)(-7x)=-252,x=6,NEG_TIMES_NEG,combined,synthetic
1505,T10,9x+11=38,9x=49,TRANSPOSITION,combined,synthetic
1506,T12,(-7)(-8x)=-168,x=-165/56,ARITHMETIC_SLIP,combined,synthetic
1507,T05,7-(x+5)=0,-x=12,TRANSPOSITION,combined,synthetic
1508,T09,x-11=-14,x=-15+11,ARITHMETIC_SLIP,direct,synthetic
1509,T04,-(x+9)=-16,-x+9=-16,NEGATIVE_DISTRIBUTION,direct,synthetic
1510,T02,4(x-4)=-32,4x-4=-32,PARTIAL_DISTRIBUTION,direct,synthetic
1511,T03,-9(x+9)=-81,-9x=-90,PARTIAL_DISTRIBUTION,combined,synthetic
1512,T08,x+11=19,x=6,ARITHMETIC_SLIP,combined,synthetic
1513,T12,(-9)(-3x)=-135,27x=-136,ARITHMETIC_SLIP,direct,synthetic
1514,T02,4(x-3)=4,4x-12=4,NONE,direct,synthetic
1515,T05,8-(x+8)=2,-x=18,TRANSPOSITION,combined,synthetic
1516,T07,(x-12)^2=169,x^2+144=169,SQUARE_OF_SUM,direct,synthetic
1517,T10,8x+5=5,x=5/13,UNLIKE_TERMS,combined,synthetic
1518,T10,6x+11=41,6x=41+11,TRANSPOSITION,direct,synthetic
1519,T04,-(x+12)=-19,-x=-31,NEGATIVE_DISTRIBUTION,combined,synthetic
1520,T12,(-4)(-3x)=-36,-12x=-36,NEG_TIMES_NEG,direct,synthetic
1521,T05,12-(x+7)=-1,-x=-20,NEGATIVE_DISTRIBUTION,combined,synthetic
1522,T02,2(x-9)=-16,2x-18=-14,ARITHMETIC_SLIP,direct,synthetic
1523,T12,(-2)(-x)=-14,x=-17/2,ARITHMETIC_SLIP,combined,synthetic
1524,T05,5-(x+8)=-4,5-x-8=-4,NONE,direct,synthetic
1525,T10,3x+11=29,14x=29,UNLIKE_TERMS,direct,synthetic
1526,T12,(-7)(-6x)=336,x=-8,NEG_TIMES_NEG,combined,synthetic
1527,T12,(-9)(-5x)=-180,x=4,NEG_TIMES_NEG,combined,synthetic
1528,T05,8-(x+2)=6,-(x+2)=6+8,TRANSPOSITION,direct,synthetic
1529,T03,-5(x+9)=-35,-5x=-44,PARTIAL_DISTRIBUTION,combined,synthetic
1530,T10,4x+10=2,x=1/7,UNLIKE_TERMS,combined,synthetic
1531,T12,(-9)(-6x)=216,54x=216,NONE,direct,synthetic
1532,T07,(x-4)^2=49,x^2-8x+16=46,ARITHMETIC_SLIP,direct,synthetic
1533,T11,-1=x+3,-1-6=x,ARITHMETIC_SLIP,direct,synthetic
1534,T13,4(x+5)+5x=56,9x+5=56,PARTIAL_DISTRIBUTION,direct,synthetic
1535,T06,(x+4)^2=49,x^2+16=49,SQUARE_OF_SUM,direct,synthetic
1536,T04,-(x+10)=-4,-x=-14,NEGATIVE_DISTRIBUTION,combined,synthetic
1537,T08,x+3=-2,x=-2+3,TRANSPOSITION,direct,synthetic
1538,T10,9x+7=43,x=43/16,UNLIKE_TERMS,combined,synthetic
1539,T09,x-9=-2,x=-2-9,TRANSPOSITION,direct,synthetic
1540,T05,8-(x+2)=0,8-x+2=0,NEGATIVE_DISTRIBUTION,direct,synthetic
1541,T07,(x-12)^2=121,x^2-24x+144=120,ARITHMETIC_SLIP,direct,synthetic
1542,T05,4-(x+2)=-3,4-x+2=-3,NEGATIVE_DISTRIBUTION,direct,synthetic
1543,T12,(-8)(-7x)=224,-56x=224,NEG_TIMES_NEG,direct,synthetic
1544,T10,6x+3=-3,x=-1/3,UNLIKE_TERMS,combined,synthetic
1545,T09,x-6=-7,x=-4,ARITHMETIC_SLIP,combined,synthetic
1546,T12,(-4)(-3x)=-48,-12x=-48,NEG_TIMES_NEG,direct,synthetic
1547,T01,3(x+9)=33,3x+27=33,NONE,direct,synthetic
1548,T03,-8(x+8)=-144,8-8x=-144,PARTIAL_DISTRIBUTION,direct,synthetic
1549,T12,(-9)(-7x)=-252,63x=-252,NONE,direct,synthetic
1550,T05,7-(x+5)=-7,7-x-5=-7,NONE,direct,synthetic
1551,T03,-5(x+6)=-5,-4x=25,ARITHMETIC_SLIP,combined,synthetic
1552,T01,3(x+4)=3,3x+4=3,PARTIAL_DISTRIBUTION,direct,synthetic
1553,T05,2-(x+9)=-16,-x=-9,NONE,combined,synthetic
1554,T05,8-(x+2)=12,-x=2,NEGATIVE_DISTRIBUTION,combined,synthetic
1555,T04,-(x+8)=-5,-x=-13,NEGATIVE_DISTRIBUTION,combined,synthetic
1556,T05,12-(x+6)=9,12-x+6=9,NEGATIVE_DISTRIBUTION,direct,synthetic
1557,T02,7(x-5)=-28,7x=7,NONE,combined,synthetic
1558,T12,(-9)(-5x)=-360,x=8,NEG_TIMES_NEG,combined,synthetic
1559,T05,10-(x+2)=14,-x=2,NEGATIVE_DISTRIBUTION,combined,synthetic
1560,T12,(-7)(-9x)=-126,-63x=-126,NEG_TIMES_NEG,direct,synthetic
1561,T03,-9(x+5)=-36,-9x=9,NONE,combined,synthetic
1562,T12,(-4)(-x)=36,x=-9,NEG_TIMES_NEG,combined,synthetic
1563,T12,(-8)(-2x)=-64,16x=-63,ARITHMETIC_SLIP,direct,synthetic
1564,T04,-(x+2)=-6,-x=-1,ARITHMETIC_SLIP,combined,synthetic
1565,T04,-(x+7)=-17,x=17/8,UNLIKE_TERMS,combined,synthetic
1566,T02,7(x-3)=-49,7x-3=-49,PARTIAL_DISTRIBUTION,direct,synthetic
1567,T10,8x+8=0,8x=8,TRANSPOSITION,combined,synthetic
1568,T01,5(x+4)=5,5x+4=5,PARTIAL_DISTRIBUTION,direct,synthetic
1569,T12,(-3)(-2x)=-24,-6x=-24,NEG_TIMES_NEG,direct,synthetic
1570,T10,7x+8=29,7x=29+8,TRANSPOSITION,direct,synthetic
1571,T05,9-(x+3)=5,-x=17,TRANSPOSITION,combined,synthetic
1572,T02,4(x-1)=16,4x=17,PARTIAL_DISTRIBUTION,combined,synthetic
1573,T12,(-8)(-x)=-72,x=-9,NONE,combined,synthetic
1574,T10,2x+3=21,2x=21-3,NONE,direct,synthetic
1575,T08,x+8=5,x=5/9,UNLIKE_TERMS,combined,synthetic
1576,T06,(x+4)^2=36,x^2+16=36,SQUARE_OF_SUM,direct,synthetic
1577,T12,(-7)(-2x)=84,x=-6,NEG_TIMES_NEG,combined,synthetic
1578,T04,-(x+12)=-10,-x+12=-10,NEGATIVE_DISTRIBUTION,direct,synthetic
1579,T11,-1=x+5,-1-3=x,ARITHMETIC_SLIP,direct,synthetic
1580,T12,(-8)(-2x)=-32,16x=-32,NONE,direct,synthetic
1581,T12,(-5)(-9x)=-45,x=-16/15,ARITHMETIC_SLIP,combined,synthetic
1582,T10,8x+8=0,8x=0+8,TRANSPOSITION,direct,synthetic
1583,T09,x-5=-8,x=-5,ARITHMETIC_SLIP,combined,synthetic
1584,T04,-(x+1)=-3,-x+1=-3,NEGATIVE_DISTRIBUTION,direct,synthetic
1585,T10,7x+10=73,x=73/17,UNLIKE_TERMS,combined,synthetic
1586,T12,(-6)(-4x)=-72,-24x=-72,NEG_TIMES_NEG,direct,synthetic
1587,T05,12-(x+6)=9,-x=27,TRANSPOSITION,combined,synthetic
1588,T08,x+9=8,x=4/5,UNLIKE_TERMS,combined,synthetic
1589,T03,-8(x+3)=-16,-8x=-19,PARTIAL_DISTRIBUTION,combined,synthetic
1590,T08,x+5=13,6x=13,UNLIKE_TERMS,direct,synthetic
1591,T12,(-5)(-3x)=15,x=1,NONE,combined,synthetic
1592,T08,x+1=4,x=5,TRANSPOSITION,combined,synthetic
1593,T02,3(x-4)=-3,3x=1,PARTIAL_DISTRIBUTION,combined,synthetic
1594,T05,4-(x+2)=4,-x=10,TRANSPOSITION,combined,synthetic
1595,T03,-2(x+5)=-20,-2x=-25,PARTIAL_DISTRIBUTION,combined,synthetic
1596,T05,11-(x+1)=7,-x=19,TRANSPOSITION,combined,synthetic
1597,T02,4(x-2)=-28,4x=-26,PARTIAL_DISTRIBUTION,combined,synthetic
1598,T04,-(x+10)=-12,-x-7=-12,ARITHMETIC_SLIP,direct,synthetic
1599,T10,3x+7=4,x=2/5,UNLIKE_TERMS,combined,synthetic
1600,T10,3x+12=9,3x=9+12,TRANSPOSITION,direct,synthetic
1601,T09,x-2=8,x=10,NONE,combined,synthetic
1602,T03,-3(x+6)=-27,-3x-21=-27,ARITHMETIC_SLIP,direct,synthetic
1603,T12,(-6)(-6x)=216,x=-6,NEG_TIMES_NEG,combined,synthetic
1604,T05,7-(x+5)=-7,-x=-19,NEGATIVE_DISTRIBUTION,combined,synthetic
1605,T06,(x+6)^2=324,x^2+36=324,SQUARE_OF_SUM,direct,synthetic
1606,T05,10-(x+7)=2,-x=-15,NEGATIVE_DISTRIBUTION,combined,synthetic
1607,T04,-(x+2)=2,-x=0,NEGATIVE_DISTRIBUTION,combined,synthetic
1608,T01,3(x+2)=27,3x+2=27,PARTIAL_DISTRIBUTION,direct,synthetic
1609,T10,7x+11=74,x=37/9,UNLIKE_TERMS,combined,synthetic
1610,T09,x-3=-7,-2x=-7,UNLIKE_TERMS,direct,synthetic
1611,T03,-5(x+2)=15,-5x=25,NONE,combined,synthetic
1612,T08,x+3=13,4x=13,UNLIKE_TERMS,direct,synthetic
1613,T10,9x+12=93,21x=93,UNLIKE_TERMS,direct,synthetic
1614,T10,5x+7=22,5x=22+7,TRANSPOSITION,direct,synthetic
1615,T02,8(x-9)=-64,8x-72=-64,NONE,direct,synthetic
1616,T04,-(x+9)=-10,-x=-19,NEGATIVE_DISTRIBUTION,combined,synthetic
1617,T10,4x+7=-5,11x=-5,UNLIKE_TERMS,direct,synthetic
1618,T05,10-(x+6)=-1,10-x+6=-1,NEGATIVE_DISTRIBUTION,direct,synthetic
1619,T02,7(x-6)=7,7x-6=7,PARTIAL_DISTRIBUTION,direct,synthetic
1620,T05,7-(x+9)=1,-(x+9)=1+7,TRANSPOSITION,direct,synthetic
1621,T06,(x+12)^2=676,x^2+144=676,SQUARE_OF_SUM,direct,synthetic
1622,T12,(-7)(-9x)=-126,x=-2,NONE,combined,synthetic
1623,T13,3(x+3)+5x=65,8x=62,PARTIAL_DISTRIBUTION,combined,synthetic
1624,T13,6(x+3)+3x=108,6x+18+3x=105,ARITHMETIC_SLIP,direct,synthetic
1625,T06,(x+5)^2=196,x^2+10x+25=196,NONE,direct,synthetic
1626,T10,9x+12=93,9x=92-12,ARITHMETIC_SLIP,direct,synthetic
1627,T04,-(x+10)=-9,x=9/11,UNLIKE_TERMS,combined,synthetic
1628,T02,2(x-8)=-10,2x-8=-10,PARTIAL_DISTRIBUTION,direct,synthetic
1629,T04,-(x+3)=-5,-x=-8,NEGATIVE_DISTRIBUTION,combined,synthetic
1630,T08,x+5=7,6x=7,UNLIKE_TERMS,direct,synthetic
1631,T05,6-(x+3)=-5,-x=-8,NONE,combined,synthetic
1632,T02,7(x-6)=7,7x=13,PARTIAL_DISTRIBUTION,combined,synthetic
1633,T13,4(x+3)+x=47,5x=38,ARITHMETIC_SLIP,combined,synthetic
1634,T05,6-(x+1)=-5,-x=-12,NEGATIVE_DISTRIBUTION,combined,synthetic
1635,T10,7x+8=78,7x=86,TRANSPOSITION,combined,synthetic
1636,T10,6x+4=58,x=29/5,UNLIKE_TERMS,combined,synthetic
1637,T02,6(x-7)=-30,6x-7=-30,PARTIAL_DISTRIBUTION,direct,synthetic
1638,T04,-(x+10)=-19,-x=-29,NEGATIVE_DISTRIBUTION,combined,synthetic
1639,T12,(-2)(-5x)=70,x=-7,NEG_TIMES_NEG,combined,synthetic
1640,T03,-4(x+5)=-4,-4x-20=-4,NONE,direct,synthetic
1641,T10,2x+6=-6,2x=-6+6,TRANSPOSITION,direct,synthetic
1642,T02,3(x-5)=-24,3x=-19,PARTIAL_DISTRIBUTION,combined,synthetic
1643,T01,4(x+4)=32,4x=16,NONE,combined,synthetic
1644,T12,(-5)(-4x)=-180,x=-179/20,ARITHMETIC_SLIP,combined,synthetic
1645,T04,-(x+2)=3,-3x=3,UNLIKE_TERMS,direct,synthetic
1646,T12,(-9)(-7x)=567,63x=567,NONE,direct,synthetic
1647,T10,4x+12=12,4x=2,ARITHMETIC_SLIP,combined,synthetic
1648,T10,3x+6=-9,9x=-9,UNLIKE_TERMS,direct,synthetic
1649,T12,(-2)(-8x)=-96,-16x=-96,NEG_TIMES_NEG,direct,synthetic
1650,T03,-6(x+5)=-84,5-6x=-84,PARTIAL_DISTRIBUTION,direct,synthetic
1651,T10,2x+3=21,x=21/5,UNLIKE_TERMS,combined,synthetic
1652,T12,(-7)(-6x)=-126,-42x=-126,NEG_TIMES_NEG,direct,synthetic
1653,T09,x-4=-8,x=-8+1,ARITHMETIC_SLIP,direct,synthetic
1654,T12,(-6)(-3x)=162,x=-9,NEG_TIMES_NEG,combined,synthetic
1655,T02,5(x-3)=-10,5x-3=-10,PARTIAL_DISTRIBUTION,direct,synthetic
1656,T08,x+7=2,8x=2,UNLIKE_TERMS,direct,synthetic
1657,T03,-8(x+7)=-24,7-8x=-24,PARTIAL_DISTRIBUTION,direct,synthetic
1658,T12,(-7)(-4x)=-196,x=7,NEG_TIMES_NEG,combined,synthetic
1659,T05,3-(x+5)=2,-(x+5)=2+3,TRANSPOSITION,direct,synthetic
1660,T08,x+12=8,x=8+12,TRANSPOSITION,direct,synthetic
1661,T12,(-8)(-3x)=-144,x=-16/3,ARITHMETIC_SLIP,combined,synthetic
1662,T05,12-(x+6)=6,-x=24,TRANSPOSITION,combined,synthetic
1663,T09,x-11=-6,x=-6-11,TRANSPOSITION,direct,synthetic
1664,T11,16=x+7,18-7=x,ARITHMETIC_SLIP,direct,synthetic
1665,T12,(-4)(-3x)=-48,x=4,NEG_TIMES_NEG,combined,synthetic
1666,T12,(-4)(-x)=20,4x=22,ARITHMETIC_SLIP,direct,synthetic
1667,T10,9x+4=-14,9x=-14+4,TRANSPOSITION,direct,synthetic
1668,T10,8x+6=62,14x=62,UNLIKE_TERMS,direct,synthetic
1669,T13,2(x+3)+3x=26,5x+3=26,PARTIAL_DISTRIBUTION,direct,synthetic
1670,T03,-5(x+9)=-90,9-5x=-90,PARTIAL_DISTRIBUTION,direct,synthetic
1671,T02,7(x-2)=0,7x=2,PARTIAL_DISTRIBUTION,combined,synthetic
1672,T12,(-5)(-2x)=-80,10x=-80,NONE,direct,synthetic
1673,T12,(-2)(-3x)=54,x=-9,NEG_TIMES_NEG,combined,synthetic
1674,T10,5x+7=2,x=1/6,UNLIKE_TERMS,combined,synthetic
1675,T04,-(x+12)=-8,x=8/13,UNLIKE_TERMS,combined,synthetic
1676,T07,(x-7)^2=49,x^2+49=49,SQUARE_OF_SUM,direct,synthetic
1677,T12,(-6)(-2x)=60,-12x=60,NEG_TIMES_NEG,direct,synthetic
1678,T12,(-6)(-9x)=-324,-54x=-324,NEG_TIMES_NEG,direct,synthetic
1679,T13,3(x+6)+5x=-30,8x+6=-30,PARTIAL_DISTRIBUTION,direct,synthetic
1680,T01,4(x+8)=32,4x+32=32,NONE,direct,synthetic
1681,T04,-(x+2)=4,-x+2=4,NEGATIVE_DISTRIBUTION,direct,synthetic
1682,T09,x-6=-11,x=-11-6,TRANSPOSITION,direct,synthetic
1683,T01,2(x+3)=2,2x+3=2,PARTIAL_DISTRIBUTION,direct,synthetic
1684,T02,4(x-6)=16,4x=40,NONE,combined,synthetic
1685,T13,3(x+1)+4x=-11,3x+3+4x=-11,NONE,direct,synthetic
1686,T11,2=x+6,-x=4,NONE,combined,synthetic
1687,T09,x-1=-3,0=-3,UNLIKE_TERMS,direct,synthetic
1688,T07,(x-6)^2=25,x^2-12x+36=22,ARITHMETIC_SLIP,direct,synthetic
1689,T12,(-3)(-2x)=-18,x=3,NEG_TIMES_NEG,combined,synthetic
1690,T02,4(x-6)=16,x=40,ARITHMETIC_SLIP,combined,synthetic
1691,T05,4-(x+2)=0,-x=-6,NEGATIVE_DISTRIBUTION,combined,synthetic
1692,T09,x-10=-2,x=2/9,UNLIKE_TERMS,combined,synthetic
1693,T12,(-3)(-7x)=105,-21x=105,NEG_TIMES_NEG,direct,synthetic
1694,T10,2x+9=19,2x=10,NONE,combined,synthetic
1695,T05,9-(x+3)=5,9-x+3=5,NEGATIVE_DISTRIBUTION,direct,synthetic
1696,T08,x+7=2,x=-2,ARITHMETIC_SLIP,combined,synthetic
1697,T04,-(x+10)=-13,-x=-3,NONE,combined,synthetic
1698,T12,(-4)(-7x)=84,x=-3,NEG_TIMES_NEG,combined,synthetic
1699,T05,6-(x+7)=-5,-x=-18,NEGATIVE_DISTRIBUTION,combined,synthetic
1700,T12,(-7)(-9x)=-567,-63x=-567,NEG_TIMES_NEG,direct,synthetic
1701,T05,7-(x+5)=-7,-x=5,TRANSPOSITION,combined,synthetic
1702,T12,(-3)(-7x)=-105,21x=-105,NONE,direct,synthetic
1703,T07,(x-4)^2=16,x^2+16=16,SQUARE_OF_SUM,direct,synthetic
1704,T05,12-(x+3)=0,-x=-9,NONE,combined,synthetic
1705,T10,4x+9=5,4x=14,TRANSPOSITION,combined,synthetic
1706,T01,5(x+7)=80,5x+7=80,PARTIAL_DISTRIBUTION,direct,synthetic
1707,T06,(x+10)^2=225,x^2+100=225,SQUARE_OF_SUM,direct,synthetic
1708,T12,(-8)(-9x)=144,x=-2,NEG_TIMES_NEG,combined,synthetic
1709,T03,-4(x+4)=-16,-4x=-2,ARITHMETIC_SLIP,combined,synthetic
1710,T03,-8(x+5)=-24,5-8x=-24,PARTIAL_DISTRIBUTION,direct,synthetic
1711,T10,7x+12=47,x=47/19,UNLIKE_TERMS,combined,synthetic
1712,T09,x-3=0,x=0,UNLIKE_TERMS,combined,synthetic
1713,T13,3(x+5)+x=19,3x=4,ARITHMETIC_SLIP,combined,synthetic
1714,T06,(x+3)^2=289,x^2+9=289,SQUARE_OF_SUM,direct,synthetic
1715,T12,(-6)(-x)=-6,6x=-6,NONE,direct,synthetic
1716,T06,(x+12)^2=576,x^2+144=576,SQUARE_OF_SUM,direct,synthetic
1717,T05,9-(x+2)=9,-x=20,TRANSPOSITION,combined,synthetic
1718,T06,(x+12)^2=64,x^2+24x+143=64,ARITHMETIC_SLIP,direct,synthetic
1719,T02,6(x-4)=-42,6x=-38,PARTIAL_DISTRIBUTION,combined,synthetic
1720,T12,(-8)(-8x)=512,x=-8,NEG_TIMES_NEG,combined,synthetic
1721,T12,(-8)(-7x)=112,x=-2,NEG_TIMES_NEG,combined,synthetic
1722,T12,(-3)(-x)=-15,3x=-16,ARITHMETIC_SLIP,direct,synthetic
1723,T13,5(x+2)+4x=82,9x+2=82,PARTIAL_DISTRIBUTION,direct,synthetic
1724,T12,(-7)(-2x)=-70,-14x=-70,NEG_TIMES_NEG,direct,synthetic
1725,T12,(-6)(-3x)=-54,x=3,NEG_TIMES_NEG,combined,synthetic
1726,T02,6(x-3)=-36,6x=-33,PARTIAL_DISTRIBUTION,combined,synthetic
1727,T13,4(x+1)+3x=32,4x+4+3x=32,NONE,direct,synthetic
1728,T05,8-(x+1)=12,-x=21,TRANSPOSITION,combined,synthetic
1729,T12,(-2)(-9x)=-162,-18x=-162,NEG_TIMES_NEG,direct,synthetic
1730,T10,6x+11=-13,x=-13/17,UNLIKE_TERMS,combined,synthetic
1731,T04,-(x+8)=-12,-9x=-12,UNLIKE_TERMS,direct,synthetic
1732,T12,(-9)(-5x)=405,x=134/15,ARITHMETIC_SLIP,combined,synthetic
1733,T09,x-2=-5,x=-5-2,TRANSPOSITION,direct,synthetic
1734,T05,8-(x+8)=2,-(x+8)=2+8,TRANSPOSITION,direct,synthetic
1735,T02,7(x-5)=-28,7x=-23,PARTIAL_DISTRIBUTION,combined,synthetic
1736,T07,(x-3)^2=4,x^2+9=4,SQUARE_OF_SUM,direct,synthetic
1737,T12,(-2)(-4x)=64,x=-8,NEG_TIMES_NEG,combined,synthetic
1738,T10,4x+9=45,4x=36,NONE,combined,synthetic
1739,T13,3(x+4)+x=32,4x=28,PARTIAL_DISTRIBUTION,combined,synthetic
1740,T07,(x-7)^2=81,x^2+49=81,SQUARE_OF_SUM,direct,synthetic
1741,T05,9-(x+1)=11,9-x+1=11,NEGATIVE_DISTRIBUTION,direct,synthetic
1742,T03,-5(x+9)=-20,-6x=25,ARITHMETIC_SLIP,combined,synthetic
1743,T02,2(x-6)=2,2x=17,ARITHMETIC_SLIP,combined,synthetic
1744,T01,8(x+3)=48,8x=45,PARTIAL_DISTRIBUTION,combined,synthetic
1745,T01,3(x+7)=51,3x+7=51,PARTIAL_DISTRIBUTION,direct,synthetic
1746,T04,-(x+6)=-7,-x-6=-8,ARITHMETIC_SLIP,direct,synthetic
1747,T10,9x+7=43,9x=50,TRANSPOSITION,combined,synthetic
1748,T08,x+10=15,x=25,TRANSPOSITION,combined,synthetic
1749,T10,7x+4=32,x=32/11,UNLIKE_TERMS,combined,synthetic
1750,T03,-5(x+5)=-25,-5x-25=-25,NONE,direct,synthetic
1751,T12,(-7)(-4x)=28,-28x=28,NEG_TIMES_NEG,direct,synthetic
1752,T12,(-5)(-8x)=-120,40x=-117,ARITHMETIC_SLIP,direct,synthetic
1753,T01,7(x+8)=112,7x+8=112,PARTIAL_DISTRIBUTION,direct,synthetic
1754,T02,8(x-1)=56,8x-8=56,NONE,direct,synthetic
1755,T12,(-2)(-x)=-14,2x=-14,NONE,direct,synthetic
1756,T01,7(x+3)=0,7x+21=0,NONE,direct,synthetic
1757,T02,9(x-9)=-99,9x=-90,PARTIAL_DISTRIBUTION,combined,synthetic
1758,T12,(-4)(-x)=16,-4x=16,NEG_TIMES_NEG,direct,synthetic
1759,T11,12=x+9,12-6=x,ARITHMETIC_SLIP,direct,synthetic
1760,T09,x-10=-13,x=-23,TRANSPOSITION,combined,synthetic
1761,T12,(-9)(-7x)=378,x=-6,NEG_TIMES_NEG,combined,synthetic
1762,T03,-7(x+7)=-84,7-7x=-84,PARTIAL_DISTRIBUTION,direct,synthetic
1763,T05,7-(x+5)=0,-x=-12,NEGATIVE_DISTRIBUTION,combined,synthetic
1764,T04,-(x+9)=-16,-x-9=-17,ARITHMETIC_SLIP,direct,synthetic
1765,T03,-8(x+2)=0,-8x-16=0,NONE,direct,synthetic
1766,T10,3x+6=-6,3x=-6+6,TRANSPOSITION,direct,synthetic
1767,T01,6(x+7)=84,6x+42=84,NONE,direct,synthetic
1768,T06,(x+7)^2=121,x^2+49=121,SQUARE_OF_SUM,direct,synthetic
1769,T06,(x+5)^2=100,x^2+25=100,SQUARE_OF_SUM,direct,synthetic
1770,T12,(-6)(-2x)=108,x=-9,NEG_TIMES_NEG,combined,synthetic
1771,T04,-(x+10)=-18,-x=-28,NEGATIVE_DISTRIBUTION,combined,synthetic
1772,T03,-7(x+7)=-84,-8x=-35,ARITHMETIC_SLIP,combined,synthetic
1773,T12,(-8)(-8x)=448,64x=448,NONE,direct,synthetic
1774,T12,(-2)(-3x)=48,-6x=48,NEG_TIMES_NEG,direct,synthetic
1775,T11,9=x+1,9-1=x,NONE,direct,synthetic
1776,T12,(-2)(-5x)=70,x=7,NONE,combined,synthetic
1777,T08,x+2=-4,3x=-4,UNLIKE_TERMS,direct,synthetic
1778,T09,x-4=-5,x=-9,TRANSPOSITION,combined,synthetic
1779,T12,(-5)(-3x)=105,-15x=105,NEG_TIMES_NEG,direct,synthetic
1780,T09,x-10=0,x=-10,TRANSPOSITION,combined,synthetic
1781,T12,(-9)(-6x)=54,x=-1,NEG_TIMES_NEG,combined,synthetic
1782,T12,(-6)(-6x)=-216,39x=-216,ARITHMETIC_SLIP,direct,synthetic
1783,T12,(-7)(-7x)=-294,x=6,NEG_TIMES_NEG,combined,synthetic
1784,T03,-5(x+2)=15,-5x=13,PARTIAL_DISTRIBUTION,combined,synthetic
1785,T08,x+11=10,12x=10,UNLIKE_TERMS,direct,synthetic
1786,T04,-(x+5)=-8,-6x=-8,UNLIKE_TERMS,direct,synthetic
1787,T11,17=x+11,-x=-6,NONE,combined,synthetic
1788,T12,(-2)(-x)=2,x=1,NONE,combined,synthetic
1789,T12,(-4)(-8x)=-256,-32x=-256,NEG_TIMES_NEG,direct,synthetic
1790,T05,6-(x+4)=3,-x=-7,NEGATIVE_DISTRIBUTION,combined,synthetic
1791,T02,2(x-5)=2,2x-10=3,ARITHMETIC_SLIP,direct,synthetic
1792,T08,x+7=16,x=11,ARITHMETIC_SLIP,combined,synthetic
1793,T13,5(x+5)+x=19,8x+25+x=19,ARITHMETIC_SLIP,direct,synthetic
1794,T12,(-2)(-5x)=40,10x=40,NONE,direct,synthetic
1795,T04,-(x+6)=-12,-x-6=-11,ARITHMETIC_SLIP,direct,synthetic
1796,T05,6-(x+4)=3,-(x+4)=3+6,TRANSPOSITION,direct,synthetic
1797,T04,-(x+3)=-6,x=3/2,UNLIKE_TERMS,combined,synthetic
1798,T12,(-5)(-5x)=150,x=-6,NEG_TIMES_NEG,combined,synthetic
1799,T13,5(x+5)+4x=-11,9x+5=-11,PARTIAL_DISTRIBUTION,direct,synthetic
1800,T07,(x-12)^2=4,x^2-24x+146=4,ARITHMETIC_SLIP,direct,synthetic
1801,T01,6(x+1)=54,6x+6=54,NONE,direct,synthetic
1802,T12,(-4)(-2x)=-8,-8x=-8,NEG_TIMES_NEG,direct,synthetic
1803,T10,7x+7=49,7x=49+7,TRANSPOSITION,direct,synthetic
1804,T01,9(x+5)=99,9x+5=99,PARTIAL_DISTRIBUTION,direct,synthetic
1805,T04,-(x+9)=-4,-x=-13,NEGATIVE_DISTRIBUTION,combined,synthetic
1806,T10,4x+9=-3,13x=-3,UNLIKE_TERMS,direct,synthetic
1807,T12,(-5)(-6x)=-120,-30x=-120,NEG_TIMES_NEG,direct,synthetic
1808,T04,-(x+10)=-5,-x+10=-5,NEGATIVE_DISTRIBUTION,direct,synthetic
1809,T13,6(x+4)+4x=84,10x=80,PARTIAL_DISTRIBUTION,combined,synthetic
1810,T04,-(x+5)=-3,-6x=-3,UNLIKE_TERMS,direct,synthetic
1811,T08,x+5=7,x=7+5,TRANSPOSITION,direct,synthetic
1812,T12,(-5)(-2x)=40,x=40/9,ARITHMETIC_SLIP,combined,synthetic
1813,T13,2(x+2)+3x=-1,8x=-5,ARITHMETIC_SLIP,combined,synthetic
1814,T10,7x+1=-41,5x=-42,ARITHMETIC_SLIP,combined,synthetic
1815,T11,9=x+3,-x=-3,ARITHMETIC_SLIP,combined,synthetic
1816,T03,-9(x+5)=-36,5-9x=-36,PARTIAL_DISTRIBUTION,direct,synthetic
1817,T10,2x+8=28,2x=28+8,TRANSPOSITION,direct,synthetic
1818,T12,(-6)(-8x)=-240,-48x=-240,NEG_TIMES_NEG,direct,synthetic
1819,T02,5(x-3)=-25,5x-3=-25,PARTIAL_DISTRIBUTION,direct,synthetic
1820,T12,(-9)(-3x)=-135,x=-5,NONE,combined,synthetic
1821,T13,2(x+4)+5x=43,7x=39,PARTIAL_DISTRIBUTION,combined,synthetic
1822,T12,(-5)(-5x)=-75,x=3,NEG_TIMES_NEG,combined,synthetic
1823,T02,4(x-7)=12,4x-7=12,PARTIAL_DISTRIBUTION,direct,synthetic
1824,T08,x+12=19,x=19/13,UNLIKE_TERMS,combined,synthetic
1825,T10,5x+8=48,5x=48-5,ARITHMETIC_SLIP,direct,synthetic
1826,T01,3(x+2)=33,3x=31,PARTIAL_DISTRIBUTION,combined,synthetic
1827,T04,-(x+6)=-5,-x=-11,NEGATIVE_DISTRIBUTION,combined,synthetic
1828,T06,(x+9)^2=36,x^2+16x+81=36,ARITHMETIC_SLIP,direct,synthetic
1829,T01,3(x+2)=0,3x=-2,PARTIAL_DISTRIBUTION,combined,synthetic
1830,T10,9x+11=38,20x=38,UNLIKE_TERMS,direct,synthetic
1831,T12,(-5)(-9x)=-45,-45x=-45,NEG_TIMES_NEG,direct,synthetic
1832,T07,(x-2)^2=16,x^2-4x+5=16,ARITHMETIC_SLIP,direct,synthetic
1833,T07,(x-4)^2=81,x^2+16=81,SQUARE_OF_SUM,direct,synthetic
1834,T09,x-1=-2,x=-2-1,TRANSPOSITION,direct,synthetic
1835,T09,x-9=1,x=1+9,NONE,direct,synthetic
1836,T08,x+7=16,8x=16,UNLIKE_TERMS,direct,synthetic
1837,T12,(-5)(-7x)=70,-35x=70,NEG_TIMES_NEG,direct,synthetic
1838,T04,-(x+5)=-8,-x=-13,NEGATIVE_DISTRIBUTION,combined,synthetic
1839,T06,(x+2)^2=121,x^2+4=121,SQUARE_OF_SUM,direct,synthetic
1840,T10,2x+10=18,12x=18,UNLIKE_TERMS,direct,synthetic
1841,T08,x+10=14,x=14/11,UNLIKE_TERMS,combined,synthetic
1842,T12,(-7)(-4x)=112,28x=112,NONE,direct,synthetic
1843,T01,4(x+6)=44,4x=38,PARTIAL_DISTRIBUTION,combined,synthetic
1844,T04,-(x+2)=-2,-x=0,NONE,combined,synthetic
1845,T10,7x+7=49,x=7/2,UNLIKE_TERMS,combined,synthetic
1846,T04,-(x+1)=2,-2x=2,UNLIKE_TERMS,direct,synthetic
1847,T13,5(x+3)+2x=22,5x+15+2x=21,ARITHMETIC_SLIP,direct,synthetic
1848,T01,5(x+9)=75,5x=29,ARITHMETIC_SLIP,combined,synthetic
1849,T03,-8(x+7)=-96,-7x-56=-96,ARITHMETIC_SLIP,direct,synthetic
1850,T03,-9(x+2)=-108,-9x-18=-108,NONE,direct,synthetic
1851,T06,(x+7)^2=196,x^2+49=196,SQUARE_OF_SUM,direct,synthetic
1852,T12,(-7)(-2x)=14,14x=14,NONE,direct,synthetic
1853,T02,4(x-3)=4,4x=13,ARITHMETIC_SLIP,combined,synthetic
1854,T12,(-8)(-4x)=-32,x=1,NEG_TIMES_NEG,combined,synthetic
1855,T12,(-3)(-3x)=-54,x=6,NEG_TIMES_NEG,combined,synthetic
1856,T12,(-9)(-5x)=-315,-45x=-315,NEG_TIMES_NEG,direct,synthetic
1857,T12,(-7)(-4x)=-140,x=5,NEG_TIMES_NEG,combined,synthetic
1858,T13,3(x+1)+5x=43,8x+1=43,PARTIAL_DISTRIBUTION,direct,synthetic
1859,T04,-(x+8)=-3,-x+8=-3,NEGATIVE_DISTRIBUTION,direct,synthetic
1860,T07,(x-11)^2=36,x^2+121=36,SQUARE_OF_SUM,direct,synthetic
1861,T10,5x+11=16,5x=16-11,NONE,direct,synthetic
1862,T04,-(x+8)=-6,-x=-14,NEGATIVE_DISTRIBUTION,combined,synthetic
1863,T10,6x+11=29,17x=29,UNLIKE_TERMS,direct,synthetic
1864,T03,-8(x+3)=-48,3-8x=-48,PARTIAL_DISTRIBUTION,direct,synthetic
1865,T13,4(x+2)+4x=-40,8x=-48,NONE,combined,synthetic
1866,T02,3(x-5)=-24,3x-15=-24,NONE,direct,synthetic
1867,T12,(-6)(-x)=-36,6x=-38,ARITHMETIC_SLIP,direct,synthetic
1868,T10,7x+11=-24,7x=-13,TRANSPOSITION,combined,synthetic
1869,T12,(-5)(-9x)=135,x=-3,NEG_TIMES_NEG,combined,synthetic
1870,T13,6(x+3)+3x=-9,9x=-12,PARTIAL_DISTRIBUTION,combined,synthetic
1871,T11,11=x+11,11-11=x,NONE,direct,synthetic
1872,T12,(-6)(-x)=-6,x=-7/6,ARITHMETIC_SLIP,combined,synthetic
1873,T01,6(x+8)=30,6x=22,PARTIAL_DISTRIBUTION,combined,synthetic
1874,T03,-7(x+7)=-63,7-7x=-63,PARTIAL_DISTRIBUTION,direct,synthetic
1875,T01,6(x+3)=60,6x=57,PARTIAL_DISTRIBUTION,combined,synthetic
1876,T03,-5(x+2)=0,-5x=-2,PARTIAL_DISTRIBUTION,combined,synthetic
1877,T12,(-3)(-7x)=42,x=2,NONE,combined,synthetic
1878,T04,-(x+4)=-5,-x+4=-5,NEGATIVE_DISTRIBUTION,direct,synthetic
1879,T12,(-4)(-3x)=96,x=-8,NEG_TIMES_NEG,combined,synthetic
1880,T02,4(x-6)=-8,4x=-2,PARTIAL_DISTRIBUTION,combined,synthetic
1881,T10,3x+1=25,4x=25,UNLIKE_TERMS,direct,synthetic
1882,T09,x-9=1,-8x=1,UNLIKE_TERMS,direct,synthetic
1883,T13,3(x+3)+2x=59,5x=50,NONE,combined,synthetic
1884,T05,3-(x+4)=-5,3-x+4=-5,NEGATIVE_DISTRIBUTION,direct,synthetic
1885,T01,7(x+6)=98,7x=56,NONE,combined,synthetic
1886,T08,x+1=1,x=2,TRANSPOSITION,combined,synthetic
1887,T09,x-7=0,x=-7,TRANSPOSITION,combined,synthetic
1888,T08,x+10=9,x=9-7,ARITHMETIC_SLIP,direct,synthetic
1889,T02,8(x-9)=8,8x=17,PARTIAL_DISTRIBUTION,combined,synthetic
1890,T03,-9(x+1)=45,-9x=44,PARTIAL_DISTRIBUTION,combined,synthetic
1891,T12,(-7)(-3x)=189,x=-9,NEG_TIMES_NEG,combined,synthetic
1892,T08,x+11=9,x=9+11,TRANSPOSITION,direct,synthetic
1893,T13,6(x+3)+5x=84,11x=66,NONE,combined,synthetic
1894,T10,4x+9=5,x=5/13,UNLIKE_TERMS,combined,synthetic
1895,T09,x-9=-5,x=-5-9,TRANSPOSITION,direct,synthetic
1896,T08,x+2=7,x=7/3,UNLIKE_TERMS,combined,synthetic
1897,T10,2x+10=26,x=13/6,UNLIKE_TERMS,combined,synthetic
1898,T03,-9(x+9)=-117,9-9x=-117,PARTIAL_DISTRIBUTION,direct,synthetic
1899,T01,6(x+8)=30,6x+8=30,PARTIAL_DISTRIBUTION,direct,synthetic
1900,T07,(x-6)^2=1,x^2+36=1,SQUARE_OF_SUM,direct,synthetic
1901,T08,x+2=2,x=2/3,UNLIKE_TERMS,combined,synthetic
1902,T10,5x+12=2,5x=2+12,TRANSPOSITION,direct,synthetic
1903,T10,7x+11=-24,x=-4/3,UNLIKE_TERMS,combined,synthetic
1904,T09,x-12=-16,x=-28,TRANSPOSITION,combined,synthetic
1905,T09,x-2=-8,-x=-8,UNLIKE_TERMS,direct,synthetic
1906,T03,-7(x+8)=-126,-7x=-134,PARTIAL_DISTRIBUTION,combined,synthetic
1907,T13,4(x+4)+2x=4,6x+4=4,PARTIAL_DISTRIBUTION,direct,synthetic
1908,T10,3x+1=-14,3x=-14+1,TRANSPOSITION,direct,synthetic
1909,T12,(-6)(-2x)=-84,14x=-84,ARITHMETIC_SLIP,direct,synthetic
1910,T12,(-3)(-9x)=-243,-27x=-243,NEG_TIMES_NEG,direct,synthetic
1911,T07,(x-1)^2=196,x^2+1=196,SQUARE_OF_SUM,direct,synthetic
1912,T03,-6(x+6)=-42,-6x=-6,NONE,combined,synthetic
1913,T03,-9(x+7)=-144,-9x-63=-144,NONE,direct,synthetic
1914,T05,5-(x+6)=-8,-x=3,TRANSPOSITION,combined,synthetic
1915,T08,x+12=20,13x=20,UNLIKE_TERMS,direct,synthetic
1916,T05,11-(x+9)=4,-x=-1,ARITHMETIC_SLIP,combined,synthetic
1917,T10,2x+9=19,x=19/11,UNLIKE_TERMS,combined,synthetic
1918,T10,5x+6=46,x=46/11,UNLIKE_TERMS,combined,synthetic
1919,T01,7(x+9)=49,7x=40,PARTIAL_DISTRIBUTION,combined,synthetic
1920,T05,11-(x+7)=8,-x=4,NONE,combined,synthetic
1921,T06,(x+6)^2=400,x^2+36=400,SQUARE_OF_SUM,direct,synthetic
1922,T12,(-9)(-x)=-18,x=2,NEG_TIMES_NEG,combined,synthetic
1923,T10,5x+3=3,5x=3+3,TRANSPOSITION,direct,synthetic
1924,T13,3(x+2)+x=6,4x=4,PARTIAL_DISTRIBUTION,combined,synthetic
1925,T04,-(x+3)=-5,-4x=-5,UNLIKE_TERMS,direct,synthetic
1926,T10,5x+8=48,x=48/13,UNLIKE_TERMS,combined,synthetic
1927,T08,x+7=4,x=4+7,TRANSPOSITION,direct,synthetic
1928,T05,12-(x+2)=9,-x=-5,NEGATIVE_DISTRIBUTION,combined,synthetic
1929,T05,2-(x+1)=4,2-x-1=4,NONE,direct,synthetic
1930,T04,-(x+2)=-7,x=7/3,UNLIKE_TERMS,combined,synthetic
1931,T01,6(x+4)=6,6x=2,PARTIAL_DISTRIBUTION,combined,synthetic
1932,T03,-2(x+9)=-34,-2x-18=-34,NONE,direct,synthetic
1933,T07,(x-10)^2=225,x^2+100=225,SQUARE_OF_SUM,direct,synthetic
1934,T08,x+8=3,9x=3,UNLIKE_TERMS,direct,synthetic
1935,T05,2-(x+7)=-7,-x=-16,NEGATIVE_DISTRIBUTION,combined,synthetic
1936,T04,-(x+4)=-2,-x=-6,NEGATIVE_DISTRIBUTION,combined,synthetic
1937,T07,(x-8)^2=144,x^2+64=144,SQUARE_OF_SUM,direct,synthetic
1938,T05,10-(x+5)=6,-x=-9,NEGATIVE_DISTRIBUTION,combined,synthetic
1939,T06,(x+3)^2=169,x^2+6x+9=169,NONE,direct,synthetic
1940,T08,x+8=8,9x=8,UNLIKE_TERMS,direct,synthetic
1941,T12,(-2)(-8x)=112,x=-7,NEG_TIMES_NEG,combined,synthetic
1942,T12,(-5)(-3x)=-15,15x=-15,NONE,direct,synthetic
1943,T12,(-6)(-5x)=240,-30x=240,NEG_TIMES_NEG,direct,synthetic
1944,T11,9=x+11,9-9=x,ARITHMETIC_SLIP,direct,synthetic
1945,T04,-(x+11)=-15,-x-11=-12,ARITHMETIC_SLIP,direct,synthetic
1946,T08,x+11=18,x=3/2,UNLIKE_TERMS,combined,synthetic
1947,T04,-(x+6)=-12,-x+6=-12,NEGATIVE_DISTRIBUTION,direct,synthetic
1948,T06,(x+3)^2=144,x^2+6x+9=147,ARITHMETIC_SLIP,direct,synthetic
1949,T09,x-4=0,x=0,UNLIKE_TERMS,combined,synthetic
1950,T04,-(x+11)=-14,-12x=-14,UNLIKE_TERMS,direct,synthetic
1951,T02,7(x-2)=35,7x=37,PARTIAL_DISTRIBUTION,combined,synthetic
1952,T13,6(x+6)+x=8,6x+36+x=8,NONE,direct,synthetic
1953,T12,(-7)(-6x)=-126,x=3,NEG_TIMES_NEG,combined,synthetic
1954,T12,(-9)(-5x)=-405,x=9,NEG_TIMES_NEG,combined,synthetic
1955,T11,10=x+5,-x=-7,ARITHMETIC_SLIP,combined,synthetic
1956,T08,x+2=4,3x=4,UNLIKE_TERMS,direct,synthetic
1957,T12,(-5)(-2x)=50,7x=50,ARITHMETIC_SLIP,direct,synthetic
1958,T01,7(x+2)=21,7x=19,PARTIAL_DISTRIBUTION,combined,synthetic
1959,T05,7-(x+5)=0,-(x+5)=0+7,TRANSPOSITION,direct,synthetic
1960,T12,(-7)(-7x)=-98,-49x=-98,NEG_TIMES_NEG,direct,synthetic
1961,T01,4(x+1)=-8,4x+1=-8,PARTIAL_DISTRIBUTION,direct,synthetic
1962,T05,4-(x+5)=2,4-x+5=2,NEGATIVE_DISTRIBUTION,direct,synthetic
1963,T05,11-(x+1)=2,-x=-10,NEGATIVE_DISTRIBUTION,combined,synthetic
1964,T05,5-(x+8)=-8,-x=-21,NEGATIVE_DISTRIBUTION,combined,synthetic
1965,T12,(-6)(-6x)=-216,36x=-215,ARITHMETIC_SLIP,direct,synthetic
1966,T05,2-(x+3)=2,-x=3,NONE,combined,synthetic
1967,T04,-(x+2)=-1,-x=0,ARITHMETIC_SLIP,combined,synthetic
1968,T02,2(x-2)=16,2x=18,PARTIAL_DISTRIBUTION,combined,synthetic
1969,T12,(-7)(-9x)=-567,x=9,NEG_TIMES_NEG,combined,synthetic
1970,T08,x+10=5,x=5+10,TRANSPOSITION,direct,synthetic
1971,T09,x-9=-10,x=-19,TRANSPOSITION,combined,synthetic
1972,T12,(-3)(-4x)=-84,11x=-84,ARITHMETIC_SLIP,direct,synthetic
1973,T04,-(x+6)=-9,-x+6=-9,NEGATIVE_DISTRIBUTION,direct,synthetic
1974,T12,(-2)(-4x)=-48,x=6,NEG_TIMES_NEG,combined,synthetic
1975,T06,(x+4)^2=9,x^2+16=9,SQUARE_OF_SUM,direct,synthetic
1976,T05,12-(x+4)=9,12-x+4=9,NEGATIVE_DISTRIBUTION,direct,synthetic
1977,T02,9(x-5)=-90,9x=-85,PARTIAL_DISTRIBUTION,combined,synthetic
1978,T02,2(x-7)=-10,2x-7=-10,PARTIAL_DISTRIBUTION,direct,synthetic
1979,T02,5(x-3)=-25,5x-15=-25,NONE,direct,synthetic
1980,T02,3(x-7)=-30,3x-7=-30,PARTIAL_DISTRIBUTION,direct,synthetic
1981,T02,9(x-6)=-18,9x=36,NONE,combined,synthetic
1982,T11,7=x+6,-x=0,ARITHMETIC_SLIP,combined,synthetic
1983,T10,3x+3=-3,x=-6,ARITHMETIC_SLIP,combined,synthetic
1984,T01,4(x+8)=72,4x+32=73,ARITHMETIC_SLIP,direct,synthetic
1985,T07,(x-2)^2=144,x^2-6x+4=144,ARITHMETIC_SLIP,direct,synthetic
1986,T08,x+11=18,x=18-11,NONE,direct,synthetic
1987,T09,x-4=5,x=9,NONE,combined,synthetic
1988,T02,4(x-3)=4,4x=7,PARTIAL_DISTRIBUTION,combined,synthetic
1989,T02,7(x-2)=21,10x=35,ARITHMETIC_SLIP,combined,synthetic
1990,T09,x-4=-7,x=7/3,UNLIKE_TERMS,combined,synthetic
1991,T05,10-(x+7)=5,-x=-12,NEGATIVE_DISTRIBUTION,combined,synthetic
1992,T10,6x+3=51,9x=51,UNLIKE_TERMS,direct,synthetic
1993,T08,x+6=6,x=12,TRANSPOSITION,combined,synthetic
1994,T08,x+12=22,x=22+12,TRANSPOSITION,direct,synthetic
1995,T12,(-8)(-4x)=288,x=-9,NEG_TIMES_NEG,combined,synthetic
1996,T08,x+9=18,10x=18,UNLIKE_TERMS,direct,synthetic
1997,T12,(-3)(-4x)=-60,-12x=-60,NEG_TIMES_NEG,direct,synthetic
1998,T05,11-(x+9)=-2,-x=-4,NONE,combined,synthetic
1999,T10,4x+10=22,4x=12,NONE,combined,synthetic
2000,T02,7(x-6)=0,7x=6,PARTIAL_DISTRIBUTION,combined,synthetic
2001,T06,(x+2)^2=196,x^2+4x+2=196,ARITHMETIC_SLIP,direct,synthetic
2002,T12,(-2)(-2x)=36,-4x=36,NEG_TIMES_NEG,direct,synthetic
2003,T10,4x+5=37,4x=42,TRANSPOSITION,combined,synthetic
2004,T12,(-4)(-3x)=-48,x=-15/4,ARITHMETIC_SLIP,combined,synthetic
2005,T01,9(x+3)=45,9x+3=45,PARTIAL_DISTRIBUTION,direct,synthetic
2006,T13,6(x+5)+x=51,7x=46,PARTIAL_DISTRIBUTION,combined,synthetic
2007,T04,-(x+5)=-9,-x+5=-9,NEGATIVE_DISTRIBUTION,direct,synthetic
2008,T09,x-7=1,-6x=1,UNLIKE_TERMS,direct,synthetic
2009,T05,6-(x+9)=-9,-x=6,TRANSPOSITION,combined,synthetic
2010,T09,x-7=-12,x=-12-7,TRANSPOSITION,direct,synthetic
2011,T12,(-3)(-x)=21,x=-7,NEG_TIMES_NEG,combined,synthetic
2012,T02,4(x-2)=24,4x=26,PARTIAL_DISTRIBUTION,combined,synthetic
2013,T10,6x+5=53,11x=53,UNLIKE_TERMS,direct,synthetic
2014,T07,(x-9)^2=64,x^2-18x+81=62,ARITHMETIC_SLIP,direct,synthetic
2015,T04,-(x+9)=-11,-x+9=-11,NEGATIVE_DISTRIBUTION,direct,synthetic
2016,T02,4(x-3)=-28,4x-3=-28,PARTIAL_DISTRIBUTION,direct,synthetic
2017,T10,3x+9=9,x=3/4,UNLIKE_TERMS,combined,synthetic
2018,T11,17=x+11,17-11=x,NONE,direct,synthetic
2019,T12,(-5)(-9x)=-90,-45x=-90,NEG_TIMES_NEG,direct,synthetic
2020,T13,3(x+2)+5x=86,8x+2=86,PARTIAL_DISTRIBUTION,direct,synthetic
2021,T04,-(x+12)=-13,-x=-25,NEGATIVE_DISTRIBUTION,combined,synthetic
2022,T02,3(x-8)=0,6x=24,ARITHMETIC_SLIP,combined,synthetic
2023,T01,4(x+6)=20,4x=-4,NONE,combined,synthetic
2024,T10,2x+12=4,14x=4,UNLIKE_TERMS,direct,synthetic
2025,T08,x+6=13,x=13/7,UNLIKE_TERMS,combined,synthetic
2026,T04,-(x+8)=-14,-9x=-14,UNLIKE_TERMS,direct,synthetic
2027,T10,7x+11=74,7x=85,TRANSPOSITION,combined,synthetic
2028,T04,-(x+3)=-11,-x+3=-11,NEGATIVE_DISTRIBUTION,direct,synthetic
2029,T12,(-9)(-6x)=-432,x=-144/17,ARITHMETIC_SLIP,combined,synthetic
2030,T12,(-3)(-3x)=27,-9x=27,NEG_TIMES_NEG,direct,synthetic
2031,T04,-(x+8)=-6,-9x=-6,UNLIKE_TERMS,direct,synthetic
2032,T12,(-5)(-5x)=200,25x=202,ARITHMETIC_SLIP,direct,synthetic
2033,T05,12-(x+2)=13,12-x+2=13,NEGATIVE_DISTRIBUTION,direct,synthetic
2034,T12,(-3)(-5x)=-135,15x=-134,ARITHMETIC_SLIP,direct,synthetic
2035,T12,(-2)(-6x)=-72,12x=-72,NONE,direct,synthetic
2036,T10,8x+5=5,13x=5,UNLIKE_TERMS,direct,synthetic
2037,T09,x-7=-13,x=13/6,UNLIKE_TERMS,combined,synthetic
2038,T12,(-4)(-2x)=8,-8x=8,NEG_TIMES_NEG,direct,synthetic
2039,T05,2-(x+9)=-1,-x=-12,NEGATIVE_DISTRIBUTION,combined,synthetic
2040,T13,6(x+2)+x=-9,7x=-11,PARTIAL_DISTRIBUTION,combined,synthetic
2041,T05,3-(x+9)=-7,-(x+9)=-7+3,TRANSPOSITION,direct,synthetic
2042,T08,x+3=-2,x=-1/2,UNLIKE_TERMS,combined,synthetic
2043,T03,-7(x+3)=-63,3-7x=-63,PARTIAL_DISTRIBUTION,direct,synthetic
2044,T12,(-4)(-8x)=-192,x=6,NEG_TIMES_NEG,combined,synthetic
2045,T04,-(x+1)=0,-x-1=0,NONE,direct,synthetic
2046,T10,4x+7=-5,4x=-5+7,TRANSPOSITION,direct,synthetic
2047,T01,8(x+1)=88,8x=80,NONE,combined,synthetic
2048,T05,10-(x+9)=-8,10-x+9=-8,NEGATIVE_DISTRIBUTION,direct,synthetic
2049,T09,x-4=4,x=-4/3,UNLIKE_TERMS,combined,synthetic
2050,T10,6x+1=7,6x=5,ARITHMETIC_SLIP,combined,synthetic
2051,T12,(-5)(-3x)=-135,x=-46/5,ARITHMETIC_SLIP,combined,synthetic
2052,T02,8(x-8)=-32,7x-64=-32,ARITHMETIC_SLIP,direct,synthetic
2053,T12,(-2)(-7x)=-112,x=-28/3,ARITHMETIC_SLIP,combined,synthetic
2054,T08,x+3=7,x=7/4,UNLIKE_TERMS,combined,synthetic
2055,T08,x+4=2,x=2/5,UNLIKE_TERMS,combined,synthetic
2056,T09,x-11=-16,-10x=-16,UNLIKE_TERMS,direct,synthetic
2057,T01,9(x+4)=108,9x=104,PARTIAL_DISTRIBUTION,combined,synthetic
2058,T03,-8(x+2)=-24,-8x=-26,PARTIAL_DISTRIBUTION,combined,synthetic
2059,T11,-1=x+1,-x=2,NONE,combined,synthetic
2060,T08,x+10=11,x=21,TRANSPOSITION,combined,synthetic
2061,T10,6x+7=43,13x=43,UNLIKE_TERMS,direct,synthetic
2062,T01,6(x+4)=66,8x=42,ARITHMETIC_SLIP,combined,synthetic
2063,T12,(-4)(-2x)=-56,x=7,NEG_TIMES_NEG,combined,synthetic
2064,T13,5(x+1)+3x=29,8x+1=29,PARTIAL_DISTRIBUTION,direct,synthetic
2065,T12,(-3)(-4x)=36,-12x=36,NEG_TIMES_NEG,direct,synthetic
2066,T03,-6(x+1)=30,-6x=36,NONE,combined,synthetic
2067,T09,x-4=-8,-3x=-8,UNLIKE_TERMS,direct,synthetic
2068,T09,x-1=8,x=8-1,TRANSPOSITION,direct,synthetic
2069,T04,-(x+7)=-11,-x+7=-11,NEGATIVE_DISTRIBUTION,direct,synthetic
2070,T10,9x+5=-13,x=-13/14,UNLIKE_TERMS,combined,synthetic
2071,T05,11-(x+5)=3,-(x+5)=3+11,TRANSPOSITION,direct,synthetic
2072,T06,(x+10)^2=169,x^2+19x+100=169,ARITHMETIC_SLIP,direct,synthetic
2073,T06,(x+2)^2=196,x^2+4x+4=196,NONE,direct,synthetic
2074,T07,(x-11)^2=256,x^2-19x+121=256,ARITHMETIC_SLIP,direct,synthetic
2075,T08,x+8=17,x=17+8,TRANSPOSITION,direct,synthetic
2076,T10,8x+7=7,15x=7,UNLIKE_TERMS,direct,synthetic
2077,T03,-2(x+5)=-24,-2x=-29,PARTIAL_DISTRIBUTION,combined,synthetic
2078,T08,x+7=13,x=13/8,UNLIKE_TERMS,combined,synthetic
2079,T06,(x+4)^2=36,x^2+8x+16=34,ARITHMETIC_SLIP,direct,synthetic
2080,T10,2x+11=19,2x=30,TRANSPOSITION,combined,synthetic
2081,T05,12-(x+7)=3,12-x+7=3,NEGATIVE_DISTRIBUTION,direct,synthetic
2082,T12,(-8)(-7x)=-168,x=-83/28,ARITHMETIC_SLIP,combined,synthetic
2083,T09,x-11=-6,-10x=-6,UNLIKE_TERMS,direct,synthetic
2084,T05,4-(x+7)=3,-x=14,TRANSPOSITION,combined,synthetic
2085,T08,x+5=13,x=18,TRANSPOSITION,combined,synthetic
2086,T12,(-9)(-2x)=-90,x=-90/19,ARITHMETIC_SLIP,combined,synthetic
2087,T08,x+9=18,x=9/5,UNLIKE_TERMS,combined,synthetic
2088,T05,7-(x+7)=-1,-x=13,TRANSPOSITION,combined,synthetic
2089,T01,4(x+4)=0,4x+4=0,PARTIAL_DISTRIBUTION,direct,synthetic
2090,T10,2x+1=13,4x=12,ARITHMETIC_SLIP,combined,synthetic
2091,T03,-4(x+6)=-36,-4x=-12,NONE,combined,synthetic
2092,T05,2-(x+2)=-7,-x=-3,TRANSPOSITION,combined,synthetic
2093,T02,9(x-4)=18,9x=22,PARTIAL_DISTRIBUTION,combined,synthetic
2094,T08,x+5=10,6x=10,UNLIKE_TERMS,direct,synthetic
2095,T11,4=x+2,-x=-2,NONE,combined,synthetic
2096,T06,(x+9)^2=25,x^2+81=25,SQUARE_OF_SUM,direct,synthetic
2097,T12,(-2)(-7x)=56,-14x=56,NEG_TIMES_NEG,direct,synthetic
2098,T08,x+5=6,x=6-4,ARITHMETIC_SLIP,direct,synthetic
2099,T08,x+11=14,12x=14,UNLIKE_TERMS,direct,synthetic
2100,T12,(-4)(-9x)=-180,x=-5,NONE,combined,synthetic
2101,T13,6(x+2)+x=68,7x=56,NONE,combined,synthetic
2102,T09,x-9=1,x=1-9,TRANSPOSITION,direct,synthetic
2103,T04,-(x+7)=-10,-x=-17,NEGATIVE_DISTRIBUTION,combined,synthetic
2104,T10,7x+3=-11,10x=-11,UNLIKE_TERMS,direct,synthetic
2105,T05,10-(x+4)=2,10-x+4=2,NEGATIVE_DISTRIBUTION,direct,synthetic
2106,T12,(-4)(-6x)=-72,24x=-72,NONE,direct,synthetic
2107,T02,5(x-3)=5,5x=20,NONE,combined,synthetic
2108,T12,(-2)(-2x)=36,x=-9,NEG_TIMES_NEG,combined,synthetic
2109,T04,-(x+12)=-22,-x+12=-22,NEGATIVE_DISTRIBUTION,direct,synthetic
2110,T12,(-9)(-4x)=36,-36x=36,NEG_TIMES_NEG,direct,synthetic
2111,T12,(-4)(-9x)=36,-36x=36,NEG_TIMES_NEG,direct,synthetic
2112,T12,(-8)(-9x)=288,-72x=288,NEG_TIMES_NEG,direct,synthetic
2113,T09,x-4=-6,x=-2,NONE,combined,synthetic
2114,T06,(x+3)^2=324,x^2+9=324,SQUARE_OF_SUM,direct,synthetic
2115,T05,8-(x+7)=-3,-x=-18,NEGATIVE_DISTRIBUTION,combined,synthetic
2116,T10,3x+11=8,3x=19,TRANSPOSITION,combined,synthetic
2117,T08,x+11=11,x=11+11,TRANSPOSITION,direct,synthetic
2118,T01,7(x+9)=119,7x=110,PARTIAL_DISTRIBUTION,combined,synthetic
2119,T12,(-9)(-6x)=-432,x=8,NEG_TIMES_NEG,combined,synthetic
2120,T12,(-4)(-5x)=-180,20x=-180,NONE,direct,synthetic
2121,T13,2(x+1)+4x=2,6x=1,PARTIAL_DISTRIBUTION,combined,synthetic
2122,T05,6-(x+8)=0,6-x+8=0,NEGATIVE_DISTRIBUTION,direct,synthetic
2123,T10,8x+10=90,8x=90+10,TRANSPOSITION,direct,synthetic
2124,T12,(-9)(-x)=63,x=7,NONE,combined,synthetic
2125,T13,3(x+1)+5x=43,8x=42,PARTIAL_DISTRIBUTION,combined,synthetic
2126,T08,x+2=-1,x=1,TRANSPOSITION,combined,synthetic
2127,T02,7(x-3)=35,7x-3=35,PARTIAL_DISTRIBUTION,direct,synthetic
2128,T13,2(x+3)+2x=30,4x+3=30,PARTIAL_DISTRIBUTION,direct,synthetic
2129,T12,(-4)(-3x)=96,15x=96,ARITHMETIC_SLIP,direct,synthetic
2130,T13,2(x+5)+x=13,3x=8,PARTIAL_DISTRIBUTION,combined,synthetic
2131,T13,3(x+1)+x=15,4x=12,NONE,combined,synthetic
2132,T06,(x+7)^2=400,x^2+49=400,SQUARE_OF_SUM,direct,synthetic
2133,T12,(-8)(-x)=-72,6x=-72,ARITHMETIC_SLIP,direct,synthetic
2134,T03,-9(x+2)=-18,2-9x=-18,PARTIAL_DISTRIBUTION,direct,synthetic
2135,T03,-2(x+9)=-8,-2x=-17,PARTIAL_DISTRIBUTION,combined,synthetic
2136,T01,7(x+6)=21,7x+6=21,PARTIAL_DISTRIBUTION,direct,synthetic
2137,T05,3-(x+1)=3,-x=-1,NEGATIVE_DISTRIBUTION,combined,synthetic
2138,T05,3-(x+2)=0,-x=-5,NEGATIVE_DISTRIBUTION,combined,synthetic
2139,T10,7x+4=4,7x=8,TRANSPOSITION,combined,synthetic
2140,T06,(x+4)^2=1,x^2+16=1,SQUARE_OF_SUM,direct,synthetic
2141,T10,3x+3=33,3x=36,TRANSPOSITION,combined,synthetic
2142,T11,5=x+11,4-11=x,ARITHMETIC_SLIP,direct,synthetic
2143,T12,(-4)(-x)=32,-4x=32,NEG_TIMES_NEG,direct,synthetic
2144,T13,6(x+6)+5x=58,11x=52,PARTIAL_DISTRIBUTION,combined,synthetic
2145,T10,3x+3=-3,6x=-3,UNLIKE_TERMS,direct,synthetic
2146,T09,x-2=-4,x=4,UNLIKE_TERMS,combined,synthetic
2147,T12,(-9)(-7x)=-252,x=4,NEG_TIMES_NEG,combined,synthetic
2148,T12,(-3)(-5x)=60,-15x=60,NEG_TIMES_NEG,direct,synthetic
2149,T13,4(x+6)+5x=-12,9x+6=-12,PARTIAL_DISTRIBUTION,direct,synthetic
2150,T06,(x+8)^2=9,x^2+64=9,SQUARE_OF_SUM,direct,synthetic
2151,T12,(-2)(-x)=-10,x=-10,ARITHMETIC_SLIP,combined,synthetic
2152,T12,(-7)(-5x)=70,-35x=70,NEG_TIMES_NEG,direct,synthetic
2153,T13,2(x+5)+2x=22,4x+5=22,PARTIAL_DISTRIBUTION,direct,synthetic
2154,T05,4-(x+4)=-1,-(x+4)=-1+4,TRANSPOSITION,direct,synthetic
2155,T05,4-(x+5)=2,-x=11,TRANSPOSITION,combined,synthetic
2156,T13,2(x+3)+5x=-15,7x+3=-15,PARTIAL_DISTRIBUTION,direct,synthetic
2157,T04,-(x+11)=-7,-x=4,NONE,combined,synthetic
2158,T12,(-2)(-x)=-2,x=1,NEG_TIMES_NEG,combined,synthetic
2159,T05,5-(x+9)=-13,-x=-27,NEGATIVE_DISTRIBUTION,combined,synthetic
2160,T01,3(x+4)=21,3x+4=21,PARTIAL_DISTRIBUTION,direct,synthetic
2161,T07,(x-3)^2=16,x^2+9=16,SQUARE_OF_SUM,direct,synthetic
2162,T13,5(x+5)+2x=25,7x=20,PARTIAL_DISTRIBUTION,combined,synthetic
2163,T07,(x-2)^2=4,x^2+4=4,SQUARE_OF_SUM,direct,synthetic
2164,T08,x+2=6,x=8,TRANSPOSITION,combined,synthetic
2165,T02,3(x-7)=9,3x=30,NONE,combined,synthetic
2166,T04,-(x+8)=-3,x=1/3,UNLIKE_TERMS,combined,synthetic
2167,T02,6(x-7)=-78,6x-7=-78,PARTIAL_DISTRIBUTION,direct,synthetic
2168,T08,x+2=9,x=9-2,NONE,direct,synthetic
2169,T12,(-9)(-3x)=-27,x=1,NEG_TIMES_NEG,combined,synthetic
2170,T09,x-6=-4,x=-10,TRANSPOSITION,combined,synthetic
2171,T04,-(x+9)=-4,-10x=-4,UNLIKE_TERMS,direct,synthetic
2172,T02,6(x-6)=-48,6x-6=-48,PARTIAL_DISTRIBUTION,direct,synthetic
2173,T12,(-7)(-7x)=196,x=4,NONE,combined,synthetic
2174,T13,6(x+4)+2x=16,8x+4=16,PARTIAL_DISTRIBUTION,direct,synthetic
2175,T08,x+8=17,9x=17,UNLIKE_TERMS,direct,synthetic
2176,T09,x-11=-4,x=4,ARITHMETIC_SLIP,combined,synthetic
2177,T04,-(x+10)=-20,x=20/11,UNLIKE_TERMS,combined,synthetic
2178,T05,3-(x+9)=-7,-x=-1,NONE,combined,synthetic
2179,T10,6x+12=42,x=7/3,UNLIKE_TERMS,combined,synthetic
2180,T04,-(x+11)=-9,-x+11=-9,NEGATIVE_DISTRIBUTION,direct,synthetic
2181,T03,-6(x+4)=-36,4-6x=-36,PARTIAL_DISTRIBUTION,direct,synthetic
2182,T04,-(x+9)=-3,-x=-12,NEGATIVE_DISTRIBUTION,combined,synthetic
2183,T06,(x+9)^2=121,x^2+81=121,SQUARE_OF_SUM,direct,synthetic
2184,T12,(-4)(-2x)=-32,-8x=-32,NEG_TIMES_NEG,direct,synthetic
2185,T12,(-9)(-7x)=252,-63x=252,NEG_TIMES_NEG,direct,synthetic
2186,T06,(x+8)^2=441,x^2+64=441,SQUARE_OF_SUM,direct,synthetic
2187,T05,9-(x+6)=2,-x=17,TRANSPOSITION,combined,synthetic
2188,T09,x-5=0,-4x=0,UNLIKE_TERMS,direct,synthetic
2189,T05,7-(x+4)=8,7-x-4=6,ARITHMETIC_SLIP,direct,synthetic
2190,T12,(-6)(-4x)=-96,24x=-99,ARITHMETIC_SLIP,direct,synthetic
2191,T05,5-(x+3)=-4,5-x+3=-4,NEGATIVE_DISTRIBUTION,direct,synthetic
2192,T12,(-7)(-3x)=105,-21x=105,NEG_TIMES_NEG,direct,synthetic
2193,T12,(-5)(-x)=-40,x=-8,NONE,combined,synthetic
2194,T09,x-10=-3,-9x=-3,UNLIKE_TERMS,direct,synthetic
2195,T12,(-4)(-6x)=144,24x=144,NONE,direct,synthetic
2196,T08,x+7=5,8x=5,UNLIKE_TERMS,direct,synthetic
2197,T12,(-9)(-9x)=405,x=-5,NEG_TIMES_NEG,combined,synthetic
2198,T07,(x-2)^2=144,x^2-4x+4=144,NONE,direct,synthetic
2199,T10,9x+11=56,9x=67,TRANSPOSITION,combined,synthetic
2200,T03,-2(x+6)=-4,-4x=8,ARITHMETIC_SLIP,combined,synthetic
2201,T12,(-2)(-5x)=20,x=5/3,ARITHMETIC_SLIP,combined,synthetic
2202,T12,(-3)(-9x)=54,-27x=54,NEG_TIMES_NEG,direct,synthetic
2203,T03,-5(x+9)=-90,-5x-45=-90,NONE,direct,synthetic
2204,T04,-(x+5)=-8,-x+5=-8,NEGATIVE_DISTRIBUTION,direct,synthetic
2205,T10,8x+2=-14,10x=-14,UNLIKE_TERMS,direct,synthetic
2206,T10,3x+1=-14,x=-7/2,UNLIKE_TERMS,combined,synthetic
2207,T07,(x-1)^2=16,x^2-4x+1=16,ARITHMETIC_SLIP,direct,synthetic
2208,T11,12=x+9,-x=-6,ARITHMETIC_SLIP,combined,synthetic
2209,T12,(-6)(-4x)=192,x=96/11,ARITHMETIC_SLIP,combined,synthetic
2210,T12,(-4)(-x)=-20,x=5,NEG_TIMES_NEG,combined,synthetic
2211,T12,(-3)(-9x)=189,x=-7,NEG_TIMES_NEG,combined,synthetic
2212,T12,(-3)(-2x)=-42,-6x=-42,NEG_TIMES_NEG,direct,synthetic
2213,T08,x+4=1,x=1/5,UNLIKE_TERMS,combined,synthetic
2214,T02,7(x-2)=14,7x-2=14,PARTIAL_DISTRIBUTION,direct,synthetic
2215,T09,x-9=-15,x=-24,TRANSPOSITION,combined,synthetic
2216,T13,5(x+4)+2x=62,5x+20+2x=62,NONE,direct,synthetic
2217,T13,5(x+5)+x=31,6x+5=31,PARTIAL_DISTRIBUTION,direct,synthetic
2218,T07,(x-11)^2=49,x^2+121=49,SQUARE_OF_SUM,direct,synthetic
2219,T12,(-6)(-2x)=-60,x=5,NEG_TIMES_NEG,combined,synthetic
2220,T04,-(x+7)=-7,-x+7=-7,NEGATIVE_DISTRIBUTION,direct,synthetic
2221,T03,-5(x+4)=5,4-5x=5,PARTIAL_DISTRIBUTION,direct,synthetic
2222,T12,(-9)(-3x)=243,-27x=243,NEG_TIMES_NEG,direct,synthetic
2223,T06,(x+1)^2=25,x^2+1=25,SQUARE_OF_SUM,direct,synthetic
2224,T08,x+10=17,x=7,NONE,combined,synthetic
2225,T02,8(x-2)=40,8x-16=40,NONE,direct,synthetic
2226,T10,3x+5=32,x=4,UNLIKE_TERMS,combined,synthetic
2227,T05,6-(x+9)=-9,-x=-3,ARITHMETIC_SLIP,combined,synthetic
2228,T13,3(x+6)+5x=98,3x+18+7x=98,ARITHMETIC_SLIP,direct,synthetic
2229,T05,9-(x+7)=-1,-x=15,TRANSPOSITION,combined,synthetic
2230,T05,11-(x+1)=2,-x=14,TRANSPOSITION,combined,synthetic
2231,T13,5(x+3)+4x=33,9x+3=33,PARTIAL_DISTRIBUTION,direct,synthetic
2232,T12,(-7)(-2x)=-14,x=1,NEG_TIMES_NEG,combined,synthetic
2233,T02,8(x-3)=-56,8x=-53,PARTIAL_DISTRIBUTION,combined,synthetic
2234,T02,4(x-6)=16,4x-24=16,NONE,direct,synthetic
2235,T05,8-(x+4)=9,8-x+4=9,NEGATIVE_DISTRIBUTION,direct,synthetic
2236,T08,x+5=0,6x=0,UNLIKE_TERMS,direct,synthetic
2237,T05,7-(x+2)=-5,-(x+2)=-5+7,TRANSPOSITION,direct,synthetic
2238,T13,4(x+4)+2x=4,4x=-12,ARITHMETIC_SLIP,combined,synthetic
2239,T01,4(x+7)=64,4x=36,NONE,combined,synthetic
2240,T12,(-5)(-3x)=45,-15x=45,NEG_TIMES_NEG,direct,synthetic
2241,T12,(-6)(-7x)=-168,x=4,NEG_TIMES_NEG,combined,synthetic
2242,T12,(-7)(-x)=35,7x=35,NONE,direct,synthetic
2243,T12,(-8)(-x)=24,-8x=24,NEG_TIMES_NEG,direct,synthetic
2244,T10,5x+12=52,5x=52+12,TRANSPOSITION,direct,synthetic
2245,T12,(-2)(-4x)=-24,x=3,NEG_TIMES_NEG,combined,synthetic
2246,T12,(-5)(-4x)=60,x=-3,NEG_TIMES_NEG,combined,synthetic
2247,T12,(-8)(-5x)=-80,40x=-80,NONE,direct,synthetic
2248,T06,(x+5)^2=25,x^2+25=25,SQUARE_OF_SUM,direct,synthetic
2249,T06,(x+3)^2=121,x^2+9=121,SQUARE_OF_SUM,direct,synthetic
2250,T13,3(x+3)+5x=65,3x+9+5x=65,NONE,direct,synthetic
2251,T06,(x+9)^2=441,x^2+18x+84=441,ARITHMETIC_SLIP,direct,synthetic
2252,T04,-(x+8)=-14,-x+8=-14,NEGATIVE_DISTRIBUTION,direct,synthetic
2253,T12,(-7)(-3x)=105,x=-5,NEG_TIMES_NEG,combined,synthetic
2254,T03,-5(x+6)=-50,6-5x=-50,PARTIAL_DISTRIBUTION,direct,synthetic
2255,T13,6(x+2)+2x=20,8x+2=20,PARTIAL_DISTRIBUTION,direct,synthetic
2256,T12,(-5)(-2x)=-80,x=-20/3,ARITHMETIC_SLIP,combined,synthetic
2257,T05,3-(x+7)=-8,3-x+7=-8,NEGATIVE_DISTRIBUTION,direct,synthetic
2258,T08,x+10=7,x=7/11,UNLIKE_TERMS,combined,synthetic
2259,T08,x+12=14,x=14+12,TRANSPOSITION,direct,synthetic
2260,T02,7(x-3)=35,7x=38,PARTIAL_DISTRIBUTION,combined,synthetic
2261,T08,x+8=3,x=-4,ARITHMETIC_SLIP,combined,synthetic
2262,T01,5(x+3)=55,5x=41,ARITHMETIC_SLIP,combined,synthetic
2263,T03,-4(x+3)=-48,3-4x=-48,PARTIAL_DISTRIBUTION,direct,synthetic
2264,T02,3(x-4)=-3,3x-4=-3,PARTIAL_DISTRIBUTION,direct,synthetic
2265,T13,2(x+4)+x=20,3x+4=20,PARTIAL_DISTRIBUTION,direct,synthetic
2266,T09,x-1=8,x=7,TRANSPOSITION,combined,synthetic
2267,T13,3(x+3)+2x=4,3x+9+2x=4,NONE,direct,synthetic
2268,T10,2x+10=26,12x=26,UNLIKE_TERMS,direct,synthetic
2269,T03,-6(x+2)=0,2-6x=0,PARTIAL_DISTRIBUTION,direct,synthetic
2270,T08,x+12=12,x=12/13,UNLIKE_TERMS,combined,synthetic
2271,T04,-(x+2)=-6,-x=-8,NEGATIVE_DISTRIBUTION,combined,synthetic
2272,T12,(-3)(-3x)=-45,x=5,NEG_TIMES_NEG,combined,synthetic
2273,T06,(x+7)^2=196,x^2+14x+49=196,NONE,direct,synthetic
2274,T08,x+1=0,2x=0,UNLIKE_TERMS,direct,synthetic
2275,T05,5-(x+3)=-4,-x=-12,NEGATIVE_DISTRIBUTION,combined,synthetic
2276,T02,5(x-6)=10,5x-29=10,ARITHMETIC_SLIP,direct,synthetic
2277,T05,4-(x+3)=-3,-x=-10,NEGATIVE_DISTRIBUTION,combined,synthetic
2278,T04,-(x+11)=-6,-x+11=-6,NEGATIVE_DISTRIBUTION,direct,synthetic
2279,T05,6-(x+7)=-5,-(x+7)=-5+6,TRANSPOSITION,direct,synthetic
2280,T03,-6(x+2)=-48,-6x=-50,PARTIAL_DISTRIBUTION,combined,synthetic
2281,T03,-9(x+8)=-99,-9x-72=-99,NONE,direct,synthetic
2282,T05,12-(x+3)=-1,-x=14,TRANSPOSITION,combined,synthetic
2283,T08,x+3=8,4x=8,UNLIKE_TERMS,direct,synthetic
2284,T05,8-(x+2)=6,-x=16,TRANSPOSITION,combined,synthetic
2285,T12,(-8)(-4x)=96,x=3,NONE,combined,synthetic
2286,T04,-(x+11)=-14,-x+11=-14,NEGATIVE_DISTRIBUTION,direct,synthetic
2287,T02,9(x-5)=-90,9x-5=-90,PARTIAL_DISTRIBUTION,direct,synthetic
2288,T04,-(x+6)=-7,-x=2,ARITHMETIC_SLIP,combined,synthetic
2289,T04,-(x+12)=-7,-x=-19,NEGATIVE_DISTRIBUTION,combined,synthetic
2290,T04,-(x+10)=-7,-x+10=-7,NEGATIVE_DISTRIBUTION,direct,synthetic
2291,T04,-(x+12)=-6,-x+12=-6,NEGATIVE_DISTRIBUTION,direct,synthetic
2292,T08,x+9=16,x=8/5,UNLIKE_TERMS,combined,synthetic
2293,T05,12-(x+4)=4,-(x+4)=4+12,TRANSPOSITION,direct,synthetic
2294,T10,7x+11=53,7x=53-14,ARITHMETIC_SLIP,direct,synthetic
2295,T10,8x+7=7,8x=7+7,TRANSPOSITION,direct,synthetic
2296,T09,x-11=-7,x=-7-11,TRANSPOSITION,direct,synthetic
2297,T13,5(x+3)+x=75,6x+3=75,PARTIAL_DISTRIBUTION,direct,synthetic
2298,T11,2=x+4,2-2=x,ARITHMETIC_SLIP,direct,synthetic
2299,T12,(-4)(-7x)=-84,x=3,NEG_TIMES_NEG,combined,synthetic
2300,T09,x-7=-8,x=-15,TRANSPOSITION,combined,synthetic
2301,T06,(x+3)^2=16,x^2+9=16,SQUARE_OF_SUM,direct,synthetic
2302,T12,(-3)(-7x)=63,-21x=63,NEG_TIMES_NEG,direct,synthetic
2303,T12,(-2)(-4x)=-40,10x=-40,ARITHMETIC_SLIP,direct,synthetic
2304,T13,3(x+2)+x=-18,4x+2=-18,PARTIAL_DISTRIBUTION,direct,synthetic
2305,T13,4(x+6)+5x=60,9x+6=60,PARTIAL_DISTRIBUTION,direct,synthetic
2306,T01,4(x+8)=72,4x+8=72,PARTIAL_DISTRIBUTION,direct,synthetic
2307,T08,x+10=9,x=19,TRANSPOSITION,combined,synthetic
2308,T04,-(x+2)=-2,-x=-4,NEGATIVE_DISTRIBUTION,combined,synthetic
2309,T13,2(x+3)+4x=6,6x=3,PARTIAL_DISTRIBUTION,combined,synthetic
2310,T08,x+8=18,x=18+8,TRANSPOSITION,direct,synthetic
2311,T13,2(x+3)+4x=6,6x=0,NONE,combined,synthetic
2312,T06,(x+7)^2=289,x^2+49=289,SQUARE_OF_SUM,direct,synthetic
2313,T06,(x+1)^2=49,x^2+1=49,SQUARE_OF_SUM,direct,synthetic
2314,T08,x+8=14,x=14+8,TRANSPOSITION,direct,synthetic
2315,T13,3(x+2)+5x=86,8x=84,PARTIAL_DISTRIBUTION,combined,synthetic
2316,T08,x+4=13,x=13+4,TRANSPOSITION,direct,synthetic
2317,T10,7x+5=-23,7x=-23+5,TRANSPOSITION,direct,synthetic
2318,T08,x+12=10,x=22,TRANSPOSITION,combined,synthetic
2319,T08,x+1=7,x=7/2,UNLIKE_TERMS,combined,synthetic
2320,T03,-8(x+3)=-16,-8x-24=-16,NONE,direct,synthetic
2321,T08,x+9=13,x=22,TRANSPOSITION,combined,synthetic
2322,T12,(-3)(-x)=12,x=2,ARITHMETIC_SLIP,combined,synthetic
2323,T05,5-(x+8)=-7,-(x+8)=-7+5,TRANSPOSITION,direct,synthetic
2324,T08,x+2=-4,x=-2,TRANSPOSITION,combined,synthetic
2325,T05,11-(x+2)=14,-x=27,TRANSPOSITION,combined,synthetic
2326,T12,(-2)(-6x)=84,x=-7,NEG_TIMES_NEG,combined,synthetic
2327,T09,x-8=2,x=13,ARITHMETIC_SLIP,combined,synthetic
2328,T04,-(x+12)=-18,-13x=-18,UNLIKE_TERMS,direct,synthetic
2329,T12,(-8)(-x)=56,x=7,NONE,combined,synthetic
2330,T02,6(x-1)=24,6x-1=24,PARTIAL_DISTRIBUTION,direct,synthetic
2331,T12,(-3)(-8x)=120,x=-5,NEG_TIMES_NEG,combined,synthetic
2332,T13,6(x+4)+4x=84,6x+24+4x=84,NONE,direct,synthetic
2333,T10,6x+8=68,6x=76,TRANSPOSITION,combined,synthetic
2334,T12,(-3)(-4x)=60,x=-5,NEG_TIMES_NEG,combined,synthetic
2335,T05,12-(x+2)=13,-(x+2)=13+12,TRANSPOSITION,direct,synthetic
2336,T09,x-7=-3,x=1,ARITHMETIC_SLIP,combined,synthetic
2337,T08,x+11=6,x=1/2,UNLIKE_TERMS,combined,synthetic
2338,T12,(-6)(-3x)=54,18x=54,NONE,direct,synthetic
2339,T09,x-6=-11,-5x=-11,UNLIKE_TERMS,direct,synthetic
2340,T09,x-2=3,x=-3,UNLIKE_TERMS,combined,synthetic
2341,T03,-9(x+3)=-99,-9x=-102,PARTIAL_DISTRIBUTION,combined,synthetic
2342,T04,-(x+11)=-7,x=7/12,UNLIKE_TERMS,combined,synthetic
2343,T05,10-(x+1)=15,-(x+1)=15+10,TRANSPOSITION,direct,synthetic
2344,T12,(-3)(-2x)=-24,6x=-24,NONE,direct,synthetic
2345,T03,-6(x+8)=-102,-6x=-54,NONE,combined,synthetic
2346,T05,10-(x+7)=5,10-x+7=5,NEGATIVE_DISTRIBUTION,direct,synthetic
2347,T04,-(x+6)=-6,x=6/7,UNLIKE_TERMS,combined,synthetic
2348,T10,3x+7=-2,3x=5,TRANSPOSITION,combined,synthetic
2349,T04,-(x+4)=-9,-x=-5,NONE,combined,synthetic
2350,T11,15=x+8,15-8=x,NONE,direct,synthetic
2351,T08,x+1=0,x=0,UNLIKE_TERMS,combined,synthetic
2352,T12,(-3)(-4x)=84,x=-7,NEG_TIMES_NEG,combined,synthetic
2353,T10,7x+4=32,7x=32+4,TRANSPOSITION,direct,synthetic
2354,T04,-(x+5)=-6,-x+5=-6,NEGATIVE_DISTRIBUTION,direct,synthetic
2355,T08,x+7=13,x=6,NONE,combined,synthetic
2356,T12,(-7)(-5x)=-140,-35x=-140,NEG_TIMES_NEG,direct,synthetic
2357,T05,3-(x+7)=-12,3-x+7=-12,NEGATIVE_DISTRIBUTION,direct,synthetic
2358,T01,6(x+9)=42,7x+54=42,ARITHMETIC_SLIP,direct,synthetic
2359,T02,9(x-4)=-63,9x-36=-63,NONE,direct,synthetic
2360,T01,5(x+5)=55,5x+25=55,NONE,direct,synthetic
2361,T03,-6(x+1)=30,-6x=29,PARTIAL_DISTRIBUTION,combined,synthetic
2362,T09,x-10=-2,x=-12,TRANSPOSITION,combined,synthetic
2363,T10,3x+1=25,3x=26,TRANSPOSITION,combined,synthetic
2364,T08,x+3=9,x=9/4,UNLIKE_TERMS,combined,synthetic
2365,T10,7x+6=13,7x=13-6,NONE,direct,synthetic
2366,T04,-(x+11)=-7,-12x=-7,UNLIKE_TERMS,direct,synthetic
2367,T05,11-(x+8)=-2,-x=-21,NEGATIVE_DISTRIBUTION,combined,synthetic
2368,T01,5(x+5)=75,5x=50,NONE,combined,synthetic
2369,T12,(-7)(-x)=-42,8x=-42,ARITHMETIC_SLIP,direct,synthetic
2370,T12,(-3)(-8x)=-120,-24x=-120,NEG_TIMES_NEG,direct,synthetic
2371,T11,18=x+12,18-12=x,NONE,direct,synthetic
2372,T12,(-4)(-7x)=252,-28x=252,NEG_TIMES_NEG,direct,synthetic
2373,T11,19=x+12,-x=-6,ARITHMETIC_SLIP,combined,synthetic
2374,T10,9x+1=-8,10x=-8,UNLIKE_TERMS,direct,synthetic
2375,T12,(-2)(-2x)=32,-4x=32,NEG_TIMES_NEG,direct,synthetic
2376,T12,(-9)(-9x)=-162,x=-81/40,ARITHMETIC_SLIP,combined,synthetic
2377,T05,12-(x+2)=0,12-x+2=0,NEGATIVE_DISTRIBUTION,direct,synthetic
2378,T10,3x+9=9,3x=18,TRANSPOSITION,combined,synthetic
2379,T07,(x-3)^2=121,x^2-6x+9=124,ARITHMETIC_SLIP,direct,synthetic
2380,T05,12-(x+7)=3,-x=-16,NEGATIVE_DISTRIBUTION,combined,synthetic
2381,T10,2x+8=18,2x=18-8,NONE,direct,synthetic
2382,T05,7-(x+6)=-6,-x=-19,NEGATIVE_DISTRIBUTION,combined,synthetic
2383,T06,(x+11)^2=289,x^2+121=289,SQUARE_OF_SUM,direct,synthetic
2384,T06,(x+2)^2=25,x^2+4x+4=25,NONE,direct,synthetic
2385,T04,-(x+6)=-9,-x=-15,NEGATIVE_DISTRIBUTION,combined,synthetic
2386,T01,7(x+8)=42,7x=34,PARTIAL_DISTRIBUTION,combined,synthetic
2387,T03,-3(x+7)=-15,-3x-21=-15,NONE,direct,synthetic
2388,T10,9x+5=77,14x=77,UNLIKE_TERMS,direct,synthetic
2389,T09,x-5=-9,-4x=-9,UNLIKE_TERMS,direct,synthetic
2390,T05,2-(x+1)=0,2-x+1=0,NEGATIVE_DISTRIBUTION,direct,synthetic
2391,T10,7x+2=-19,7x=-19+2,TRANSPOSITION,direct,synthetic
2392,T04,-(x+3)=-4,-x+3=-4,NEGATIVE_DISTRIBUTION,direct,synthetic
2393,T12,(-7)(-5x)=-280,x=8,NEG_TIMES_NEG,combined,synthetic
2394,T12,(-7)(-7x)=-441,-49x=-441,NEG_TIMES_NEG,direct,synthetic
2395,T09,x-9=-4,x=-13,TRANSPOSITION,combined,synthetic
2396,T03,-5(x+1)=-15,1-5x=-15,PARTIAL_DISTRIBUTION,direct,synthetic
2397,T01,5(x+9)=90,5x+45=90,NONE,direct,synthetic
2398,T13,3(x+4)+2x=12,5x+4=12,PARTIAL_DISTRIBUTION,direct,synthetic
2399,T12,(-5)(-3x)=135,15x=138,ARITHMETIC_SLIP,direct,synthetic
2400,T12,(-7)(-9x)=567,x=567/62,ARITHMETIC_SLIP,combined,synthetic
2401,T12,(-4)(-8x)=-288,-32x=-288,NEG_TIMES_NEG,direct,synthetic
2402,T10,7x+2=-19,7x=-17,TRANSPOSITION,combined,synthetic
2403,T11,10=x+5,10-5=x,NONE,direct,synthetic
2404,T09,x-1=2,x=1,TRANSPOSITION,combined,synthetic
2405,T11,1=x+2,1-2=x,NONE,direct,synthetic
2406,T10,3x+12=6,3x=18,TRANSPOSITION,combined,synthetic
2407,T08,x+7=11,x=18,TRANSPOSITION,combined,synthetic
2408,T07,(x-6)^2=4,x^2+36=4,SQUARE_OF_SUM,direct,synthetic
2409,T02,2(x-5)=-16,2x-10=-16,NONE,direct,synthetic
2410,T05,12-(x+2)=13,-x=-1,NEGATIVE_DISTRIBUTION,combined,synthetic
2411,T12,(-2)(-9x)=36,x=2,NONE,combined,synthetic
2412,T10,9x+5=77,9x=77+5,TRANSPOSITION,direct,synthetic
2413,T08,x+1=7,2x=7,UNLIKE_TERMS,direct,synthetic
2414,T02,2(x-7)=6,2x=13,PARTIAL_DISTRIBUTION,combined,synthetic
2415,T02,6(x-5)=18,6x=23,PARTIAL_DISTRIBUTION,combined,synthetic
2416,T09,x-8=-4,x=4/7,UNLIKE_TERMS,combined,synthetic
2417,T13,4(x+3)+2x=-12,4x+12+2x=-12,NONE,direct,synthetic
2418,T09,x-10=-13,-9x=-13,UNLIKE_TERMS,direct,synthetic
2419,T02,9(x-6)=-90,9x=-36,NONE,combined,synthetic
2420,T02,2(x-2)=16,2x=20,NONE,combined,synthetic
2421,T10,9x+12=93,x=31/7,UNLIKE_TERMS,combined,synthetic
2422,T02,2(x-7)=4,2x-7=4,PARTIAL_DISTRIBUTION,direct,synthetic
2423,T05,4-(x+3)=-9,-x=-16,NEGATIVE_DISTRIBUTION,combined,synthetic
2424,T10,5x+1=11,5x=12,TRANSPOSITION,combined,synthetic
2425,T03,-8(x+2)=0,2-8x=0,PARTIAL_DISTRIBUTION,direct,synthetic
2426,T01,4(x+9)=68,4x=32,NONE,combined,synthetic
2427,T07,(x-5)^2=49,x^2+25=49,SQUARE_OF_SUM,direct,synthetic
2428,T04,-(x+3)=-5,-x-3=-5,NONE,direct,synthetic
2429,T12,(-3)(-7x)=-21,x=1,NEG_TIMES_NEG,combined,synthetic
2430,T12,(-5)(-5x)=125,x=-5,NEG_TIMES_NEG,combined,synthetic
2431,T04,-(x+10)=-12,-11x=-12,UNLIKE_TERMS,direct,synthetic
2432,T10,3x+3=12,x=2,UNLIKE_TERMS,combined,synthetic
2433,T12,(-4)(-6x)=144,-24x=144,NEG_TIMES_NEG,direct,synthetic
2434,T04,-(x+12)=-6,-x=4,ARITHMETIC_SLIP,combined,synthetic
2435,T04,-(x+2)=-6,-3x=-6,UNLIKE_TERMS,direct,synthetic
2436,T12,(-7)(-3x)=189,-21x=189,NEG_TIMES_NEG,direct,synthetic
2437,T05,4-(x+2)=-4,-x=2,TRANSPOSITION,combined,synthetic
2438,T04,-(x+2)=4,-3x=4,UNLIKE_TERMS,direct,synthetic
2439,T12,(-6)(-6x)=108,x=3,NONE,combined,synthetic
2440,T12,(-3)(-6x)=-72,-18x=-72,NEG_TIMES_NEG,direct,synthetic
2441,T12,(-2)(-3x)=-48,x=8,NEG_TIMES_NEG,combined,synthetic
2442,T12,(-3)(-9x)=-135,29x=-135,ARITHMETIC_SLIP,direct,synthetic
2443,T02,6(x-7)=-12,6x=-5,PARTIAL_DISTRIBUTION,combined,synthetic
2444,T10,3x+8=-7,3x=1,TRANSPOSITION,combined,synthetic
2445,T02,6(x-8)=-42,6x=-34,PARTIAL_DISTRIBUTION,combined,synthetic
2446,T12,(-9)(-9x)=-567,-81x=-567,NEG_TIMES_NEG,direct,synthetic
2447,T12,(-8)(-5x)=-320,42x=-320,ARITHMETIC_SLIP,direct,synthetic
2448,T05,10-(x+6)=8,-x=-8,NEGATIVE_DISTRIBUTION,combined,synthetic
2449,T12,(-4)(-4x)=-32,-16x=-32,NEG_TIMES_NEG,direct,synthetic
2450,T08,x+1=1,x=1+1,TRANSPOSITION,direct,synthetic
2451,T12,(-3)(-2x)=24,-6x=24,NEG_TIMES_NEG,direct,synthetic
2452,T12,(-8)(-8x)=-256,-64x=-256,NEG_TIMES_NEG,direct,synthetic
2453,T06,(x+10)^2=81,x^2+100=81,SQUARE_OF_SUM,direct,synthetic
2454,T08,x+6=15,7x=15,UNLIKE_TERMS,direct,synthetic
2455,T04,-(x+9)=-3,-x=6,NONE,combined,synthetic
2456,T07,(x-5)^2=100,x^2+25=100,SQUARE_OF_SUM,direct,synthetic
2457,T05,8-(x+2)=4,-(x+2)=4+8,TRANSPOSITION,direct,synthetic
2458,T08,x+1=-4,x=-6-1,ARITHMETIC_SLIP,direct,synthetic
2459,T11,16=x+6,16-6=x,NONE,direct,synthetic
2460,T01,5(x+9)=90,5x+45=88,ARITHMETIC_SLIP,direct,synthetic
2461,T03,-9(x+6)=-36,6-9x=-36,PARTIAL_DISTRIBUTION,direct,synthetic
2462,T04,-(x+3)=-1,-x+3=-1,NEGATIVE_DISTRIBUTION,direct,synthetic
2463,T10,2x+11=19,x=19/13,UNLIKE_TERMS,combined,synthetic
2464,T07,(x-8)^2=16,x^2-17x+64=16,ARITHMETIC_SLIP,direct,synthetic
2465,T12,(-9)(-9x)=-405,-81x=-405,NEG_TIMES_NEG,direct,synthetic
2466,T05,6-(x+1)=-1,6-x+1=-1,NEGATIVE_DISTRIBUTION,direct,synthetic
2467,T05,9-(x+3)=10,9-x-2=10,ARITHMETIC_SLIP,direct,synthetic
2468,T09,x-12=-4,x=4/11,UNLIKE_TERMS,combined,synthetic
2469,T05,12-(x+2)=16,12-x+2=16,NEGATIVE_DISTRIBUTION,direct,synthetic
2470,T05,3-(x+5)=2,-x=10,TRANSPOSITION,combined,synthetic
2471,T08,x+1=4,x=2,UNLIKE_TERMS,combined,synthetic
2472,T12,(-3)(-5x)=15,-15x=15,NEG_TIMES_NEG,direct,synthetic
2473,T12,(-5)(-2x)=10,x=-1,NEG_TIMES_NEG,combined,synthetic
2474,T12,(-7)(-7x)=147,x=-3,NEG_TIMES_NEG,combined,synthetic
2475,T10,9x+12=-24,9x=-36,NONE,combined,synthetic
2476,T01,2(x+7)=2,2x=-5,PARTIAL_DISTRIBUTION,combined,synthetic
2477,T05,5-(x+1)=-4,-x=-7,ARITHMETIC_SLIP,combined,synthetic
2478,T04,-(x+6)=-4,-x=0,ARITHMETIC_SLIP,combined,synthetic
2479,T01,9(x+3)=90,9x+27=90,NONE,direct,synthetic
2480,T05,8-(x+2)=9,-x=-1,NEGATIVE_DISTRIBUTION,combined,synthetic
2481,T12,(-2)(-5x)=-80,-10x=-80,NEG_TIMES_NEG,direct,synthetic
2482,T13,3(x+3)+2x=4,5x=1,PARTIAL_DISTRIBUTION,combined,synthetic
2483,T02,8(x-8)=0,8x-8=0,PARTIAL_DISTRIBUTION,direct,synthetic
2484,T12,(-4)(-3x)=24,12x=24,NONE,direct,synthetic
2485,T12,(-2)(-2x)=32,4x=32,NONE,direct,synthetic
2486,T07,(x-6)^2=49,x^2+36=49,SQUARE_OF_SUM,direct,synthetic
2487,T04,-(x+10)=-4,-11x=-4,UNLIKE_TERMS,direct,synthetic
2488,T01,2(x+9)=8,2x=-11,ARITHMETIC_SLIP,combined,synthetic
2489,T09,x-11=-2,x=-2-11,TRANSPOSITION,direct,synthetic
2490,T12,(-7)(-9x)=-126,x=2,NEG_TIMES_NEG,combined,synthetic
2491,T12,(-8)(-2x)=-32,x=-2,NONE,combined,synthetic
2492,T09,x-6=-3,x=-3-6,TRANSPOSITION,direct,synthetic
2493,T04,-(x+3)=-4,-x=-7,NEGATIVE_DISTRIBUTION,combined,synthetic
2494,T04,-(x+2)=2,x=-2/3,UNLIKE_TERMS,combined,synthetic
2495,T01,3(x+4)=12,3x=8,PARTIAL_DISTRIBUTION,combined,synthetic
2496,T13,2(x+5)+5x=-11,7x=-16,PARTIAL_DISTRIBUTION,combined,synthetic
2497,T13,3(x+4)+5x=12,3x+12+5x=10,ARITHMETIC_SLIP,direct,synthetic
2498,T13,6(x+1)+4x=96,10x+1=96,PARTIAL_DISTRIBUTION,direct,synthetic
2499,T06,(x+1)^2=225,x^2+1=225,SQUARE_OF_SUM,direct,synthetic
2500,T09,x-4=5,x=-5/3,UNLIKE_TERMS,combined,synthetic
2501,T06,(x+5)^2=196,x^2+25=196,SQUARE_OF_SUM,direct,synthetic
2502,T05,8-(x+8)=-10,-x=6,TRANSPOSITION,combined,synthetic
2503,T12,(-5)(-6x)=90,-30x=90,NEG_TIMES_NEG,direct,synthetic
2504,T13,4(x+5)+5x=56,9x=51,PARTIAL_DISTRIBUTION,combined,synthetic
2505,T05,9-(x+3)=7,9-x+3=7,NEGATIVE_DISTRIBUTION,direct,synthetic
2506,T10,3x+11=29,3x=29+11,TRANSPOSITION,direct,synthetic
2507,T09,x-1=4,0=4,UNLIKE_TERMS,direct,synthetic
2508,T13,4(x+3)+x=47,5x=44,PARTIAL_DISTRIBUTION,combined,synthetic
2509,T10,3x+6=27,3x=21,NONE,combined,synthetic
2510,T09,x-7=-11,x=11/6,UNLIKE_TERMS,combined,synthetic
2511,T12,(-6)(-7x)=-42,x=1,NEG_TIMES_NEG,combined,synthetic
2512,T01,5(x+4)=50,6x=30,ARITHMETIC_SLIP,combined,synthetic
2513,T13,4(x+6)+5x=105,4x+24+5x=105,NONE,direct,synthetic
2514,T05,3-(x+7)=-12,-(x+7)=-12+3,TRANSPOSITION,direct,synthetic
2515,T05,2-(x+1)=2,-x=-1,NEGATIVE_DISTRIBUTION,combined,synthetic
2516,T01,8(x+1)=88,8x+1=88,PARTIAL_DISTRIBUTION,direct,synthetic
2517,T09,x-11=-17,x=-17-11,TRANSPOSITION,direct,synthetic
2518,T01,3(x+5)=45,3x+5=45,PARTIAL_DISTRIBUTION,direct,synthetic
2519,T05,3-(x+7)=-9,-(x+7)=-9+3,TRANSPOSITION,direct,synthetic
2520,T06,(x+6)^2=16,x^2+36=16,SQUARE_OF_SUM,direct,synthetic
2521,T02,2(x-6)=2,2x-6=2,PARTIAL_DISTRIBUTION,direct,synthetic
2522,T01,8(x+4)=48,8x+4=48,PARTIAL_DISTRIBUTION,direct,synthetic
2523,T12,(-6)(-4x)=-144,-24x=-144,NEG_TIMES_NEG,direct,synthetic
2524,T03,-6(x+5)=-84,-3x=-54,ARITHMETIC_SLIP,combined,synthetic
2525,T05,6-(x+8)=3,6-x+8=3,NEGATIVE_DISTRIBUTION,direct,synthetic
2526,T10,8x+10=34,x=17/9,UNLIKE_TERMS,combined,synthetic
2527,T08,x+6=12,x=12/7,UNLIKE_TERMS,combined,synthetic
2528,T12,(-6)(-8x)=240,-48x=240,NEG_TIMES_NEG,direct,synthetic
2529,T05,8-(x+2)=0,-x=-10,NEGATIVE_DISTRIBUTION,combined,synthetic
2530,T02,6(x-3)=0,6x=3,PARTIAL_DISTRIBUTION,combined,synthetic
2531,T02,7(x-4)=-35,7x=-5,ARITHMETIC_SLIP,combined,synthetic
2532,T12,(-5)(-x)=15,x=3,NONE,combined,synthetic
2533,T02,3(x-3)=3,3x=6,PARTIAL_DISTRIBUTION,combined,synthetic
2534,T12,(-8)(-3x)=24,x=-1,NEG_TIMES_NEG,combined,synthetic
2535,T12,(-5)(-6x)=-120,x=4,NEG_TIMES_NEG,combined,synthetic
2536,T07,(x-1)^2=100,x^2+1=100,SQUARE_OF_SUM,direct,synthetic
2537,T04,-(x+4)=-7,x=7/5,UNLIKE_TERMS,combined,synthetic
2538,T08,x+8=18,9x=18,UNLIKE_TERMS,direct,synthetic
2539,T10,5x+7=42,5x=49,TRANSPOSITION,combined,synthetic
2540,T08,x+10=12,x=2,NONE,combined,synthetic
2541,T06,(x+12)^2=361,x^2+144=361,SQUARE_OF_SUM,direct,synthetic
2542,T08,x+4=9,x=9-2,ARITHMETIC_SLIP,direct,synthetic
2543,T03,-7(x+2)=-70,-7x=-72,PARTIAL_DISTRIBUTION,combined,synthetic
2544,T13,3(x+6)+5x=-30,3x+18+5x=-31,ARITHMETIC_SLIP,direct,synthetic
2545,T07,(x-5)^2=36,x^2-10x+23=36,ARITHMETIC_SLIP,direct,synthetic
2546,T08,x+8=18,x=26,TRANSPOSITION,combined,synthetic
2547,T08,x+2=10,x=10/3,UNLIKE_TERMS,combined,synthetic
2548,T12,(-9)(-8x)=288,-72x=288,NEG_TIMES_NEG,direct,synthetic
2549,T05,4-(x+2)=7,4-x+2=7,NEGATIVE_DISTRIBUTION,direct,synthetic
2550,T12,(-5)(-2x)=-60,x=-6,NONE,combined,synthetic
2551,T01,5(x+2)=25,5x+10=25,NONE,direct,synthetic
2552,T12,(-2)(-6x)=-84,x=-43/6,ARITHMETIC_SLIP,combined,synthetic
2553,T12,(-7)(-3x)=-42,x=2,NEG_TIMES_NEG,combined,synthetic
2554,T05,7-(x+4)=8,7-x+4=8,NEGATIVE_DISTRIBUTION,direct,synthetic
2555,T08,x+1=-4,x=-3,TRANSPOSITION,combined,synthetic
2556,T07,(x-9)^2=81,x^2-18x+81=81,NONE,direct,synthetic
2557,T01,9(x+3)=45,7x+27=45,ARITHMETIC_SLIP,direct,synthetic
2558,T12,(-9)(-3x)=243,x=-9,NEG_TIMES_NEG,combined,synthetic
2559,T13,6(x+5)+3x=93,9x=63,NONE,combined,synthetic
2560,T10,8x+7=47,8x=47+7,TRANSPOSITION,direct,synthetic
2561,T12,(-8)(-7x)=-504,x=9,NEG_TIMES_NEG,combined,synthetic
2562,T03,-5(x+8)=-25,8-5x=-25,PARTIAL_DISTRIBUTION,direct,synthetic
2563,T04,-(x+11)=-7,-x+11=-7,NEGATIVE_DISTRIBUTION,direct,synthetic
2564,T05,11-(x+3)=1,-(x+3)=1+11,TRANSPOSITION,direct,synthetic
2565,T04,-(x+11)=-15,-x=-26,NEGATIVE_DISTRIBUTION,combined,synthetic
2566,T06,(x+10)^2=169,x^2+100=169,SQUARE_OF_SUM,direct,synthetic
2567,T02,7(x-5)=-63,7x-35=-63,NONE,direct,synthetic
2568,T04,-(x+7)=-8,-x+7=-8,NEGATIVE_DISTRIBUTION,direct,synthetic
2569,T06,(x+3)^2=64,x^2+6x+9=64,NONE,direct,synthetic
2570,T08,x+11=5,x=5+11,TRANSPOSITION,direct,synthetic
2571,T04,-(x+9)=-7,-x=-16,NEGATIVE_DISTRIBUTION,combined,synthetic
2572,T10,3x+2=23,3x=23+2,TRANSPOSITION,direct,synthetic
2573,T04,-(x+1)=-5,-2x=-5,UNLIKE_TERMS,direct,synthetic
2574,T03,-8(x+9)=-120,-8x-72=-120,NONE,direct,synthetic
2575,T09,x-5=-4,x=-4-5,TRANSPOSITION,direct,synthetic
2576,T05,12-(x+2)=9,-x=23,TRANSPOSITION,combined,synthetic
2577,T07,(x-1)^2=49,x^2+1=49,SQUARE_OF_SUM,direct,synthetic
2578,T09,x-12=-3,-11x=-3,UNLIKE_TERMS,direct,synthetic
2579,T08,x+12=21,13x=21,UNLIKE_TERMS,direct,synthetic
2580,T01,6(x+1)=24,6x=23,PARTIAL_DISTRIBUTION,combined,synthetic
2581,T13,5(x+1)+3x=37,8x+1=37,PARTIAL_DISTRIBUTION,direct,synthetic
2582,T12,(-7)(-5x)=210,x=6,NONE,combined,synthetic
2583,T12,(-3)(-4x)=-48,-12x=-48,NEG_TIMES_NEG,direct,synthetic
2584,T07,(x-8)^2=100,x^2+64=100,SQUARE_OF_SUM,direct,synthetic
2585,T09,x-2=8,x=-8,UNLIKE_TERMS,combined,synthetic
2586,T10,3x+7=-8,10x=-8,UNLIKE_TERMS,direct,synthetic
2587,T05,5-(x+9)=-10,5-x+9=-10,NEGATIVE_DISTRIBUTION,direct,synthetic
2588,T04,-(x+3)=-11,-x-3=-8,ARITHMETIC_SLIP,direct,synthetic
2589,T06,(x+11)^2=225,x^2+121=225,SQUARE_OF_SUM,direct,synthetic
2590,T04,-(x+2)=3,-x=8,ARITHMETIC_SLIP,combined,synthetic
2591,T08,x+9=13,x=13/10,UNLIKE_TERMS,combined,synthetic
2592,T12,(-6)(-7x)=168,-42x=168,NEG_TIMES_NEG,direct,synthetic
2593,T10,9x+11=38,x=19/10,UNLIKE_TERMS,combined,synthetic
2594,T05,2-(x+2)=-5,2-x+2=-5,NEGATIVE_DISTRIBUTION,direct,synthetic
2595,T06,(x+2)^2=1,x^2+4=1,SQUARE_OF_SUM,direct,synthetic
2596,T02,2(x-5)=-16,2x=-11,PARTIAL_DISTRIBUTION,combined,synthetic
2597,T01,5(x+6)=65,5x=59,PARTIAL_DISTRIBUTION,combined,synthetic
2598,T10,5x+12=-3,5x=9,TRANSPOSITION,combined,synthetic
2599,T12,(-7)(-8x)=-224,-56x=-224,NEG_TIMES_NEG,direct,synthetic
2600,T12,(-4)(-2x)=-56,-8x=-56,NEG_TIMES_NEG,direct,synthetic
2601,T03,-9(x+4)=-108,-9x=-112,PARTIAL_DISTRIBUTION,combined,synthetic
2602,T04,-(x+5)=-9,-6x=-9,UNLIKE_TERMS,direct,synthetic
2603,T01,3(x+7)=39,3x=32,PARTIAL_DISTRIBUTION,combined,synthetic
2604,T05,12-(x+4)=4,-x=-7,ARITHMETIC_SLIP,combined,synthetic
2605,T03,-6(x+9)=-72,9-6x=-72,PARTIAL_DISTRIBUTION,direct,synthetic
2606,T09,x-12=-3,x=3/11,UNLIKE_TERMS,combined,synthetic
2607,T11,12=x+9,12-7=x,ARITHMETIC_SLIP,direct,synthetic
2608,T12,(-5)(-5x)=75,x=-3,NEG_TIMES_NEG,combined,synthetic
2609,T04,-(x+12)=-19,x=19/13,UNLIKE_TERMS,combined,synthetic
2610,T12,(-8)(-x)=72,8x=69,ARITHMETIC_SLIP,direct,synthetic
2611,T05,8-(x+4)=2,-x=-10,NEGATIVE_DISTRIBUTION,combined,synthetic
2612,T03,-2(x+7)=-18,-2x=-25,PARTIAL_DISTRIBUTION,combined,synthetic
2613,T06,(x+8)^2=400,x^2+18x+64=400,ARITHMETIC_SLIP,direct,synthetic
2614,T12,(-6)(-4x)=96,-24x=96,NEG_TIMES_NEG,direct,synthetic
2615,T12,(-3)(-7x)=-21,-21x=-21,NEG_TIMES_NEG,direct,synthetic
2616,T05,10-(x+9)=-8,-(x+9)=-8+10,TRANSPOSITION,direct,synthetic
2617,T12,(-5)(-5x)=175,x=7,NONE,combined,synthetic
2618,T13,5(x+2)+x=-20,6x=-22,PARTIAL_DISTRIBUTION,combined,synthetic
2619,T04,-(x+4)=-11,-x+4=-11,NEGATIVE_DISTRIBUTION,direct,synthetic
2620,T10,8x+7=-41,x=-41/15,UNLIKE_TERMS,combined,synthetic
2621,T09,x-12=-13,x=13/11,UNLIKE_TERMS,combined,synthetic
2622,T03,-4(x+6)=-16,6-4x=-16,PARTIAL_DISTRIBUTION,direct,synthetic
2623,T01,2(x+5)=20,1x+10=20,ARITHMETIC_SLIP,direct,synthetic
2624,T12,(-3)(-6x)=36,18x=36,NONE,direct,synthetic
2625,T12,(-9)(-3x)=-54,x=-27/13,ARITHMETIC_SLIP,combined,synthetic
2626,T10,7x+5=-23,12x=-23,UNLIKE_TERMS,direct,synthetic
2627,T13,6(x+2)+2x=-36,8x+2=-36,PARTIAL_DISTRIBUTION,direct,synthetic
2628,T05,12-(x+2)=13,-x=3,NONE,combined,synthetic
2629,T05,6-(x+7)=-10,-x=-9,NONE,combined,synthetic
2630,T05,9-(x+3)=7,-x=-5,NEGATIVE_DISTRIBUTION,combined,synthetic
2631,T04,-(x+6)=-12,-7x=-12,UNLIKE_TERMS,direct,synthetic
2632,T12,(-3)(-5x)=30,15x=30,NONE,direct,synthetic
2633,T10,7x+8=36,x=12/5,UNLIKE_TERMS,combined,synthetic
2634,T10,8x+11=-29,6x=-40,ARITHMETIC_SLIP,combined,synthetic
2635,T01,2(x+9)=18,2x+9=18,PARTIAL_DISTRIBUTION,direct,synthetic
2636,T10,6x+12=54,6x=66,TRANSPOSITION,combined,synthetic
2637,T05,8-(x+4)=9,-(x+4)=9+8,TRANSPOSITION,direct,synthetic
2638,T04,-(x+4)=-14,-x+4=-14,NEGATIVE_DISTRIBUTION,direct,synthetic
2639,T10,7x+11=-24,7x=-24-12,ARITHMETIC_SLIP,direct,synthetic
2640,T09,x-11=-16,x=8/5,UNLIKE_TERMS,combined,synthetic
2641,T07,(x-1)^2=144,x^2+1=144,SQUARE_OF_SUM,direct,synthetic
2642,T08,x+11=14,x=15-11,ARITHMETIC_SLIP,direct,synthetic
2643,T12,(-8)(-9x)=432,-72x=432,NEG_TIMES_NEG,direct,synthetic
2644,T10,6x+5=5,x=5/11,UNLIKE_TERMS,combined,synthetic
2645,T04,-(x+8)=-4,-x-7=-4,ARITHMETIC_SLIP,direct,synthetic
2646,T04,-(x+8)=-12,-x=-4,NONE,combined,synthetic
2647,T10,4x+4=-4,x=-1/2,UNLIKE_TERMS,combined,synthetic
2648,T07,(x-2)^2=121,x^2-4x+1=121,ARITHMETIC_SLIP,direct,synthetic
2649,T12,(-4)(-3x)=24,-12x=24,NEG_TIMES_NEG,direct,synthetic
2650,T01,9(x+2)=54,9x=52,PARTIAL_DISTRIBUTION,combined,synthetic
2651,T06,(x+9)^2=484,x^2+18x+81=484,NONE,direct,synthetic
2652,T12,(-6)(-4x)=192,x=8,NONE,combined,synthetic
2653,T05,4-(x+1)=-5,4-x+1=-5,NEGATIVE_DISTRIBUTION,direct,synthetic
2654,T10,5x+8=-17,5x=-9,TRANSPOSITION,combined,synthetic
2655,T12,(-8)(-5x)=-200,x=5,NEG_TIMES_NEG,combined,synthetic
2656,T07,(x-10)^2=4,x^2+100=4,SQUARE_OF_SUM,direct,synthetic
2657,T11,4=x+7,4-7=x,NONE,direct,synthetic
2658,T01,5(x+8)=45,5x+8=45,PARTIAL_DISTRIBUTION,direct,synthetic
2659,T03,-9(x+5)=0,-12x-45=0,ARITHMETIC_SLIP,direct,synthetic
2660,T06,(x+1)^2=16,x^2+2x+1=18,ARITHMETIC_SLIP,direct,synthetic
2661,T04,-(x+7)=-17,-x=-24,NEGATIVE_DISTRIBUTION,combined,synthetic
2662,T09,x-9=-14,x=-14-9,TRANSPOSITION,direct,synthetic
2663,T09,x-3=0,x=0+5,ARITHMETIC_SLIP,direct,synthetic
2664,T12,(-7)(-2x)=-56,-14x=-56,NEG_TIMES_NEG,direct,synthetic
2665,T02,3(x-8)=-36,3x=-28,PARTIAL_DISTRIBUTION,combined,synthetic
2666,T08,x+6=14,x=2,UNLIKE_TERMS,combined,synthetic
2667,T04,-(x+10)=-18,x=18/11,UNLIKE_TERMS,combined,synthetic
2668,T05,9-(x+3)=10,-x=4,NONE,combined,synthetic
2669,T09,x-6=-2,-5x=-2,UNLIKE_TERMS,direct,synthetic
2670,T02,4(x-4)=-28,4x-4=-28,PARTIAL_DISTRIBUTION,direct,synthetic
2671,T12,(-6)(-7x)=84,x=-2,NEG_TIMES_NEG,combined,synthetic
2672,T05,10-(x+3)=0,10-x+3=0,NEGATIVE_DISTRIBUTION,direct,synthetic
2673,T08,x+10=7,x=17,TRANSPOSITION,combined,synthetic
2674,T02,7(x-5)=-42,6x=-7,ARITHMETIC_SLIP,combined,synthetic
2675,T12,(-8)(-x)=-32,-8x=-32,NEG_TIMES_NEG,direct,synthetic
2676,T10,7x+3=-11,7x=-11+3,TRANSPOSITION,direct,synthetic
2677,T02,9(x-8)=-126,9x=-118,PARTIAL_DISTRIBUTION,combined,synthetic
2678,T10,5x+7=-18,5x=-18+7,TRANSPOSITION,direct,synthetic
2679,T04,-(x+6)=-13,-x+6=-13,NEGATIVE_DISTRIBUTION,direct,synthetic
2680,T10,5x+9=24,5x=33,TRANSPOSITION,combined,synthetic
2681,T12,(-7)(-8x)=-224,56x=-224,NONE,direct,synthetic
2682,T01,8(x+3)=32,8x=29,PARTIAL_DISTRIBUTION,combined,synthetic
2683,T12,(-5)(-3x)=45,x=3,NONE,combined,synthetic
2684,T12,(-6)(-8x)=-192,x=4,NEG_TIMES_NEG,combined,synthetic
2685,T12,(-9)(-3x)=189,x=-7,NEG_TIMES_NEG,combined,synthetic
2686,T09,x-12=-7,-11x=-7,UNLIKE_TERMS,direct,synthetic
2687,T05,7-(x+9)=-2,-x=14,TRANSPOSITION,combined,synthetic
2688,T13,5(x+1)+x=5,5x+5+x=5,NONE,direct,synthetic
2689,T05,3-(x+5)=-3,3-x-5=-3,NONE,direct,synthetic
2690,T10,2x+3=7,2x=7+3,TRANSPOSITION,direct,synthetic
2691,T12,(-7)(-5x)=-140,x=4,NEG_TIMES_NEG,combined,synthetic
2692,T05,6-(x+5)=-6,-x=5,TRANSPOSITION,combined,synthetic
2693,T12,(-7)(-4x)=-84,x=-87/28,ARITHMETIC_SLIP,combined,synthetic
2694,T12,(-7)(-7x)=343,x=-7,NEG_TIMES_NEG,combined,synthetic
2695,T12,(-5)(-6x)=180,x=-6,NEG_TIMES_NEG,combined,synthetic
2696,T10,5x+6=46,5x=46+6,TRANSPOSITION,direct,synthetic
2697,T12,(-5)(-3x)=75,-15x=75,NEG_TIMES_NEG,direct,synthetic
2698,T06,(x+4)^2=0,x^2+16=0,SQUARE_OF_SUM,direct,synthetic
2699,T10,5x+8=-17,13x=-17,UNLIKE_TERMS,direct,synthetic
2700,T09,x-8=-5,x=-5-8,TRANSPOSITION,direct,synthetic
2701,T04,-(x+1)=-8,x=4,UNLIKE_TERMS,combined,synthetic
2702,T02,8(x-9)=-32,9x-72=-32,ARITHMETIC_SLIP,direct,synthetic
2703,T04,-(x+4)=-10,-x=-14,NEGATIVE_DISTRIBUTION,combined,synthetic
2704,T07,(x-2)^2=16,x^2+4=16,SQUARE_OF_SUM,direct,synthetic
2705,T05,9-(x+2)=3,-(x+2)=3+9,TRANSPOSITION,direct,synthetic
2706,T05,11-(x+5)=10,-(x+5)=10+11,TRANSPOSITION,direct,synthetic
2707,T09,x-3=7,x=7+2,ARITHMETIC_SLIP,direct,synthetic
2708,T06,(x+4)^2=49,x^2+9x+16=49,ARITHMETIC_SLIP,direct,synthetic
2709,T05,7-(x+9)=-2,7-x-9=-2,NONE,direct,synthetic
2710,T13,4(x+3)+x=57,5x+3=57,PARTIAL_DISTRIBUTION,direct,synthetic
2711,T09,x-8=-11,-7x=-11,UNLIKE_TERMS,direct,synthetic
2712,T07,(x-2)^2=100,x^2+4=100,SQUARE_OF_SUM,direct,synthetic
2713,T03,-7(x+7)=-84,-7x=-91,PARTIAL_DISTRIBUTION,combined,synthetic
2714,T04,-(x+1)=-5,-x+1=-5,NEGATIVE_DISTRIBUTION,direct,synthetic
2715,T13,2(x+5)+2x=-10,4x=-15,PARTIAL_DISTRIBUTION,combined,synthetic
2716,T12,(-5)(-3x)=60,-15x=60,NEG_TIMES_NEG,direct,synthetic
2717,T05,7-(x+6)=-6,-x=7,TRANSPOSITION,combined,synthetic
2718,T02,3(x-8)=-27,3x=-19,PARTIAL_DISTRIBUTION,combined,synthetic
2719,T08,x+11=21,x=21+11,TRANSPOSITION,direct,synthetic
2720,T04,-(x+8)=-14,-x=-22,NEGATIVE_DISTRIBUTION,combined,synthetic
2721,T03,-6(x+1)=0,1-6x=0,PARTIAL_DISTRIBUTION,direct,synthetic
2722,T13,3(x+1)+4x=-11,7x=-12,PARTIAL_DISTRIBUTION,combined,synthetic
2723,T13,6(x+5)+2x=6,8x+5=6,PARTIAL_DISTRIBUTION,direct,synthetic
2724,T10,7x+6=6,13x=6,UNLIKE_TERMS,direct,synthetic
2725,T08,x+8=10,9x=10,UNLIKE_TERMS,direct,synthetic
2726,T04,-(x+2)=2,-x=4,NONE,combined,synthetic
2727,T13,5(x+1)+3x=13,8x+1=13,PARTIAL_DISTRIBUTION,direct,synthetic
2728,T05,2-(x+4)=-6,2-x+4=-6,NEGATIVE_DISTRIBUTION,direct,synthetic
2729,T05,4-(x+3)=-1,4-x+3=-1,NEGATIVE_DISTRIBUTION,direct,synthetic
2730,T08,x+7=3,x=3/8,UNLIKE_TERMS,combined,synthetic
2731,T12,(-3)(-2x)=6,6x=6,NONE,direct,synthetic
2732,T10,3x+6=-6,3x=0,TRANSPOSITION,combined,synthetic
2733,T10,6x+12=54,x=3,UNLIKE_TERMS,combined,synthetic
2734,T12,(-3)(-5x)=-60,x=-10/3,ARITHMETIC_SLIP,combined,synthetic
2735,T12,(-5)(-7x)=140,-35x=140,NEG_TIMES_NEG,direct,synthetic
2736,T06,(x+4)^2=144,x^2+16=144,SQUARE_OF_SUM,direct,synthetic
2737,T12,(-5)(-7x)=105,-35x=105,NEG_TIMES_NEG,direct,synthetic
2738,T01,2(x+5)=30,2x+10=30,NONE,direct,synthetic
2739,T05,4-(x+3)=-9,-x=-11,ARITHMETIC_SLIP,combined,synthetic
2740,T03,-9(x+2)=-108,-9x=-90,NONE,combined,synthetic
2741,T01,2(x+3)=2,2x+6=2,NONE,direct,synthetic
2742,T04,-(x+6)=-4,-x+6=-4,NEGATIVE_DISTRIBUTION,direct,synthetic
2743,T02,7(x-3)=35,7x=57,ARITHMETIC_SLIP,combined,synthetic
2744,T12,(-5)(-8x)=40,x=-1,NEG_TIMES_NEG,combined,synthetic
2745,T04,-(x+5)=-4,-6x=-4,UNLIKE_TERMS,direct,synthetic
2746,T04,-(x+5)=-9,x=3/2,UNLIKE_TERMS,combined,synthetic
2747,T09,x-7=2,x=-1/3,UNLIKE_TERMS,combined,synthetic
2748,T03,-6(x+7)=-18,-6x-42=-18,NONE,direct,synthetic
2749,T09,x-12=-14,x=14/11,UNLIKE_TERMS,combined,synthetic
2750,T05,6-(x+7)=-7,-x=-20,NEGATIVE_DISTRIBUTION,combined,synthetic
2751,T10,8x+12=52,8x=52+12,TRANSPOSITION,direct,synthetic
2752,T05,12-(x+8)=0,-x=20,TRANSPOSITION,combined,synthetic
2753,T09,x-1=-5,0=-5,UNLIKE_TERMS,direct,synthetic
2754,T08,x+4=9,x=9/5,UNLIKE_TERMS,combined,synthetic
2755,T12,(-2)(-7x)=56,13x=56,ARITHMETIC_SLIP,direct,synthetic
2756,T04,-(x+7)=-13,-x=-6,NONE,combined,synthetic
2757,T12,(-7)(-x)=49,-7x=49,NEG_TIMES_NEG,direct,synthetic
2758,T13,4(x+5)+5x=56,4x+20+5x=56,NONE,direct,synthetic
2759,T09,x-5=-7,x=-7-5,TRANSPOSITION,direct,synthetic
2760,T07,(x-4)^2=100,x^2+16=100,SQUARE_OF_SUM,direct,synthetic
2761,T09,x-2=-8,x=-11+2,ARITHMETIC_SLIP,direct,synthetic
2762,T10,6x+11=65,17x=65,UNLIKE_TERMS,direct,synthetic
2763,T08,x+10=14,11x=14,UNLIKE_TERMS,direct,synthetic
2764,T12,(-9)(-3x)=-54,26x=-54,ARITHMETIC_SLIP,direct,synthetic
2765,T12,(-8)(-6x)=-192,x=-192/47,ARITHMETIC_SLIP,combined,synthetic
2766,T08,x+3=-1,x=-1+3,TRANSPOSITION,direct,synthetic
2767,T06,(x+10)^2=49,x^2+20x+100=49,NONE,direct,synthetic
2768,T08,x+5=10,x=15,TRANSPOSITION,combined,synthetic
2769,T12,(-6)(-3x)=-144,-18x=-144,NEG_TIMES_NEG,direct,synthetic
2770,T08,x+7=4,8x=4,UNLIKE_TERMS,direct,synthetic
2771,T11,11=x+12,-x=4,ARITHMETIC_SLIP,combined,synthetic
2772,T02,4(x-3)=-16,4x=-13,PARTIAL_DISTRIBUTION,combined,synthetic
2773,T12,(-9)(-x)=27,x=27/10,ARITHMETIC_SLIP,combined,synthetic
2774,T04,-(x+3)=-1,-4x=-1,UNLIKE_TERMS,direct,synthetic
2775,T06,(x+2)^2=81,x^2+4=81,SQUARE_OF_SUM,direct,synthetic
2776,T09,x-7=-5,x=5/6,UNLIKE_TERMS,combined,synthetic
2777,T05,12-(x+7)=7,12-x+7=7,NEGATIVE_DISTRIBUTION,direct,synthetic
2778,T04,-(x+6)=-13,-x=-19,NEGATIVE_DISTRIBUTION,combined,synthetic
2779,T09,x-8=-10,x=-10-8,TRANSPOSITION,direct,synthetic
2780,T02,7(x-2)=56,7x=58,PARTIAL_DISTRIBUTION,combined,synthetic
2781,T05,2-(x+2)=-5,-x=-9,NEGATIVE_DISTRIBUTION,combined,synthetic
2782,T05,12-(x+6)=2,-x=20,TRANSPOSITION,combined,synthetic
2783,T08,x+9=18,x=27,TRANSPOSITION,combined,synthetic
2784,T02,7(x-9)=-28,7x=-19,PARTIAL_DISTRIBUTION,combined,synthetic
2785,T09,x-7=2,x=-5,TRANSPOSITION,combined,synthetic
2786,T03,-8(x+5)=-24,-8x-40=-24,NONE,direct,synthetic
2787,T01,3(x+7)=51,3x=30,NONE,combined,synthetic
2788,T10,7x+5=-23,x=-23/12,UNLIKE_TERMS,combined,synthetic
2789,T06,(x+1)^2=81,x^2+1=81,SQUARE_OF_SUM,direct,synthetic
2790,T05,5-(x+4)=-6,-x=-5,ARITHMETIC_SLIP,combined,synthetic
2791,T12,(-7)(-x)=-7,7x=-7,NONE,direct,synthetic
2792,T05,6-(x+5)=-6,-x=-17,NEGATIVE_DISTRIBUTION,combined,synthetic
2793,T05,2-(x+2)=-5,-x=-3,ARITHMETIC_SLIP,combined,synthetic
2794,T12,(-6)(-9x)=-216,x=4,NEG_TIMES_NEG,combined,synthetic
2795,T06,(x+12)^2=196,x^2+24x+144=196,NONE,direct,synthetic
2796,T05,5-(x+2)=-3,-x=-10,NEGATIVE_DISTRIBUTION,combined,synthetic
2797,T05,10-(x+6)=-2,-(x+6)=-2+10,TRANSPOSITION,direct,synthetic
2798,T09,x-4=-3,x=1,NONE,combined,synthetic
2799,T08,x+5=10,x=10-5,NONE,direct,synthetic
2800,T05,3-(x+7)=-14,3-x+7=-14,NEGATIVE_DISTRIBUTION,direct,synthetic
2801,T08,x+12=8,x=-4,NONE,combined,synthetic
2802,T12,(-3)(-5x)=-15,x=1,NEG_TIMES_NEG,combined,synthetic
2803,T12,(-9)(-4x)=-252,-36x=-252,NEG_TIMES_NEG,direct,synthetic
2804,T05,6-(x+8)=-1,-x=13,TRANSPOSITION,combined,synthetic
2805,T08,x+8=4,x=4/9,UNLIKE_TERMS,combined,synthetic
2806,T08,x+12=22,x=24-12,ARITHMETIC_SLIP,direct,synthetic
2807,T01,7(x+5)=35,7x+5=35,PARTIAL_DISTRIBUTION,direct,synthetic
2808,T10,6x+2=-16,x=-2,UNLIKE_TERMS,combined,synthetic
2809,T07,(x-11)^2=121,x^2+121=121,SQUARE_OF_SUM,direct,synthetic
2810,T12,(-9)(-6x)=54,-54x=54,NEG_TIMES_NEG,direct,synthetic
2811,T03,-8(x+9)=-120,-8x=-129,PARTIAL_DISTRIBUTION,combined,synthetic
2812,T04,-(x+4)=-1,-x=-5,NEGATIVE_DISTRIBUTION,combined,synthetic
2813,T12,(-4)(-8x)=-96,x=3,NEG_TIMES_NEG,combined,synthetic
2814,T05,10-(x+6)=8,10-x-6=8,NONE,direct,synthetic
2815,T04,-(x+8)=-13,-9x=-13,UNLIKE_TERMS,direct,synthetic
2816,T06,(x+1)^2=1,x^2+1=1,SQUARE_OF_SUM,direct,synthetic
2817,T12,(-4)(-6x)=24,-24x=24,NEG_TIMES_NEG,direct,synthetic
2818,T09,x-9=-7,x=-16,TRANSPOSITION,combined,synthetic
2819,T05,2-(x+1)=0,-x=-3,NEGATIVE_DISTRIBUTION,combined,synthetic
2820,T03,-3(x+9)=-24,-3x=3,NONE,combined,synthetic
2821,T13,4(x+3)+2x=24,4x+12+1x=24,ARITHMETIC_SLIP,direct,synthetic
2822,T11,12=x+7,12-8=x,ARITHMETIC_SLIP,direct,synthetic
2823,T04,-(x+12)=-10,-13x=-10,UNLIKE_TERMS,direct,synthetic
2824,T13,2(x+6)+3x=17,5x=11,PARTIAL_DISTRIBUTION,combined,synthetic
2825,T03,-5(x+4)=0,-5x=-4,PARTIAL_DISTRIBUTION,combined,synthetic
2826,T12,(-7)(-x)=-56,-7x=-56,NEG_TIMES_NEG,direct,synthetic
2827,T02,2(x-5)=-14,2x-10=-14,NONE,direct,synthetic
2828,T09,x-2=-4,x=-4+3,ARITHMETIC_SLIP,direct,synthetic
2829,T12,(-9)(-8x)=648,72x=645,ARITHMETIC_SLIP,direct,synthetic
2830,T04,-(x+8)=-13,x=13/9,UNLIKE_TERMS,combined,synthetic
2831,T13,2(x+2)+x=10,2x+4+x=10,NONE,direct,synthetic
2832,T07,(x-12)^2=16,x^2+144=16,SQUARE_OF_SUM,direct,synthetic
2833,T12,(-6)(-3x)=72,21x=72,ARITHMETIC_SLIP,direct,synthetic
2834,T06,(x+11)^2=441,x^2+121=441,SQUARE_OF_SUM,direct,synthetic
2835,T10,8x+5=5,8x=10,TRANSPOSITION,combined,synthetic
2836,T05,11-(x+2)=14,-x=1,NEGATIVE_DISTRIBUTION,combined,synthetic
2837,T07,(x-11)^2=1,x^2-22x+121=4,ARITHMETIC_SLIP,direct,synthetic
2838,T12,(-4)(-7x)=-196,x=-196/25,ARITHMETIC_SLIP,combined,synthetic
2839,T12,(-7)(-x)=-63,7x=-63,NONE,direct,synthetic
2840,T04,-(x+2)=-9,-x+2=-9,NEGATIVE_DISTRIBUTION,direct,synthetic
2841,T02,2(x-9)=-16,2x=-7,PARTIAL_DISTRIBUTION,combined,synthetic
2842,T08,x+11=15,x=15+11,TRANSPOSITION,direct,synthetic
2843,T10,9x+12=93,9x=93+12,TRANSPOSITION,direct,synthetic
2844,T05,10-(x+1)=2,-(x+1)=2+10,TRANSPOSITION,direct,synthetic
2845,T12,(-8)(-x)=56,x=-7,NEG_TIMES_NEG,combined,synthetic
2846,T06,(x+8)^2=25,x^2+64=25,SQUARE_OF_SUM,direct,synthetic
2847,T12,(-8)(-5x)=-40,x=1,NEG_TIMES_NEG,combined,synthetic
2848,T10,3x+2=17,5x=17,UNLIKE_TERMS,direct,synthetic
2849,T05,4-(x+2)=-7,-x=-1,TRANSPOSITION,combined,synthetic
2850,T05,7-(x+1)=8,-x=16,TRANSPOSITION,combined,synthetic
2851,T10,7x+11=-24,18x=-24,UNLIKE_TERMS,direct,synthetic
2852,T03,-9(x+6)=-9,-9x=45,NONE,combined,synthetic
2853,T07,(x-9)^2=36,x^2+81=36,SQUARE_OF_SUM,direct,synthetic
2854,T08,x+6=13,x=7,NONE,combined,synthetic
2855,T12,(-2)(-x)=-10,x=-5,NONE,combined,synthetic
2856,T10,3x+12=6,15x=6,UNLIKE_TERMS,direct,synthetic
2857,T09,x-4=-6,x=-6-4,TRANSPOSITION,direct,synthetic
2858,T10,5x+12=42,x=42/17,UNLIKE_TERMS,combined,synthetic
2859,T12,(-5)(-8x)=-120,x=3,NEG_TIMES_NEG,combined,synthetic
2860,T12,(-4)(-5x)=-100,x=5,NEG_TIMES_NEG,combined,synthetic
2861,T12,(-9)(-7x)=315,x=-5,NEG_TIMES_NEG,combined,synthetic
2862,T05,10-(x+4)=7,-(x+4)=7+10,TRANSPOSITION,direct,synthetic
2863,T10,6x+1=7,6x=7+1,TRANSPOSITION,direct,synthetic
2864,T07,(x-11)^2=1,x^2+121=1,SQUARE_OF_SUM,direct,synthetic
2865,T02,8(x-2)=8,8x=10,PARTIAL_DISTRIBUTION,combined,synthetic
2866,T13,6(x+3)+3x=-9,9x=-27,NONE,combined,synthetic
2867,T02,8(x-6)=-88,8x=-82,PARTIAL_DISTRIBUTION,combined,synthetic
2868,T07,(x-9)^2=25,x^2+81=25,SQUARE_OF_SUM,direct,synthetic
2869,T08,x+10=12,x=12-9,ARITHMETIC_SLIP,direct,synthetic
2870,T13,3(x+2)+5x=22,8x+2=22,PARTIAL_DISTRIBUTION,direct,synthetic
2871,T10,8x+2=-14,x=-7/5,UNLIKE_TERMS,combined,synthetic
2872,T05,8-(x+2)=12,-x=22,TRANSPOSITION,combined,synthetic
2873,T02,7(x-5)=-63,7x-5=-63,PARTIAL_DISTRIBUTION,direct,synthetic
2874,T12,(-2)(-4x)=-32,x=4,NEG_TIMES_NEG,combined,synthetic
2875,T02,5(x-8)=-70,5x=-30,NONE,combined,synthetic
2876,T12,(-5)(-2x)=-80,-10x=-80,NEG_TIMES_NEG,direct,synthetic
2877,T10,8x+2=-14,8x=-14+2,TRANSPOSITION,direct,synthetic
2878,T05,10-(x+4)=2,-x=-4,NONE,combined,synthetic
2879,T04,-(x+7)=-4,-x=-11,NEGATIVE_DISTRIBUTION,combined,synthetic
2880,T04,-(x+4)=-8,-5x=-8,UNLIKE_TERMS,direct,synthetic
2881,T03,-7(x+9)=-77,9-7x=-77,PARTIAL_DISTRIBUTION,direct,synthetic
2882,T12,(-2)(-6x)=24,x=-2,NEG_TIMES_NEG,combined,synthetic
2883,T12,(-4)(-4x)=-32,x=2,NEG_TIMES_NEG,combined,synthetic
2884,T08,x+3=11,x=14,TRANSPOSITION,combined,synthetic
2885,T01,6(x+8)=102,6x=55,ARITHMETIC_SLIP,combined,synthetic
2886,T04,-(x+4)=-5,-x=-9,NEGATIVE_DISTRIBUTION,combined,synthetic
2887,T12,(-6)(-9x)=-216,x=-4,NONE,combined,synthetic
2888,T04,-(x+1)=-3,-2x=-3,UNLIKE_TERMS,direct,synthetic
2889,T05,4-(x+3)=-9,-x=-2,TRANSPOSITION,combined,synthetic
2890,T10,2x+8=-4,10x=-4,UNLIKE_TERMS,direct,synthetic
2891,T03,-2(x+2)=-4,-2x-4=-4,NONE,direct,synthetic
2892,T09,x-10=-1,-9x=-1,UNLIKE_TERMS,direct,synthetic
2893,T12,(-4)(-2x)=24,-8x=24,NEG_TIMES_NEG,direct,synthetic
2894,T03,-8(x+7)=-136,-8x=-80,NONE,combined,synthetic
2895,T12,(-8)(-6x)=-240,x=-239/48,ARITHMETIC_SLIP,combined,synthetic
2896,T06,(x+8)^2=81,x^2+64=81,SQUARE_OF_SUM,direct,synthetic
2897,T04,-(x+6)=-4,-x=-10,NEGATIVE_DISTRIBUTION,combined,synthetic
2898,T13,2(x+2)+4x=-2,2x+4+4x=-5,ARITHMETIC_SLIP,direct,synthetic
2899,T12,(-5)(-4x)=-120,-20x=-120,NEG_TIMES_NEG,direct,synthetic
2900,T12,(-3)(-4x)=-108,x=-12,ARITHMETIC_SLIP,combined,synthetic
2901,T11,7=x+1,-x=-6,NONE,combined,synthetic
2902,T03,-7(x+9)=-77,-7x-63=-77,NONE,direct,synthetic
2903,T04,-(x+10)=-4,-x=6,NONE,combined,synthetic
2904,T05,8-(x+8)=-10,8-x+8=-10,NEGATIVE_DISTRIBUTION,direct,synthetic
2905,T05,12-(x+3)=0,-x=15,TRANSPOSITION,combined,synthetic
2906,T01,4(x+2)=-8,4x=-10,PARTIAL_DISTRIBUTION,combined,synthetic
2907,T09,x-10=-3,x=1/3,UNLIKE_TERMS,combined,synthetic
2908,T12,(-8)(-2x)=48,16x=48,NONE,direct,synthetic
2909,T01,2(x+1)=4,2x+1=4,PARTIAL_DISTRIBUTION,direct,synthetic
2910,T04,-(x+10)=-12,-x+10=-12,NEGATIVE_DISTRIBUTION,direct,synthetic
2911,T09,x-5=-7,-4x=-7,UNLIKE_TERMS,direct,synthetic
2912,T02,5(x-7)=5,5x-7=5,PARTIAL_DISTRIBUTION,direct,synthetic
2913,T08,x+6=6,x=6+6,TRANSPOSITION,direct,synthetic
2914,T08,x+9=16,x=6,ARITHMETIC_SLIP,combined,synthetic
2915,T09,x-2=-4,x=-4-2,TRANSPOSITION,direct,synthetic
2916,T05,12-(x+3)=6,-x=0,ARITHMETIC_SLIP,combined,synthetic
2917,T06,(x+6)^2=169,x^2+36=169,SQUARE_OF_SUM,direct,synthetic
2918,T07,(x-12)^2=4,x^2+144=4,SQUARE_OF_SUM,direct,synthetic
2919,T04,-(x+1)=-4,-2x=-4,UNLIKE_TERMS,direct,synthetic
2920,T08,x+9=6,10x=6,UNLIKE_TERMS,direct,synthetic
2921,T12,(-4)(-9x)=-72,x=-2,NONE,combined,synthetic
2922,T10,9x+4=-14,9x=-14-4,NONE,direct,synthetic
2923,T05,6-(x+6)=6,-(x+6)=6+6,TRANSPOSITION,direct,synthetic
2924,T10,9x+4=-14,13x=-14,UNLIKE_TERMS,direct,synthetic
2925,T09,x-4=-7,-3x=-7,UNLIKE_TERMS,direct,synthetic
2926,T10,2x+8=18,10x=18,UNLIKE_TERMS,direct,synthetic
2927,T10,2x+9=25,2x=16,NONE,combined,synthetic
2928,T04,-(x+10)=-9,-x+10=-9,NEGATIVE_DISTRIBUTION,direct,synthetic
2929,T03,-6(x+5)=-12,-6x=15,ARITHMETIC_SLIP,combined,synthetic
2930,T09,x-7=-3,x=-3-7,TRANSPOSITION,direct,synthetic
2931,T11,14=x+12,15-12=x,ARITHMETIC_SLIP,direct,synthetic
2932,T03,-3(x+7)=-48,7-3x=-48,PARTIAL_DISTRIBUTION,direct,synthetic
2933,T06,(x+10)^2=64,x^2+100=64,SQUARE_OF_SUM,direct,synthetic
2934,T11,6=x+2,4-2=x,ARITHMETIC_SLIP,direct,synthetic
2935,T04,-(x+8)=-5,x=5/9,UNLIKE_TERMS,combined,synthetic
2936,T12,(-7)(-6x)=-126,x=-3,NONE,combined,synthetic
2937,T10,6x+4=58,6x=58+4,TRANSPOSITION,direct,synthetic
2938,T07,(x-7)^2=9,x^2-14x+49=6,ARITHMETIC_SLIP,direct,synthetic
2939,T12,(-5)(-2x)=50,-10x=50,NEG_TIMES_NEG,direct,synthetic
2940,T04,-(x+1)=-7,-2x=-7,UNLIKE_TERMS,direct,synthetic
2941,T06,(x+12)^2=729,x^2+24x+145=729,ARITHMETIC_SLIP,direct,synthetic
2942,T02,9(x-4)=-63,9x=-25,ARITHMETIC_SLIP,combined,synthetic
2943,T09,x-12=-16,-11x=-16,UNLIKE_TERMS,direct,synthetic
2944,T10,6x+2=-16,6x=-14,TRANSPOSITION,combined,synthetic
2945,T03,-2(x+8)=-20,-2x=-28,PARTIAL_DISTRIBUTION,combined,synthetic
2946,T12,(-7)(-4x)=112,x=-4,NEG_TIMES_NEG,combined,synthetic
2947,T05,12-(x+4)=6,-(x+4)=6+12,TRANSPOSITION,direct,synthetic
2948,T09,x-11=-3,x=-6+11,ARITHMETIC_SLIP,direct,synthetic
2949,T03,-3(x+8)=-45,-3x=-53,PARTIAL_DISTRIBUTION,combined,synthetic
2950,T05,5-(x+5)=4,-x=4,NONE,combined,synthetic
2951,T04,-(x+5)=-15,x=5/2,UNLIKE_TERMS,combined,synthetic
2952,T04,-(x+6)=-5,-7x=-5,UNLIKE_TERMS,direct,synthetic
2953,T04,-(x+9)=-11,-10x=-11,UNLIKE_TERMS,direct,synthetic
2954,T05,12-(x+5)=7,12-x+5=7,NEGATIVE_DISTRIBUTION,direct,synthetic
2955,T08,x+12=15,x=15/13,UNLIKE_TERMS,combined,synthetic
2956,T07,(x-6)^2=64,x^2+36=64,SQUARE_OF_SUM,direct,synthetic
2957,T09,x-11=-10,x=-21,TRANSPOSITION,combined,synthetic
2958,T01,5(x+3)=55,5x=52,PARTIAL_DISTRIBUTION,combined,synthetic
2959,T12,(-2)(-x)=8,x=4,NONE,combined,synthetic
2960,T09,x-6=-2,x=-2+6,NONE,direct,synthetic
2961,T09,x-3=-3,x=3/2,UNLIKE_TERMS,combined,synthetic
2962,T12,(-5)(-6x)=-270,x=9,NEG_TIMES_NEG,combined,synthetic
2963,T05,2-(x+1)=-3,2-x+1=-3,NEGATIVE_DISTRIBUTION,direct,synthetic
2964,T12,(-5)(-5x)=-150,-25x=-150,NEG_TIMES_NEG,direct,synthetic
2965,T05,2-(x+7)=-7,2-x+7=-7,NEGATIVE_DISTRIBUTION,direct,synthetic
2966,T03,-8(x+7)=-136,-8x=-143,PARTIAL_DISTRIBUTION,combined,synthetic
2967,T01,3(x+5)=36,3x=31,PARTIAL_DISTRIBUTION,combined,synthetic
2968,T05,6-(x+8)=0,-x=-14,NEGATIVE_DISTRIBUTION,combined,synthetic
2969,T01,9(x+5)=135,9x+5=135,PARTIAL_DISTRIBUTION,direct,synthetic
2970,T03,-6(x+8)=-102,8-6x=-102,PARTIAL_DISTRIBUTION,direct,synthetic
2971,T10,8x+3=75,9x=75-3,ARITHMETIC_SLIP,direct,synthetic
2972,T03,-4(x+6)=-16,-4x=7,ARITHMETIC_SLIP,combined,synthetic
2973,T12,(-5)(-6x)=-150,28x=-150,ARITHMETIC_SLIP,direct,synthetic
2974,T02,7(x-2)=35,7x-2=35,PARTIAL_DISTRIBUTION,direct,synthetic
2975,T02,7(x-2)=35,7x-17=35,ARITHMETIC_SLIP,direct,synthetic
2976,T04,-(x+10)=-5,-x=-15,NEGATIVE_DISTRIBUTION,combined,synthetic
2977,T05,2-(x+4)=-6,-x=-12,NEGATIVE_DISTRIBUTION,combined,synthetic
2978,T08,x+7=16,x=6,ARITHMETIC_SLIP,combined,synthetic
2979,T09,x-10=-15,x=-25,TRANSPOSITION,combined,synthetic
2980,T12,(-9)(-6x)=378,x=-7,NEG_TIMES_NEG,combined,synthetic
2981,T11,11=x+4,11-2=x,ARITHMETIC_SLIP,direct,synthetic
2982,T06,(x+12)^2=64,x^2+144=64,SQUARE_OF_SUM,direct,synthetic
2983,T05,7-(x+1)=2,-x=-6,NEGATIVE_DISTRIBUTION,combined,synthetic
2984,T01,7(x+4)=0,7x+4=0,PARTIAL_DISTRIBUTION,direct,synthetic
2985,T09,x-11=-4,-10x=-4,UNLIKE_TERMS,direct,synthetic
2986,T01,3(x+7)=39,3x+7=39,PARTIAL_DISTRIBUTION,direct,synthetic
2987,T05,2-(x+2)=4,-x=8,TRANSPOSITION,combined,synthetic
2988,T07,(x-11)^2=16,x^2+121=16,SQUARE_OF_SUM,direct,synthetic
2989,T04,-(x+11)=-10,-x=1,NONE,combined,synthetic
2990,T03,-9(x+7)=-153,-9x=-160,PARTIAL_DISTRIBUTION,combined,synthetic
2991,T10,5x+9=24,x=12/7,UNLIKE_TERMS,combined,synthetic
2992,T13,4(x+5)+5x=83,9x+5=83,PARTIAL_DISTRIBUTION,direct,synthetic
2993,T04,-(x+7)=-13,-x+7=-13,NEGATIVE_DISTRIBUTION,direct,synthetic
2994,T10,3x+6=-9,x=-1,UNLIKE_TERMS,combined,synthetic
2995,T05,11-(x+9)=-2,-x=-22,NEGATIVE_DISTRIBUTION,combined,synthetic
2996,T10,8x+6=62,8x=68,TRANSPOSITION,combined,synthetic
2997,T13,6(x+1)+3x=-21,9x=-22,PARTIAL_DISTRIBUTION,combined,synthetic
2998,T12,(-4)(-8x)=-224,32x=-224,NONE,direct,synthetic
2999,T05,8-(x+2)=1,-x=-9,NEGATIVE_DISTRIBUTION,combined,synthetic
3000,T13,3(x+4)+x=40,4x+4=40,PARTIAL_DISTRIBUTION,direct,synthetic
3001,T01,6(x+7)=54,6x+7=54,PARTIAL_DISTRIBUTION,direct,synthetic
3002,T12,(-3)(-x)=-15,x=5,NEG_TIMES_NEG,combined,synthetic
3003,T02,5(x-8)=-15,5x-8=-15,PARTIAL_DISTRIBUTION,direct,synthetic
3004,T06,(x+8)^2=196,x^2+64=196,SQUARE_OF_SUM,direct,synthetic
3005,T12,(-6)(-9x)=-486,x=9,NEG_TIMES_NEG,combined,synthetic
3006,T06,(x+2)^2=196,x^2+4=196,SQUARE_OF_SUM,direct,synthetic
3007,T04,-(x+9)=-7,-10x=-7,UNLIKE_TERMS,direct,synthetic
3008,T12,(-8)(-8x)=-512,x=-512/63,ARITHMETIC_SLIP,combined,synthetic
3009,T05,7-(x+1)=2,-(x+1)=2+7,TRANSPOSITION,direct,synthetic
3010,T02,2(x-7)=6,2x-14=6,NONE,direct,synthetic
3011,T10,5x+10=-10,15x=-10,UNLIKE_TERMS,direct,synthetic
3012,T10,2x+8=28,2x=28-7,ARITHMETIC_SLIP,direct,synthetic
3013,T12,(-6)(-2x)=-24,x=-2,NONE,combined,synthetic
3014,T12,(-4)(-8x)=-128,x=4,NEG_TIMES_NEG,combined,synthetic
3015,T12,(-8)(-x)=16,x=-2,NEG_TIMES_NEG,combined,synthetic
3016,T12,(-5)(-5x)=-125,-25x=-125,NEG_TIMES_NEG,direct,synthetic
3017,T10,5x+7=2,4x=-5,ARITHMETIC_SLIP,combined,synthetic
3018,T12,(-5)(-4x)=-120,x=6,NEG_TIMES_NEG,combined,synthetic
3019,T12,(-7)(-6x)=210,42x=210,NONE,direct,synthetic
3020,T09,x-12=-16,x=-13+12,ARITHMETIC_SLIP,direct,synthetic
3021,T05,8-(x+4)=2,-(x+4)=2+8,TRANSPOSITION,direct,synthetic
3022,T07,(x-7)^2=36,x^2-16x+49=36,ARITHMETIC_SLIP,direct,synthetic
3023,T12,(-7)(-2x)=84,-14x=84,NEG_TIMES_NEG,direct,synthetic
3024,T05,8-(x+4)=9,-x=21,TRANSPOSITION,combined,synthetic
3025,T12,(-4)(-2x)=40,-8x=40,NEG_TIMES_NEG,direct,synthetic
3026,T12,(-4)(-x)=36,4x=36,NONE,direct,synthetic
3027,T03,-5(x+8)=-75,-5x=-35,NONE,combined,synthetic
3028,T08,x+9=13,10x=13,UNLIKE_TERMS,direct,synthetic
3029,T08,x+11=14,x=4,ARITHMETIC_SLIP,combined,synthetic
3030,T05,12-(x+7)=-1,-(x+7)=-1+12,TRANSPOSITION,direct,synthetic
3031,T10,7x+1=-41,8x=-41,UNLIKE_TERMS,direct,synthetic
3032,T12,(-6)(-2x)=108,-12x=108,NEG_TIMES_NEG,direct,synthetic
3033,T05,10-(x+9)=-8,-x=11,TRANSPOSITION,combined,synthetic
3034,T05,4-(x+4)=6,-x=7,ARITHMETIC_SLIP,combined,synthetic
3035,T08,x+7=7,x=7/8,UNLIKE_TERMS,combined,synthetic
3036,T12,(-5)(-x)=5,x=-1,NEG_TIMES_NEG,combined,synthetic
3037,T04,-(x+8)=-2,-x+8=-2,NEGATIVE_DISTRIBUTION,direct,synthetic
3038,T05,11-(x+2)=6,-x=-7,NEGATIVE_DISTRIBUTION,combined,synthetic
3039,T12,(-7)(-4x)=28,x=-1,NEG_TIMES_NEG,combined,synthetic
3040,T08,x+2=12,x=12+2,TRANSPOSITION,direct,synthetic
3041,T12,(-6)(-9x)=378,-54x=378,NEG_TIMES_NEG,direct,synthetic
3042,T12,(-5)(-6x)=270,-30x=270,NEG_TIMES_NEG,direct,synthetic
3043,T12,(-6)(-7x)=-42,-42x=-42,NEG_TIMES_NEG,direct,synthetic
3044,T12,(-7)(-3x)=21,x=-1,NEG_TIMES_NEG,combined,synthetic
3045,T12,(-9)(-3x)=-27,27x=-27,NONE,direct,synthetic
3046,T12,(-4)(-x)=20,-4x=20,NEG_TIMES_NEG,direct,synthetic
3047,T08,x+5=10,x=5,NONE,combined,synthetic
3048,T08,x+11=14,x=7/6,UNLIKE_TERMS,combined,synthetic
3049,T05,2-(x+4)=-6,-(x+4)=-6+2,TRANSPOSITION,direct,synthetic
3050,T01,6(x+2)=6,6x+12=6,NONE,direct,synthetic
3051,T05,6-(x+7)=-10,-x=-23,NEGATIVE_DISTRIBUTION,combined,synthetic
3052,T09,x-7=-4,-6x=-4,UNLIKE_TERMS,direct,synthetic
3053,T03,-9(x+4)=-108,-9x=-72,NONE,combined,synthetic
3054,T10,5x+9=24,4x=15,ARITHMETIC_SLIP,combined,synthetic
3055,T01,7(x+5)=42,7x=7,NONE,combined,synthetic
3056,T12,(-3)(-5x)=75,-15x=75,NEG_TIMES_NEG,direct,synthetic
3057,T08,x+9=6,x=-4,ARITHMETIC_SLIP,combined,synthetic
3058,T06,(x+3)^2=81,x^2+9=81,SQUARE_OF_SUM,direct,synthetic
3059,T08,x+8=14,9x=14,UNLIKE_TERMS,direct,synthetic
3060,T09,x-1=8,x=8+3,ARITHMETIC_SLIP,direct,synthetic
3061,T12,(-3)(-6x)=54,x=-3,NEG_TIMES_NEG,combined,synthetic
3062,T12,(-9)(-9x)=-243,-81x=-243,NEG_TIMES_NEG,direct,synthetic
3063,T12,(-9)(-x)=27,x=-3,NEG_TIMES_NEG,combined,synthetic
3064,T03,-5(x+7)=-40,-5x-35=-40,NONE,direct,synthetic
3065,T12,(-5)(-5x)=75,-25x=75,NEG_TIMES_NEG,direct,synthetic
3066,T04,-(x+5)=-4,-x+5=-4,NEGATIVE_DISTRIBUTION,direct,synthetic
3067,T05,8-(x+2)=1,8-x+2=1,NEGATIVE_DISTRIBUTION,direct,synthetic
3068,T02,8(x-6)=24,8x-6=24,PARTIAL_DISTRIBUTION,direct,synthetic
3069,T06,(x+11)^2=576,x^2+121=576,SQUARE_OF_SUM,direct,synthetic
3070,T04,-(x+5)=-1,-x+5=-1,NEGATIVE_DISTRIBUTION,direct,synthetic
3071,T03,-4(x+5)=-36,-4x=-19,ARITHMETIC_SLIP,combined,synthetic
3072,T05,9-(x+3)=11,-(x+3)=11+9,TRANSPOSITION,direct,synthetic
3073,T10,8x+8=72,16x=72,UNLIKE_TERMS,direct,synthetic
3074,T12,(-9)(-6x)=-432,-54x=-432,NEG_TIMES_NEG,direct,synthetic
3075,T05,12-(x+2)=16,-x=2,NEGATIVE_DISTRIBUTION,combined,synthetic
3076,T06,(x+8)^2=324,x^2+64=324,SQUARE_OF_SUM,direct,synthetic
3077,T05,10-(x+5)=3,-x=-12,NEGATIVE_DISTRIBUTION,combined,synthetic
3078,T03,-9(x+9)=-117,-9x=-126,PARTIAL_DISTRIBUTION,combined,synthetic
3079,T12,(-7)(-9x)=-189,-63x=-189,NEG_TIMES_NEG,direct,synthetic
3080,T05,6-(x+4)=5,-(x+4)=5+6,TRANSPOSITION,direct,synthetic
3081,T09,x-10=0,x=0,UNLIKE_TERMS,combined,synthetic
3082,T10,6x+11=41,17x=41,UNLIKE_TERMS,direct,synthetic
3083,T10,3x+11=8,14x=8,UNLIKE_TERMS,direct,synthetic
3084,T09,x-11=-6,x=-17,TRANSPOSITION,combined,synthetic
3085,T12,(-2)(-3x)=54,x=17/2,ARITHMETIC_SLIP,combined,synthetic
3086,T09,x-4=-3,x=-7,TRANSPOSITION,combined,synthetic
3087,T10,7x+8=36,7x=44,TRANSPOSITION,combined,synthetic
3088,T05,6-(x+4)=7,6-x+4=7,NEGATIVE_DISTRIBUTION,direct,synthetic
3089,T12,(-6)(-4x)=-144,x=-6,NONE,combined,synthetic
3090,T09,x-4=-8,x=-8-4,TRANSPOSITION,direct,synthetic
3091,T12,(-5)(-5x)=-75,25x=-74,ARITHMETIC_SLIP,direct,synthetic
3092,T04,-(x+5)=-11,-x+5=-11,NEGATIVE_DISTRIBUTION,direct,synthetic
3093,T08,x+7=3,x=10,TRANSPOSITION,combined,synthetic
3094,T09,x-12=-16,x=-16-12,TRANSPOSITION,direct,synthetic
3095,T07,(x-11)^2=144,x^2+121=144,SQUARE_OF_SUM,direct,synthetic
3096,T11,5=x+2,-x=-3,NONE,combined,synthetic
3097,T12,(-6)(-4x)=-168,23x=-168,ARITHMETIC_SLIP,direct,synthetic
3098,T12,(-5)(-2x)=10,-10x=10,NEG_TIMES_NEG,direct,synthetic
3099,T03,-3(x+9)=-12,-4x=15,ARITHMETIC_SLIP,combined,synthetic
3100,T04,-(x+5)=-9,-x=-6,ARITHMETIC_SLIP,combined,synthetic
3101,T06,(x+5)^2=16,x^2+25=16,SQUARE_OF_SUM,direct,synthetic
3102,T12,(-3)(-2x)=6,-6x=6,NEG_TIMES_NEG,direct,synthetic
3103,T04,-(x+4)=-3,-x=-7,NEGATIVE_DISTRIBUTION,combined,synthetic
3104,T12,(-3)(-5x)=105,x=7,NONE,combined,synthetic
3105,T13,6(x+3)+2x=90,8x=72,NONE,combined,synthetic
3106,T05,6-(x+6)=6,-x=18,TRANSPOSITION,combined,synthetic
3107,T01,8(x+6)=0,8x=-6,PARTIAL_DISTRIBUTION,combined,synthetic
3108,T01,9(x+9)=144,9x+81=141,ARITHMETIC_SLIP,direct,synthetic
3109,T04,-(x+7)=-1,-x-9=-1,ARITHMETIC_SLIP,direct,synthetic
3110,T10,3x+9=9,3x=9+9,TRANSPOSITION,direct,synthetic
3111,T03,-6(x+6)=-96,6-6x=-96,PARTIAL_DISTRIBUTION,direct,synthetic
3112,T13,6(x+1)+2x=-10,8x+1=-10,PARTIAL_DISTRIBUTION,direct,synthetic
3113,T12,(-6)(-2x)=84,-12x=84,NEG_TIMES_NEG,direct,synthetic
3114,T02,2(x-9)=-16,2x-18=-16,NONE,direct,synthetic
3115,T05,8-(x+2)=9,8-x+2=9,NEGATIVE_DISTRIBUTION,direct,synthetic
3116,T12,(-6)(-5x)=240,x=-8,NEG_TIMES_NEG,combined,synthetic
3117,T09,x-8=-6,-7x=-6,UNLIKE_TERMS,direct,synthetic
3118,T07,(x-2)^2=0,x^2+4=0,SQUARE_OF_SUM,direct,synthetic
3119,T05,6-(x+4)=5,-x=15,TRANSPOSITION,combined,synthetic
3120,T12,(-6)(-4x)=-48,24x=-48,NONE,direct,synthetic
3121,T04,-(x+5)=-15,-x+5=-15,NEGATIVE_DISTRIBUTION,direct,synthetic
3122,T12,(-4)(-6x)=192,24x=192,NONE,direct,synthetic
3123,T01,6(x+8)=102,6x=54,NONE,combined,synthetic
3124,T12,(-2)(-5x)=-70,x=-70/13,ARITHMETIC_SLIP,combined,synthetic
3125,T03,-5(x+8)=-75,8-5x=-75,PARTIAL_DISTRIBUTION,direct,synthetic
3126,T03,-9(x+6)=-9,-9x=-15,PARTIAL_DISTRIBUTION,combined,synthetic
3127,T08,x+2=5,3x=5,UNLIKE_TERMS,direct,synthetic
3128,T13,4(x+2)+4x=80,11x=72,ARITHMETIC_SLIP,combined,synthetic
3129,T06,(x+4)^2=289,x^2+8x+16=290,ARITHMETIC_SLIP,direct,synthetic
3130,T10,5x+12=42,5x=54,TRANSPOSITION,combined,synthetic
3131,T06,(x+12)^2=144,x^2+144=144,SQUARE_OF_SUM,direct,synthetic
3132,T02,6(x-7)=-60,3x-42=-60,ARITHMETIC_SLIP,direct,synthetic
3133,T10,3x+6=-6,9x=-6,UNLIKE_TERMS,direct,synthetic
3134,T10,4x+9=5,13x=5,UNLIKE_TERMS,direct,synthetic
3135,T05,12-(x+2)=2,-(x+2)=2+12,TRANSPOSITION,direct,synthetic
3136,T09,x-10=-6,x=-16,TRANSPOSITION,combined,synthetic
3137,T12,(-3)(-x)=24,x=-8,NEG_TIMES_NEG,combined,synthetic
3138,T09,x-9=-15,x=-15+9,NONE,direct,synthetic
3139,T12,(-3)(-5x)=-135,x=-134/15,ARITHMETIC_SLIP,combined,synthetic
3140,T05,4-(x+2)=-7,-x=-13,NEGATIVE_DISTRIBUTION,combined,synthetic
3141,T10,5x+8=-17,5x=-17+8,TRANSPOSITION,direct,synthetic
3142,T09,x-4=5,x=5-4,TRANSPOSITION,direct,synthetic
3143,T01,3(x+9)=30,3x+27=30,NONE,direct,synthetic
3144,T05,4-(x+5)=2,-x=-7,NEGATIVE_DISTRIBUTION,combined,synthetic
3145,T13,3(x+3)+x=-11,4x=-20,NONE,combined,synthetic
3146,T07,(x-11)^2=225,x^2-22x+121=225,NONE,direct,synthetic
3147,T09,x-9=1,x=-1/8,UNLIKE_TERMS,combined,synthetic
3148,T08,x+11=12,x=23,TRANSPOSITION,combined,synthetic
3149,T01,5(x+6)=30,5x+6=30,PARTIAL_DISTRIBUTION,direct,synthetic
3150,T01,3(x+9)=30,3x=3,NONE,combined,synthetic
3151,T12,(-6)(-9x)=-378,-54x=-378,NEG_TIMES_NEG,direct,synthetic
3152,T12,(-5)(-x)=5,-5x=5,NEG_TIMES_NEG,direct,synthetic
3153,T10,8x+2=-14,8x=-16,NONE,combined,synthetic
3154,T08,x+10=15,x=15/11,UNLIKE_TERMS,combined,synthetic
3155,T08,x+1=4,2x=4,UNLIKE_TERMS,direct,synthetic
3156,T10,7x+5=-23,7x=-23-5,NONE,direct,synthetic
3157,T12,(-3)(-7x)=84,-21x=84,NEG_TIMES_NEG,direct,synthetic
3158,T03,-8(x+7)=-96,7-8x=-96,PARTIAL_DISTRIBUTION,direct,synthetic
3159,T02,4(x-8)=-52,4x=-44,PARTIAL_DISTRIBUTION,combined,synthetic
3160,T05,5-(x+1)=-4,5-x+1=-4,NEGATIVE_DISTRIBUTION,direct,synthetic
3161,T05,10-(x+3)=0,-x=-13,NEGATIVE_DISTRIBUTION,combined,synthetic
3162,T13,6(x+1)+3x=-21,9x+1=-21,PARTIAL_DISTRIBUTION,direct,synthetic
3163,T12,(-3)(-2x)=-30,x=5,NEG_TIMES_NEG,combined,synthetic
3164,T10,8x+7=-33,x=-11/5,UNLIKE_TERMS,combined,synthetic
3165,T04,-(x+1)=-11,-x+1=-11,NEGATIVE_DISTRIBUTION,direct,synthetic
3166,T04,-(x+1)=-6,-x=-7,NEGATIVE_DISTRIBUTION,combined,synthetic
3167,T09,x-1=3,x=3+1,NONE,direct,synthetic
3168,T04,-(x+6)=0,-7x=0,UNLIKE_TERMS,direct,synthetic
3169,T12,(-6)(-7x)=42,x=-1,NEG_TIMES_NEG,combined,synthetic
3170,T07,(x-11)^2=9,x^2-19x+121=9,ARITHMETIC_SLIP,direct,synthetic
3171,T07,(x-2)^2=1,x^2+4=1,SQUARE_OF_SUM,direct,synthetic
3172,T12,(-9)(-6x)=-324,x=6,NEG_TIMES_NEG,combined,synthetic
3173,T08,x+8=15,9x=15,UNLIKE_TERMS,direct,synthetic
3174,T04,-(x+7)=-1,x=1/8,UNLIKE_TERMS,combined,synthetic
3175,T04,-(x+5)=-6,-x-5=-6,NONE,direct,synthetic
3176,T09,x-11=-16,x=-16-11,TRANSPOSITION,direct,synthetic
3177,T05,12-(x+4)=13,12-x+4=13,NEGATIVE_DISTRIBUTION,direct,synthetic
3178,T02,7(x-9)=-14,7x-9=-14,PARTIAL_DISTRIBUTION,direct,synthetic
3179,T01,4(x+3)=48,4x=45,PARTIAL_DISTRIBUTION,combined,synthetic
3180,T12,(-6)(-3x)=108,15x=108,ARITHMETIC_SLIP,direct,synthetic
3181,T09,x-10=-6,x=-6-10,TRANSPOSITION,direct,synthetic
3182,T12,(-2)(-9x)=-36,x=2,NEG_TIMES_NEG,combined,synthetic
3183,T08,x+4=-2,x=-7,ARITHMETIC_SLIP,combined,synthetic
3184,T08,x+1=1,x=2-1,ARITHMETIC_SLIP,direct,synthetic
3185,T04,-(x+11)=-9,-12x=-9,UNLIKE_TERMS,direct,synthetic
3186,T10,4x+5=37,4x=32,NONE,combined,synthetic
3187,T13,3(x+6)+5x=-30,8x=-36,PARTIAL_DISTRIBUTION,combined,synthetic
3188,T04,-(x+7)=-7,-8x=-7,UNLIKE_TERMS,direct,synthetic
3189,T10,8x+5=5,8x=5+5,TRANSPOSITION,direct,synthetic
3190,T06,(x+2)^2=16,x^2+4=16,SQUARE_OF_SUM,direct,synthetic
3191,T02,8(x-3)=16,8x-3=16,PARTIAL_DISTRIBUTION,direct,synthetic
3192,T05,9-(x+3)=11,-x=5,NONE,combined,synthetic
3193,T02,8(x-3)=40,8x=65,ARITHMETIC_SLIP,combined,synthetic
3194,T04,-(x+9)=-13,x=13/10,UNLIKE_TERMS,combined,synthetic
3195,T09,x-11=-17,x=-17+13,ARITHMETIC_SLIP,direct,synthetic
3196,T03,-6(x+2)=-48,-6x=-37,ARITHMETIC_SLIP,combined,synthetic
3197,T12,(-2)(-3x)=12,x=-2,NEG_TIMES_NEG,combined,synthetic
3198,T06,(x+6)^2=4,x^2+36=4,SQUARE_OF_SUM,direct,synthetic
3199,T05,8-(x+1)=12,8-x+1=12,NEGATIVE_DISTRIBUTION,direct,synthetic
3200,T05,3-(x+7)=-14,-(x+7)=-14+3,TRANSPOSITION,direct,synthetic
3201,T12,(-6)(-7x)=168,42x=168,NONE,direct,synthetic
3202,T13,4(x+2)+2x=56,6x=45,ARITHMETIC_SLIP,combined,synthetic
3203,T07,(x-3)^2=36,x^2+9=36,SQUARE_OF_SUM,direct,synthetic
3204,T12,(-6)(-6x)=-72,39x=-72,ARITHMETIC_SLIP,direct,synthetic
3205,T08,x+4=7,5x=7,UNLIKE_TERMS,direct,synthetic
3206,T12,(-3)(-2x)=24,x=-4,NEG_TIMES_NEG,combined,synthetic
3207,T01,9(x+3)=99,9x+27=100,ARITHMETIC_SLIP,direct,synthetic
3208,T05,11-(x+5)=3,-x=-13,NEGATIVE_DISTRIBUTION,combined,synthetic
3209,T10,5x+12=-13,5x=-27,ARITHMETIC_SLIP,combined,synthetic
3210,T13,6(x+3)+3x=-9,9x+3=-9,PARTIAL_DISTRIBUTION,direct,synthetic
3211,T05,12-(x+7)=-1,-x=-6,NONE,combined,synthetic
3212,T09,x-7=-10,-6x=-10,UNLIKE_TERMS,direct,synthetic
3213,T05,10-(x+5)=6,10-x+5=6,NEGATIVE_DISTRIBUTION,direct,synthetic
3214,T07,(x-8)^2=36,x^2-16x+64=36,NONE,direct,synthetic
3215,T10,8x+7=55,8x=55+7,TRANSPOSITION,direct,synthetic
3216,T04,-(x+10)=-11,-x-10=-12,ARITHMETIC_SLIP,direct,synthetic
3217,T11,7=x+5,7-5=x,NONE,direct,synthetic
3218,T08,x+5=6,x=6+5,TRANSPOSITION,direct,synthetic
3219,T04,-(x+11)=-17,x=17/12,UNLIKE_TERMS,combined,synthetic
3220,T12,(-3)(-2x)=18,x=-3,NEG_TIMES_NEG,combined,synthetic
3221,T06,(x+5)^2=196,x^2+10x+28=196,ARITHMETIC_SLIP,direct,synthetic
3222,T04,-(x+8)=-13,-x+8=-13,NEGATIVE_DISTRIBUTION,direct,synthetic
3223,T12,(-8)(-x)=-72,x=9,NEG_TIMES_NEG,combined,synthetic
3224,T06,(x+9)^2=64,x^2+81=64,SQUARE_OF_SUM,direct,synthetic
3225,T08,x+1=0,x=1,TRANSPOSITION,combined,synthetic
3226,T07,(x-1)^2=81,x^2+1=81,SQUARE_OF_SUM,direct,synthetic
3227,T12,(-4)(-9x)=36,x=1,NONE,combined,synthetic
3228,T05,3-(x+5)=-3,-x=-1,NONE,combined,synthetic
3229,T13,2(x+5)+4x=4,6x+5=4,PARTIAL_DISTRIBUTION,direct,synthetic
3230,T05,5-(x+6)=-8,-x=-19,NEGATIVE_DISTRIBUTION,combined,synthetic
3231,T12,(-4)(-9x)=-180,-36x=-180,NEG_TIMES_NEG,direct,synthetic
3232,T12,(-6)(-6x)=144,-36x=144,NEG_TIMES_NEG,direct,synthetic
3233,T02,5(x-8)=0,5x=8,PARTIAL_DISTRIBUTION,combined,synthetic
3234,T09,x-5=-10,x=-10-5,TRANSPOSITION,direct,synthetic
3235,T13,4(x+4)+x=11,5x+4=11,PARTIAL_DISTRIBUTION,direct,synthetic
3236,T02,9(x-9)=-99,9x=-18,NONE,combined,synthetic
3237,T06,(x+3)^2=49,x^2+9=49,SQUARE_OF_SUM,direct,synthetic
3238,T10,6x+5=53,6x=53+5,TRANSPOSITION,direct,synthetic
3239,T09,x-1=1,x=1-1,TRANSPOSITION,direct,synthetic
3240,T04,-(x+11)=-6,-x=-17,NEGATIVE_DISTRIBUTION,combined,synthetic
3241,T08,x+4=2,5x=2,UNLIKE_TERMS,direct,synthetic
3242,T02,5(x-1)=-30,5x-1=-30,PARTIAL_DISTRIBUTION,direct,synthetic
3243,T12,(-4)(-5x)=20,x=1,NONE,combined,synthetic
3244,T09,x-12=-2,x=-2-12,TRANSPOSITION,direct,synthetic
3245,T08,x+2=2,3x=2,UNLIKE_TERMS,direct,synthetic
3246,T12,(-6)(-5x)=-120,x=-40/9,ARITHMETIC_SLIP,combined,synthetic
3247,T12,(-3)(-3x)=-9,-9x=-9,NEG_TIMES_NEG,direct,synthetic
3248,T10,8x+8=72,x=9/2,UNLIKE_TERMS,combined,synthetic
3249,T10,4x+6=2,4x=8,TRANSPOSITION,combined,synthetic
3250,T12,(-5)(-6x)=240,x=-8,NEG_TIMES_NEG,combined,synthetic
3251,T08,x+2=9,x=7,NONE,combined,synthetic
3252,T05,12-(x+2)=16,-x=30,TRANSPOSITION,combined,synthetic
3253,T04,-(x+7)=-17,-x+7=-17,NEGATIVE_DISTRIBUTION,direct,synthetic
3254,T12,(-5)(-3x)=-135,-15x=-135,NEG_TIMES_NEG,direct,synthetic
3255,T12,(-2)(-6x)=84,-12x=84,NEG_TIMES_NEG,direct,synthetic
3256,T05,9-(x+8)=7,9-x+8=7,NEGATIVE_DISTRIBUTION,direct,synthetic
3257,T12,(-8)(-2x)=112,-16x=112,NEG_TIMES_NEG,direct,synthetic
3258,T02,8(x-6)=-32,8x=-26,PARTIAL_DISTRIBUTION,combined,synthetic
3259,T10,6x+11=5,17x=5,UNLIKE_TERMS,direct,synthetic
3260,T09,x-11=-2,x=-13,TRANSPOSITION,combined,synthetic
3261,T04,-(x+1)=-4,-x+1=-4,NEGATIVE_DISTRIBUTION,direct,synthetic
3262,T09,x-11=-17,-10x=-17,UNLIKE_TERMS,direct,synthetic
3263,T12,(-5)(-2x)=-90,x=-45/4,ARITHMETIC_SLIP,combined,synthetic
3264,T08,x+9=8,x=17,TRANSPOSITION,combined,synthetic
3265,T04,-(x+1)=1,-x+1=1,NEGATIVE_DISTRIBUTION,direct,synthetic
3266,T06,(x+3)^2=196,x^2+9=196,SQUARE_OF_SUM,direct,synthetic
3267,T06,(x+5)^2=225,x^2+25=225,SQUARE_OF_SUM,direct,synthetic
3268,T08,x+2=9,x=9+2,TRANSPOSITION,direct,synthetic
3269,T08,x+5=-1,6x=-1,UNLIKE_TERMS,direct,synthetic
3270,T03,-5(x+6)=-65,6-5x=-65,PARTIAL_DISTRIBUTION,direct,synthetic
3271,T12,(-3)(-2x)=-36,x=-6,NONE,combined,synthetic
3272,T12,(-2)(-4x)=-8,-8x=-8,NEG_TIMES_NEG,direct,synthetic
3273,T12,(-3)(-6x)=-126,x=7,NEG_TIMES_NEG,combined,synthetic
3274,T06,(x+8)^2=100,x^2+64=100,SQUARE_OF_SUM,direct,synthetic
3275,T09,x-11=-7,x=7/10,UNLIKE_TERMS,combined,synthetic
3276,T07,(x-12)^2=64,x^2+144=64,SQUARE_OF_SUM,direct,synthetic
3277,T09,x-7=-10,x=5/3,UNLIKE_TERMS,combined,synthetic
3278,T04,-(x+4)=-8,x=8/5,UNLIKE_TERMS,combined,synthetic
3279,T10,9x+5=59,x=59/14,UNLIKE_TERMS,combined,synthetic
3280,T12,(-8)(-3x)=-72,-24x=-72,NEG_TIMES_NEG,direct,synthetic
3281,T03,-5(x+1)=25,-5x=24,PARTIAL_DISTRIBUTION,combined,synthetic
3282,T05,9-(x+8)=2,-x=19,TRANSPOSITION,combined,synthetic
3283,T13,5(x+1)+4x=41,9x=39,ARITHMETIC_SLIP,combined,synthetic
3284,T12,(-2)(-4x)=64,-8x=64,NEG_TIMES_NEG,direct,synthetic
3285,T05,7-(x+8)=-3,-x=-18,NEGATIVE_DISTRIBUTION,combined,synthetic
3286,T04,-(x+12)=-15,-x+12=-15,NEGATIVE_DISTRIBUTION,direct,synthetic
3287,T01,5(x+6)=65,5x+30=65,NONE,direct,synthetic
3288,T12,(-6)(-5x)=-120,x=4,NEG_TIMES_NEG,combined,synthetic
3289,T05,5-(x+5)=4,-x=-6,NEGATIVE_DISTRIBUTION,combined,synthetic
3290,T02,2(x-7)=4,5x-14=4,ARITHMETIC_SLIP,direct,synthetic
3291,T09,x-12=-18,x=-30,TRANSPOSITION,combined,synthetic
3292,T08,x+12=22,13x=22,UNLIKE_TERMS,direct,synthetic
3293,T05,8-(x+2)=4,8-x+2=4,NEGATIVE_DISTRIBUTION,direct,synthetic
3294,T10,8x+4=-36,8x=-36+4,TRANSPOSITION,direct,synthetic
3295,T12,(-5)(-5x)=-125,x=5,NEG_TIMES_NEG,combined,synthetic
3296,T12,(-5)(-2x)=-70,-10x=-70,NEG_TIMES_NEG,direct,synthetic
3297,T06,(x+12)^2=441,x^2+144=441,SQUARE_OF_SUM,direct,synthetic
3298,T10,3x+6=-6,x=-2/3,UNLIKE_TERMS,combined,synthetic
3299,T12,(-9)(-3x)=108,x=-4,NEG_TIMES_NEG,combined,synthetic
3300,T10,7x+3=-11,x=-11/10,UNLIKE_TERMS,combined,synthetic
3301,T12,(-4)(-7x)=-168,x=6,NEG_TIMES_NEG,combined,synthetic
3302,T12,(-9)(-x)=9,x=-1,NEG_TIMES_NEG,combined,synthetic
3303,T12,(-3)(-5x)=30,x=-2,NEG_TIMES_NEG,combined,synthetic
3304,T12,(-2)(-6x)=-60,12x=-60,NONE,direct,synthetic
3305,T10,4x+7=-5,4x=-10,ARITHMETIC_SLIP,combined,synthetic
3306,T12,(-8)(-2x)=-112,-16x=-112,NEG_TIMES_NEG,direct,synthetic
3307,T12,(-5)(-4x)=-20,x=1,NEG_TIMES_NEG,combined,synthetic
3308,T04,-(x+10)=-16,x=16/11,UNLIKE_TERMS,combined,synthetic
3309,T04,-(x+12)=-7,-13x=-7,UNLIKE_TERMS,direct,synthetic
3310,T12,(-8)(-7x)=-280,x=-5,NONE,combined,synthetic
3311,T06,(x+5)^2=289,x^2+10x+27=289,ARITHMETIC_SLIP,direct,synthetic
3312,T09,x-8=-10,x=10/7,UNLIKE_TERMS,combined,synthetic
3313,T10,9x+9=72,9x=81,TRANSPOSITION,combined,synthetic
3314,T12,(-3)(-x)=-15,3x=-15,NONE,direct,synthetic
3315,T05,10-(x+3)=8,10-x+3=8,NEGATIVE_DISTRIBUTION,direct,synthetic
3316,T09,x-4=-6,-3x=-6,UNLIKE_TERMS,direct,synthetic
3317,T02,8(x-8)=-104,8x-8=-104,PARTIAL_DISTRIBUTION,direct,synthetic
3318,T12,(-2)(-3x)=42,x=7,NONE,combined,synthetic
3319,T12,(-3)(-3x)=-54,x=-55/9,ARITHMETIC_SLIP,combined,synthetic
3320,T09,x-5=2,x=-3,TRANSPOSITION,combined,synthetic
3321,T10,9x+6=69,9x=69+6,TRANSPOSITION,direct,synthetic
3322,T08,x+8=15,x=23,TRANSPOSITION,combined,synthetic
3323,T05,3-(x+5)=4,-x=-4,NEGATIVE_DISTRIBUTION,combined,synthetic
3324,T03,-7(x+2)=-70,-5x=-56,ARITHMETIC_SLIP,combined,synthetic
3325,T12,(-4)(-8x)=224,x=7,NONE,combined,synthetic
3326,T12,(-6)(-6x)=-324,x=9,NEG_TIMES_NEG,combined,synthetic
3327,T05,2-(x+1)=1,-x=-2,NEGATIVE_DISTRIBUTION,combined,synthetic
3328,T03,-6(x+6)=-96,-6x=-102,PARTIAL_DISTRIBUTION,combined,synthetic
3329,T12,(-7)(-x)=-63,6x=-63,ARITHMETIC_SLIP,direct,synthetic
3330,T10,7x+3=59,7x=56,NONE,combined,synthetic
3331,T01,5(x+5)=75,5x=70,PARTIAL_DISTRIBUTION,combined,synthetic
3332,T09,x-1=4,x=3,TRANSPOSITION,combined,synthetic
3333,T05,9-(x+1)=11,-x=1,NEGATIVE_DISTRIBUTION,combined,synthetic
3334,T12,(-9)(-6x)=54,57x=54,ARITHMETIC_SLIP,direct,synthetic
3335,T11,13=x+12,-x=-1,NONE,combined,synthetic
3336,T04,-(x+7)=-12,-8x=-12,UNLIKE_TERMS,direct,synthetic
3337,T02,7(x-2)=56,7x-14=56,NONE,direct,synthetic
3338,T04,-(x+2)=2,-x+2=2,NEGATIVE_DISTRIBUTION,direct,synthetic
3339,T04,-(x+12)=-7,-x+12=-7,NEGATIVE_DISTRIBUTION,direct,synthetic
3340,T10,4x+10=2,4x=12,TRANSPOSITION,combined,synthetic
3341,T08,x+9=16,x=16+9,TRANSPOSITION,direct,synthetic
3342,T12,(-9)(-x)=81,x=-9,NEG_TIMES_NEG,combined,synthetic
3343,T03,-4(x+7)=-24,-4x=-31,PARTIAL_DISTRIBUTION,combined,synthetic
3344,T06,(x+8)^2=256,x^2+64=256,SQUARE_OF_SUM,direct,synthetic
3345,T04,-(x+4)=-14,-x=-18,NEGATIVE_DISTRIBUTION,combined,synthetic
3346,T04,-(x+3)=-7,-x=-10,NEGATIVE_DISTRIBUTION,combined,synthetic
3347,T06,(x+12)^2=169,x^2+144=169,SQUARE_OF_SUM,direct,synthetic
3348,T13,3(x+6)+4x=74,7x+6=74,PARTIAL_DISTRIBUTION,direct,synthetic
3349,T12,(-4)(-2x)=-32,x=-4,NONE,combined,synthetic
3350,T12,(-3)(-9x)=-108,27x=-108,NONE,direct,synthetic
3351,T09,x-2=-5,-x=-5,UNLIKE_TERMS,direct,synthetic
3352,T07,(x-4)^2=9,x^2+16=9,SQUARE_OF_SUM,direct,synthetic
3353,T13,6(x+3)+4x=-2,8x=-20,ARITHMETIC_SLIP,combined,synthetic
3354,T09,x-8=-7,x=-7-8,TRANSPOSITION,direct,synthetic
3355,T07,(x-5)^2=25,x^2-10x+25=25,NONE,direct,synthetic
3356,T12,(-4)(-6x)=216,x=9,NONE,combined,synthetic
3357,T12,(-6)(-8x)=-240,x=5,NEG_TIMES_NEG,combined,synthetic
3358,T04,-(x+12)=-7,x=7/13,UNLIKE_TERMS,combined,synthetic
3359,T12,(-6)(-x)=36,x=-6,NEG_TIMES_NEG,combined,synthetic
3360,T13,4(x+4)+5x=97,9x+4=97,PARTIAL_DISTRIBUTION,direct,synthetic
3361,T13,4(x+3)+2x=24,6x=21,PARTIAL_DISTRIBUTION,combined,synthetic
3362,T03,-2(x+1)=-16,-5x-2=-16,ARITHMETIC_SLIP,direct,synthetic
3363,T04,-(x+4)=-1,-x-4=-1,NONE,direct,synthetic
3364,T09,x-4=-6,x=-6+4,NONE,direct,synthetic
3365,T12,(-3)(-7x)=-189,-21x=-189,NEG_TIMES_NEG,direct,synthetic
3366,T12,(-9)(-6x)=378,x=379/54,ARITHMETIC_SLIP,combined,synthetic
3367,T06,(x+7)^2=9,x^2+49=9,SQUARE_OF_SUM,direct,synthetic
3368,T12,(-6)(-2x)=-24,x=2,NEG_TIMES_NEG,combined,synthetic
3369,T08,x+7=8,x=8+7,TRANSPOSITION,direct,synthetic
3370,T12,(-8)(-2x)=-64,x=4,NEG_TIMES_NEG,combined,synthetic
3371,T12,(-6)(-6x)=216,36x=219,ARITHMETIC_SLIP,direct,synthetic
3372,T05,11-(x+9)=-1,11-x+9=-1,NEGATIVE_DISTRIBUTION,direct,synthetic
3373,T08,x+3=9,x=6,NONE,combined,synthetic
3374,T08,x+3=9,4x=9,UNLIKE_TERMS,direct,synthetic
3375,T03,-6(x+4)=-36,-6x=-12,NONE,combined,synthetic
3376,T04,-(x+2)=-10,-x=-12,NEGATIVE_DISTRIBUTION,combined,synthetic
3377,T05,6-(x+4)=-6,-(x+4)=-6+6,TRANSPOSITION,direct,synthetic
3378,T06,(x+5)^2=49,x^2+25=49,SQUARE_OF_SUM,direct,synthetic
3379,T04,-(x+10)=-9,-x=-19,NEGATIVE_DISTRIBUTION,combined,synthetic
3380,T05,6-(x+5)=3,-x=-8,NEGATIVE_DISTRIBUTION,combined,synthetic
3381,T03,-8(x+3)=-32,-8x=-8,NONE,combined,synthetic
3382,T10,4x+5=37,9x=37,UNLIKE_TERMS,direct,synthetic
3383,T12,(-8)(-7x)=-168,x=3,NEG_TIMES_NEG,combined,synthetic
3384,T05,4-(x+5)=2,-(x+5)=2+4,TRANSPOSITION,direct,synthetic
3385,T12,(-3)(-9x)=-162,x=6,NEG_TIMES_NEG,combined,synthetic
3386,T06,(x+5)^2=144,x^2+25=144,SQUARE_OF_SUM,direct,synthetic
3387,T07,(x-7)^2=36,x^2+49=36,SQUARE_OF_SUM,direct,synthetic
3388,T12,(-2)(-3x)=-54,x=-9,NONE,combined,synthetic
3389,T12,(-7)(-4x)=168,-28x=168,NEG_TIMES_NEG,direct,synthetic
3390,T12,(-6)(-3x)=54,18x=52,ARITHMETIC_SLIP,direct,synthetic
3391,T12,(-6)(-6x)=180,-36x=180,NEG_TIMES_NEG,direct,synthetic
3392,T12,(-7)(-8x)=-56,-56x=-56,NEG_TIMES_NEG,direct,synthetic
3393,T12,(-6)(-2x)=-48,x=-4,NONE,combined,synthetic
3394,T04,-(x+8)=-10,-x+8=-10,NEGATIVE_DISTRIBUTION,direct,synthetic
3395,T12,(-7)(-2x)=14,x=-1,NEG_TIMES_NEG,combined,synthetic
3396,T05,10-(x+1)=2,-x=13,TRANSPOSITION,combined,synthetic
3397,T08,x+5=0,x=0+5,TRANSPOSITION,direct,synthetic
3398,T01,7(x+8)=112,7x=53,ARITHMETIC_SLIP,combined,synthetic
3399,T02,5(x-7)=-40,5x-7=-40,PARTIAL_DISTRIBUTION,direct,synthetic
3400,T03,-4(x+2)=-48,2-4x=-48,PARTIAL_DISTRIBUTION,direct,synthetic
3401,T05,12-(x+7)=3,12-x-7=3,NONE,direct,synthetic
3402,T01,3(x+5)=36,3x+5=36,PARTIAL_DISTRIBUTION,direct,synthetic
3403,T01,6(x+8)=72,6x=64,PARTIAL_DISTRIBUTION,combined,synthetic
3404,T07,(x-1)^2=100,x^2-2x+1=101,ARITHMETIC_SLIP,direct,synthetic
3405,T07,(x-8)^2=1,x^2+64=1,SQUARE_OF_SUM,direct,synthetic
3406,T09,x-7=-4,x=-4-7,TRANSPOSITION,direct,synthetic
3407,T02,8(x-1)=16,8x-1=16,PARTIAL_DISTRIBUTION,direct,synthetic
3408,T08,x+11=18,x=7,NONE,combined,synthetic
3409,T05,6-(x+5)=-6,-(x+5)=-6+6,TRANSPOSITION,direct,synthetic
3410,T12,(-7)(-7x)=-196,x=4,NEG_TIMES_NEG,combined,synthetic
3411,T05,11-(x+1)=2,-(x+1)=2+11,TRANSPOSITION,direct,synthetic
3412,T12,(-5)(-3x)=-75,x=5,NEG_TIMES_NEG,combined,synthetic
3413,T06,(x+4)^2=36,x^2+8x+16=36,NONE,direct,synthetic
3414,T08,x+10=17,x=17/11,UNLIKE_TERMS,combined,synthetic
3415,T04,-(x+1)=0,-x+1=0,NEGATIVE_DISTRIBUTION,direct,synthetic
3416,T10,5x+8=48,5x=48+8,TRANSPOSITION,direct,synthetic
3417,T06,(x+6)^2=144,x^2+12x+33=144,ARITHMETIC_SLIP,direct,synthetic
3418,T12,(-6)(-6x)=288,x=95/12,ARITHMETIC_SLIP,combined,synthetic
3419,T03,-5(x+8)=-60,-5x-40=-60,NONE,direct,synthetic
3420,T09,x-6=-4,x=-4-6,TRANSPOSITION,direct,synthetic
3421,T06,(x+5)^2=9,x^2+25=9,SQUARE_OF_SUM,direct,synthetic
3422,T04,-(x+7)=-10,x=5/4,UNLIKE_TERMS,combined,synthetic
3423,T05,6-(x+8)=-1,6-x+8=-1,NEGATIVE_DISTRIBUTION,direct,synthetic
3424,T11,11=x+2,-x=-7,ARITHMETIC_SLIP,combined,synthetic
3425,T05,2-(x+1)=2,-x=5,TRANSPOSITION,combined,synthetic
3426,T04,-(x+1)=-7,x=7/2,UNLIKE_TERMS,combined,synthetic
3427,T02,2(x-9)=-12,2x-9=-12,PARTIAL_DISTRIBUTION,direct,synthetic
3428,T10,7x+4=4,11x=4,UNLIKE_TERMS,direct,synthetic
3429,T10,2x+1=13,x=13/3,UNLIKE_TERMS,combined,synthetic
3430,T12,(-6)(-9x)=-162,x=-161/54,ARITHMETIC_SLIP,combined,synthetic
3431,T06,(x+6)^2=25,x^2+12x+36=25,NONE,direct,synthetic
3432,T02,4(x-7)=-44,7x=-16,ARITHMETIC_SLIP,combined,synthetic
3433,T05,7-(x+5)=-8,-x=-20,NEGATIVE_DISTRIBUTION,combined,synthetic
3434,T01,9(x+1)=-9,9x+1=-9,PARTIAL_DISTRIBUTION,direct,synthetic
3435,T13,5(x+2)+2x=17,7x=7,NONE,combined,synthetic
3436,T11,3=x+7,3-7=x,NONE,direct,synthetic
3437,T12,(-3)(-x)=21,-3x=21,NEG_TIMES_NEG,direct,synthetic
3438,T09,x-12=-7,x=-7-12,TRANSPOSITION,direct,synthetic
3439,T05,6-(x+7)=-10,-x=3,TRANSPOSITION,combined,synthetic
3440,T03,-9(x+8)=-18,8-9x=-18,PARTIAL_DISTRIBUTION,direct,synthetic
3441,T08,x+7=8,x=15,TRANSPOSITION,combined,synthetic
3442,T04,-(x+7)=-4,-x+7=-4,NEGATIVE_DISTRIBUTION,direct,synthetic
3443,T13,6(x+1)+4x=26,6x+6+4x=26,NONE,direct,synthetic
3444,T10,8x+10=90,8x=100,TRANSPOSITION,combined,synthetic
3445,T09,x-9=-10,x=5/4,UNLIKE_TERMS,combined,synthetic
3446,T09,x-6=-4,x=4/5,UNLIKE_TERMS,combined,synthetic
3447,T12,(-9)(-6x)=216,-54x=216,NEG_TIMES_NEG,direct,synthetic
3448,T12,(-6)(-3x)=-54,-18x=-54,NEG_TIMES_NEG,direct,synthetic
3449,T09,x-5=1,x=-4,TRANSPOSITION,combined,synthetic
3450,T06,(x+6)^2=4,x^2+12x+36=4,NONE,direct,synthetic
3451,T10,9x+7=43,9x=35,ARITHMETIC_SLIP,combined,synthetic
3452,T04,-(x+7)=-4,-8x=-4,UNLIKE_TERMS,direct,synthetic
3453,T04,-(x+6)=-6,-x+6=-6,NEGATIVE_DISTRIBUTION,direct,synthetic
3454,T01,8(x+2)=56,8x+2=56,PARTIAL_DISTRIBUTION,direct,synthetic
3455,T05,5-(x+8)=-7,-x=-20,NEGATIVE_DISTRIBUTION,combined,synthetic
3456,T05,12-(x+6)=6,12-x+6=6,NEGATIVE_DISTRIBUTION,direct,synthetic
3457,T01,3(x+1)=21,3x=20,PARTIAL_DISTRIBUTION,combined,synthetic
3458,T09,x-1=-2,x=-3,TRANSPOSITION,combined,synthetic
3459,T01,9(x+1)=-9,9x=-10,PARTIAL_DISTRIBUTION,combined,synthetic
3460,T12,(-9)(-x)=45,x=-5,NEG_TIMES_NEG,combined,synthetic
3461,T05,12-(x+3)=15,-x=0,NEGATIVE_DISTRIBUTION,combined,synthetic
3462,T08,x+3=-3,x=0,TRANSPOSITION,combined,synthetic
3463,T13,6(x+4)+4x=64,10x+4=64,PARTIAL_DISTRIBUTION,direct,synthetic
3464,T05,9-(x+3)=11,-x=-1,NEGATIVE_DISTRIBUTION,combined,synthetic
3465,T03,-8(x+6)=-112,-8x=-118,PARTIAL_DISTRIBUTION,combined,synthetic
3466,T12,(-3)(-2x)=-18,x=-3,NONE,combined,synthetic
3467,T12,(-9)(-2x)=-72,x=-73/18,ARITHMETIC_SLIP,combined,synthetic
3468,T04,-(x+10)=-16,-x=-26,NEGATIVE_DISTRIBUTION,combined,synthetic
3469,T10,5x+7=-18,12x=-18,UNLIKE_TERMS,direct,synthetic
3470,T12,(-7)(-5x)=280,x=-8,NEG_TIMES_NEG,combined,synthetic
3471,T08,x+10=15,11x=15,UNLIKE_TERMS,direct,synthetic
3472,T11,22=x+12,-x=-11,ARITHMETIC_SLIP,combined,synthetic
3473,T12,(-4)(-8x)=64,32x=64,NONE,direct,synthetic
3474,T01,9(x+2)=-36,9x=-38,PARTIAL_DISTRIBUTION,combined,synthetic
3475,T08,x+7=3,x=3+7,TRANSPOSITION,direct,synthetic
3476,T09,x-1=9,x=9-1,TRANSPOSITION,direct,synthetic
3477,T09,x-7=1,x=11,ARITHMETIC_SLIP,combined,synthetic
3478,T09,x-2=-4,x=-4+2,NONE,direct,synthetic
3479,T13,6(x+3)+5x=84,11x=81,PARTIAL_DISTRIBUTION,combined,synthetic
3480,T01,9(x+7)=18,9x=11,PARTIAL_DISTRIBUTION,combined,synthetic
3481,T08,x+8=10,x=10/9,UNLIKE_TERMS,combined,synthetic
3482,T08,x+6=11,x=11/7,UNLIKE_TERMS,combined,synthetic
3483,T09,x-7=-4,x=2/3,UNLIKE_TERMS,combined,synthetic
3484,T12,(-6)(-4x)=96,x=47/12,ARITHMETIC_SLIP,combined,synthetic
3485,T10,4x+9=45,4x=54,TRANSPOSITION,combined,synthetic
3486,T12,(-3)(-8x)=-120,x=5,NEG_TIMES_NEG,combined,synthetic
3487,T01,5(x+5)=5,5x+25=5,NONE,direct,synthetic
3488,T07,(x-10)^2=1,x^2+100=1,SQUARE_OF_SUM,direct,synthetic
3489,T04,-(x+2)=1,-x+2=1,NEGATIVE_DISTRIBUTION,direct,synthetic
3490,T12,(-3)(-6x)=54,16x=54,ARITHMETIC_SLIP,direct,synthetic
3491,T12,(-9)(-3x)=81,x=-3,NEG_TIMES_NEG,combined,synthetic
3492,T10,6x+8=-16,6x=-16+8,TRANSPOSITION,direct,synthetic
3493,T01,2(x+9)=8,2x+9=8,PARTIAL_DISTRIBUTION,direct,synthetic
3494,T03,-9(x+8)=-63,-9x=-71,PARTIAL_DISTRIBUTION,combined,synthetic
3495,T08,x+7=13,x=13+7,TRANSPOSITION,direct,synthetic
3496,T10,8x+7=-33,8x=-26,TRANSPOSITION,combined,synthetic
3497,T01,5(x+8)=20,5x+8=20,PARTIAL_DISTRIBUTION,direct,synthetic
3498,T04,-(x+6)=-8,-x=-14,NEGATIVE_DISTRIBUTION,combined,synthetic
3499,T10,3x+7=-2,3x=-2-7,NONE,direct,synthetic
3500,T11,15=x+11,-x=-4,NONE,combined,synthetic
3501,T04,-(x+1)=-4,x=2,UNLIKE_TERMS,combined,synthetic
3502,T05,6-(x+7)=-10,6-x-7=-10,NONE,direct,synthetic
3503,T04,-(x+2)=-6,x=2,UNLIKE_TERMS,combined,synthetic
3504,T10,6x+8=68,6x=58,ARITHMETIC_SLIP,combined,synthetic
3505,T04,-(x+1)=-7,-x+1=-7,NEGATIVE_DISTRIBUTION,direct,synthetic
3506,T02,3(x-7)=-30,3x=-23,PARTIAL_DISTRIBUTION,combined,synthetic
3507,T04,-(x+5)=-3,-x=-8,NEGATIVE_DISTRIBUTION,combined,synthetic
3508,T05,10-(x+6)=8,10-x+6=8,NEGATIVE_DISTRIBUTION,direct,synthetic
3509,T12,(-9)(-4x)=-252,x=7,NEG_TIMES_NEG,combined,synthetic
3510,T06,(x+3)^2=4,x^2+9=4,SQUARE_OF_SUM,direct,synthetic
3511,T08,x+2=0,x=0,UNLIKE_TERMS,combined,synthetic
3512,T12,(-5)(-8x)=40,42x=40,ARITHMETIC_SLIP,direct,synthetic
3513,T12,(-9)(-3x)=189,-27x=189,NEG_TIMES_NEG,direct,synthetic
3514,T05,8-(x+4)=2,8-x+4=2,NEGATIVE_DISTRIBUTION,direct,synthetic
3515,T10,9x+8=80,9x=88,TRANSPOSITION,combined,synthetic
3516,T13,4(x+5)+3x=41,7x+5=41,PARTIAL_DISTRIBUTION,direct,synthetic
3517,T05,4-(x+6)=3,-x=-7,NEGATIVE_DISTRIBUTION,combined,synthetic
3518,T13,2(x+2)+3x=-1,5x=-3,PARTIAL_DISTRIBUTION,combined,synthetic
3519,T12,(-4)(-x)=16,x=-4,NEG_TIMES_NEG,combined,synthetic
3520,T01,9(x+3)=108,9x+3=108,PARTIAL_DISTRIBUTION,direct,synthetic
3521,T08,x+4=2,x=4-4,ARITHMETIC_SLIP,direct,synthetic
3522,T11,5=x+1,-x=-3,ARITHMETIC_SLIP,combined,synthetic
3523,T12,(-3)(-7x)=126,-21x=126,NEG_TIMES_NEG,direct,synthetic
3524,T13,2(x+3)+4x=-18,6x+3=-18,PARTIAL_DISTRIBUTION,direct,synthetic
3525,T07,(x-6)^2=81,x^2+36=81,SQUARE_OF_SUM,direct,synthetic
3526,T07,(x-11)^2=9,x^2+121=9,SQUARE_OF_SUM,direct,synthetic
3527,T03,-9(x+8)=-45,-9x=26,ARITHMETIC_SLIP,combined,synthetic
3528,T05,7-(x+5)=-7,-(x+5)=-7+7,TRANSPOSITION,direct,synthetic
3529,T10,4x+12=12,4x=12+12,TRANSPOSITION,direct,synthetic
3530,T09,x-3=0,x=-3,TRANSPOSITION,combined,synthetic
3531,T07,(x-8)^2=4,x^2+64=4,SQUARE_OF_SUM,direct,synthetic
3532,T12,(-4)(-7x)=252,x=-9,NEG_TIMES_NEG,combined,synthetic
3533,T09,x-2=-6,x=-6+2,NONE,direct,synthetic
3534,T08,x+10=16,x=16+10,TRANSPOSITION,direct,synthetic
3535,T12,(-7)(-8x)=-392,55x=-392,ARITHMETIC_SLIP,direct,synthetic
3536,T10,5x+12=-13,5x=-1,TRANSPOSITION,combined,synthetic
3537,T12,(-9)(-5x)=-180,45x=-180,NONE,direct,synthetic
3538,T12,(-7)(-2x)=-70,14x=-70,NONE,direct,synthetic
3539,T09,x-9=-14,-8x=-14,UNLIKE_TERMS,direct,synthetic
3540,T05,12-(x+3)=0,-x=-15,NEGATIVE_DISTRIBUTION,combined,synthetic
3541,T13,3(x+2)+2x=46,5x=44,PARTIAL_DISTRIBUTION,combined,synthetic
3542,T04,-(x+1)=-6,-2x=-6,UNLIKE_TERMS,direct,synthetic
3543,T09,x-10=-13,x=13/9,UNLIKE_TERMS,combined,synthetic
3544,T12,(-3)(-x)=-24,-3x=-24,NEG_TIMES_NEG,direct,synthetic
3545,T05,12-(x+7)=3,-(x+7)=3+12,TRANSPOSITION,direct,synthetic
3546,T12,(-5)(-9x)=315,x=7,NONE,combined,synthetic
3547,T12,(-7)(-x)=-56,x=8,NEG_TIMES_NEG,combined,synthetic
3548,T04,-(x+9)=-14,x=7/5,UNLIKE_TERMS,combined,synthetic
3549,T10,4x+2=-6,4x=-4,TRANSPOSITION,combined,synthetic
3550,T09,x-4=-5,x=-5+4,NONE,direct,synthetic
3551,T03,-5(x+8)=-40,-5x=-48,PARTIAL_DISTRIBUTION,combined,synthetic
3552,T04,-(x+3)=-9,-4x=-9,UNLIKE_TERMS,direct,synthetic
3553,T04,-(x+6)=0,x=0,UNLIKE_TERMS,combined,synthetic
3554,T05,10-(x+7)=7,-x=-10,NEGATIVE_DISTRIBUTION,combined,synthetic
3555,T12,(-8)(-3x)=144,24x=144,NONE,direct,synthetic
3556,T08,x+7=11,8x=11,UNLIKE_TERMS,direct,synthetic
3557,T13,2(x+2)+5x=18,7x=16,PARTIAL_DISTRIBUTION,combined,synthetic
3558,T12,(-8)(-6x)=192,x=-4,NEG_TIMES_NEG,combined,synthetic
3559,T09,x-5=0,x=4,ARITHMETIC_SLIP,combined,synthetic
3560,T04,-(x+1)=-8,-x=-9,NEGATIVE_DISTRIBUTION,combined,synthetic
3561,T07,(x-8)^2=49,x^2+64=49,SQUARE_OF_SUM,direct,synthetic
3562,T01,3(x+4)=3,3x=-8,ARITHMETIC_SLIP,combined,synthetic
3563,T09,x-4=0,-3x=0,UNLIKE_TERMS,direct,synthetic
3564,T12,(-4)(-8x)=-288,32x=-288,NONE,direct,synthetic
3565,T01,9(x+1)=63,9x+1=63,PARTIAL_DISTRIBUTION,direct,synthetic
3566,T05,4-(x+1)=-5,-x=-10,NEGATIVE_DISTRIBUTION,combined,synthetic
3567,T03,-4(x+5)=-36,-4x=-41,PARTIAL_DISTRIBUTION,combined,synthetic
3568,T12,(-7)(-4x)=168,x=-6,NEG_TIMES_NEG,combined,synthetic
3569,T13,2(x+5)+x=10,3x=5,PARTIAL_DISTRIBUTION,combined,synthetic
3570,T02,4(x-2)=28,4x-2=28,PARTIAL_DISTRIBUTION,direct,synthetic
3571,T12,(-3)(-5x)=-135,-15x=-135,NEG_TIMES_NEG,direct,synthetic
3572,T05,11-(x+5)=-4,11-x+5=-4,NEGATIVE_DISTRIBUTION,direct,synthetic
3573,T04,-(x+2)=-1,-x-2=-2,ARITHMETIC_SLIP,direct,synthetic
3574,T10,6x+11=-13,17x=-13,UNLIKE_TERMS,direct,synthetic
3575,T06,(x+9)^2=144,x^2+81=144,SQUARE_OF_SUM,direct,synthetic
3576,T10,5x+9=24,4x=24-9,ARITHMETIC_SLIP,direct,synthetic
3577,T05,12-(x+4)=11,-x=-5,NEGATIVE_DISTRIBUTION,combined,synthetic
3578,T04,-(x+7)=-11,x=11/8,UNLIKE_TERMS,combined,synthetic
3579,T09,x-9=-4,x=-4-9,TRANSPOSITION,direct,synthetic
3580,T02,6(x-6)=-48,6x=-13,ARITHMETIC_SLIP,combined,synthetic
3581,T12,(-5)(-2x)=30,x=-3,NEG_TIMES_NEG,combined,synthetic
3582,T06,(x+3)^2=225,x^2+6x+8=225,ARITHMETIC_SLIP,direct,synthetic
3583,T03,-2(x+5)=-24,-2x-10=-24,NONE,direct,synthetic
3584,T03,-8(x+2)=-56,-8x=-58,PARTIAL_DISTRIBUTION,combined,synthetic
3585,T01,2(x+3)=20,2x=15,ARITHMETIC_SLIP,combined,synthetic
3586,T12,(-3)(-x)=-9,x=3,NEG_TIMES_NEG,combined,synthetic
3587,T10,3x+1=-14,4x=-14,UNLIKE_TERMS,direct,synthetic
3588,T09,x-1=-6,0=-6,UNLIKE_TERMS,direct,synthetic
3589,T07,(x-4)^2=49,x^2+16=49,SQUARE_OF_SUM,direct,synthetic
3590,T09,x-5=-8,x=-8-5,TRANSPOSITION,direct,synthetic
3591,T05,6-(x+9)=-9,-x=-24,NEGATIVE_DISTRIBUTION,combined,synthetic
3592,T12,(-3)(-x)=9,3x=12,ARITHMETIC_SLIP,direct,synthetic
3593,T13,6(x+2)+x=-9,7x+2=-9,PARTIAL_DISTRIBUTION,direct,synthetic
3594,T13,5(x+2)+x=-20,2x+10+x=-20,ARITHMETIC_SLIP,direct,synthetic
3595,T12,(-3)(-9x)=-216,x=-73/9,ARITHMETIC_SLIP,combined,synthetic
3596,T05,10-(x+1)=15,-x=26,TRANSPOSITION,combined,synthetic
3597,T12,(-7)(-x)=14,x=16/7,ARITHMETIC_SLIP,combined,synthetic
3598,T05,11-(x+2)=6,11-x+2=6,NEGATIVE_DISTRIBUTION,direct,synthetic
3599,T04,-(x+4)=1,-5x=1,UNLIKE_TERMS,direct,synthetic
3600,T04,-(x+11)=-15,x=5/4,UNLIKE_TERMS,combined,synthetic
3601,T06,(x+2)^2=144,x^2+4=144,SQUARE_OF_SUM,direct,synthetic
3602,T06,(x+8)^2=64,x^2+64=64,SQUARE_OF_SUM,direct,synthetic
3603,T01,6(x+8)=24,6x=-24,NONE,combined,synthetic
3604,T05,7-(x+4)=-4,-x=7,TRANSPOSITION,combined,synthetic
3605,T02,4(x-2)=-24,4x=-22,PARTIAL_DISTRIBUTION,combined,synthetic
3606,T12,(-6)(-6x)=144,x=-4,NEG_TIMES_NEG,combined,synthetic
3607,T08,x+6=5,x=5+6,TRANSPOSITION,direct,synthetic
3608,T13,6(x+3)+3x=-18,9x=-21,PARTIAL_DISTRIBUTION,combined,synthetic
3609,T01,3(x+3)=6,3x=-3,NONE,combined,synthetic
3610,T06,(x+7)^2=441,x^2+49=441,SQUARE_OF_SUM,direct,synthetic
3611,T12,(-7)(-9x)=-378,61x=-378,ARITHMETIC_SLIP,direct,synthetic
3612,T12,(-9)(-8x)=576,-72x=576,NEG_TIMES_NEG,direct,synthetic
3613,T09,x-5=-4,x=-1,ARITHMETIC_SLIP,combined,synthetic
3614,T13,4(x+3)+2x=-12,4x+14+2x=-12,ARITHMETIC_SLIP,direct,synthetic
3615,T04,-(x+12)=-22,-x=-34,NEGATIVE_DISTRIBUTION,combined,synthetic
3616,T06,(x+6)^2=441,x^2+36=441,SQUARE_OF_SUM,direct,synthetic
3617,T09,x-1=1,x=0,TRANSPOSITION,combined,synthetic
3618,T05,2-(x+2)=4,-x=0,NEGATIVE_DISTRIBUTION,combined,synthetic
3619,T01,2(x+1)=-6,2x=-7,PARTIAL_DISTRIBUTION,combined,synthetic
3620,T12,(-3)(-8x)=168,x=84/11,ARITHMETIC_SLIP,combined,synthetic
3621,T13,4(x+6)+x=4,5x=-20,NONE,combined,synthetic
3622,T13,6(x+1)+4x=96,10x=95,PARTIAL_DISTRIBUTION,combined,synthetic
3623,T04,-(x+3)=-6,-x+3=-6,NEGATIVE_DISTRIBUTION,direct,synthetic
3624,T01,6(x+3)=48,6x+18=48,NONE,direct,synthetic
3625,T06,(x+4)^2=81,x^2+16=81,SQUARE_OF_SUM,direct,synthetic
3626,T12,(-7)(-6x)=252,x=6,NONE,combined,synthetic
3627,T01,3(x+4)=21,3x+12=21,NONE,direct,synthetic
3628,T05,7-(x+9)=1,-x=-15,NEGATIVE_DISTRIBUTION,combined,synthetic
3629,T04,-(x+7)=-1,-8x=-1,UNLIKE_TERMS,direct,synthetic
3630,T09,x-7=-7,-6x=-7,UNLIKE_TERMS,direct,synthetic
3631,T07,(x-11)^2=100,x^2+121=100,SQUARE_OF_SUM,direct,synthetic
3632,T13,4(x+6)+5x=105,9x=99,PARTIAL_DISTRIBUTION,combined,synthetic
3633,T12,(-3)(-8x)=216,-24x=216,NEG_TIMES_NEG,direct,synthetic
3634,T07,(x-6)^2=25,x^2+36=25,SQUARE_OF_SUM,direct,synthetic
3635,T01,5(x+7)=65,5x+7=65,PARTIAL_DISTRIBUTION,direct,synthetic
3636,T05,8-(x+2)=12,8-x+2=12,NEGATIVE_DISTRIBUTION,direct,synthetic
3637,T01,7(x+2)=84,7x+14=84,NONE,direct,synthetic
3638,T05,7-(x+5)=4,-x=-8,NEGATIVE_DISTRIBUTION,combined,synthetic
3639,T05,12-(x+8)=0,12-x+8=0,NEGATIVE_DISTRIBUTION,direct,synthetic
3640,T03,-7(x+7)=-112,-7x-49=-115,ARITHMETIC_SLIP,direct,synthetic
3641,T09,x-6=-7,x=-13,TRANSPOSITION,combined,synthetic
3642,T12,(-3)(-9x)=-216,x=8,NEG_TIMES_NEG,combined,synthetic
3643,T12,(-5)(-5x)=-75,-25x=-75,NEG_TIMES_NEG,direct,synthetic
3644,T12,(-2)(-4x)=-24,-8x=-24,NEG_TIMES_NEG,direct,synthetic
3645,T13,2(x+4)+5x=-34,7x+4=-34,PARTIAL_DISTRIBUTION,direct,synthetic
3646,T05,11-(x+5)=1,-x=17,TRANSPOSITION,combined,synthetic
3647,T03,-7(x+7)=-112,7-7x=-112,PARTIAL_DISTRIBUTION,direct,synthetic
3648,T09,x-9=-9,x=-9-9,TRANSPOSITION,direct,synthetic
3649,T04,-(x+5)=-15,-x=-20,NEGATIVE_DISTRIBUTION,combined,synthetic
3650,T09,x-3=-7,x=-7-3,TRANSPOSITION,direct,synthetic
3651,T04,-(x+4)=-8,-x+4=-8,NEGATIVE_DISTRIBUTION,direct,synthetic
3652,T07,(x-5)^2=25,x^2+25=25,SQUARE_OF_SUM,direct,synthetic
3653,T11,0=x+4,-x=7,ARITHMETIC_SLIP,combined,synthetic
3654,T12,(-9)(-6x)=486,x=162/19,ARITHMETIC_SLIP,combined,synthetic
3655,T12,(-3)(-4x)=-48,x=4,NEG_TIMES_NEG,combined,synthetic
3656,T02,6(x-7)=-60,6x-7=-60,PARTIAL_DISTRIBUTION,direct,synthetic
3657,T12,(-5)(-x)=-10,x=2,NEG_TIMES_NEG,combined,synthetic
3658,T12,(-4)(-6x)=-216,x=-72/7,ARITHMETIC_SLIP,combined,synthetic
3659,T04,-(x+9)=-13,-x+9=-13,NEGATIVE_DISTRIBUTION,direct,synthetic
3660,T08,x+5=0,x=0,UNLIKE_TERMS,combined,synthetic
3661,T03,-9(x+5)=-27,-9x=-32,PARTIAL_DISTRIBUTION,combined,synthetic
3662,T05,8-(x+2)=1,-x=11,TRANSPOSITION,combined,synthetic
3663,T12,(-5)(-7x)=210,x=-6,NEG_TIMES_NEG,combined,synthetic
3664,T10,5x+8=13,5x=21,TRANSPOSITION,combined,synthetic
3665,T04,-(x+4)=-9,-x=-13,NEGATIVE_DISTRIBUTION,combined,synthetic
3666,T12,(-4)(-8x)=-288,x=9,NEG_TIMES_NEG,combined,synthetic
3667,T04,-(x+6)=-7,-x=-13,NEGATIVE_DISTRIBUTION,combined,synthetic
3668,T09,x-11=-13,x=13/10,UNLIKE_TERMS,combined,synthetic
3669,T12,(-2)(-4x)=56,-8x=56,NEG_TIMES_NEG,direct,synthetic
3670,T07,(x-9)^2=144,x^2+81=144,SQUARE_OF_SUM,direct,synthetic
3671,T13,5(x+2)+x=-20,6x+2=-20,PARTIAL_DISTRIBUTION,direct,synthetic
3672,T12,(-4)(-9x)=-180,36x=-177,ARITHMETIC_SLIP,direct,synthetic
3673,T13,6(x+6)+4x=136,6x+36+4x=139,ARITHMETIC_SLIP,direct,synthetic
3674,T03,-9(x+8)=-45,8-9x=-45,PARTIAL_DISTRIBUTION,direct,synthetic
3675,T13,3(x+4)+x=-12,4x=-16,PARTIAL_DISTRIBUTION,combined,synthetic
3676,T08,x+4=7,x=2,ARITHMETIC_SLIP,combined,synthetic
3677,T03,-8(x+3)=-72,3-8x=-72,PARTIAL_DISTRIBUTION,direct,synthetic
3678,T07,(x-11)^2=1,x^2-22x+121=3,ARITHMETIC_SLIP,direct,synthetic
3679,T02,6(x-1)=0,6x-1=0,PARTIAL_DISTRIBUTION,direct,synthetic
3680,T09,x-7=-5,-6x=-5,UNLIKE_TERMS,direct,synthetic
3681,T04,-(x+7)=-16,-x=-23,NEGATIVE_DISTRIBUTION,combined,synthetic
3682,T03,-3(x+5)=-30,5-3x=-30,PARTIAL_DISTRIBUTION,direct,synthetic
3683,T10,8x+5=29,x=29/13,UNLIKE_TERMS,combined,synthetic
3684,T12,(-4)(-4x)=-32,x=-2,NONE,combined,synthetic
3685,T10,6x+1=19,x=19/7,UNLIKE_TERMS,combined,synthetic
3686,T01,8(x+4)=96,8x+4=96,PARTIAL_DISTRIBUTION,direct,synthetic
3687,T12,(-7)(-x)=35,x=-5,NEG_TIMES_NEG,combined,synthetic
3688,T13,3(x+4)+x=24,4x+4=24,PARTIAL_DISTRIBUTION,direct,synthetic
3689,T07,(x-2)^2=121,x^2+4=121,SQUARE_OF_SUM,direct,synthetic
3690,T12,(-9)(-x)=-9,x=1,NEG_TIMES_NEG,combined,synthetic
3691,T05,5-(x+1)=-2,-(x+1)=-2+5,TRANSPOSITION,direct,synthetic
3692,T08,x+8=14,x=22,TRANSPOSITION,combined,synthetic
3693,T01,7(x+6)=98,7x+6=98,PARTIAL_DISTRIBUTION,direct,synthetic
3694,T12,(-3)(-9x)=-216,x=-8,NONE,combined,synthetic
3695,T01,8(x+1)=88,8x=87,PARTIAL_DISTRIBUTION,combined,synthetic
3696,T12,(-7)(-6x)=-210,x=5,NEG_TIMES_NEG,combined,synthetic
3697,T08,x+11=10,x=-4,ARITHMETIC_SLIP,combined,synthetic
3698,T01,7(x+4)=91,7x+4=91,PARTIAL_DISTRIBUTION,direct,synthetic
3699,T04,-(x+2)=-10,-3x=-10,UNLIKE_TERMS,direct,synthetic
3700,T09,x-11=-14,x=-25,TRANSPOSITION,combined,synthetic
3701,T03,-8(x+7)=-24,-8x=34,ARITHMETIC_SLIP,combined,synthetic
3702,T13,3(x+3)+x=-11,4x+3=-11,PARTIAL_DISTRIBUTION,direct,synthetic
3703,T08,x+5=0,x=0-7,ARITHMETIC_SLIP,direct,synthetic
3704,T06,(x+8)^2=400,x^2+64=400,SQUARE_OF_SUM,direct,synthetic
3705,T12,(-3)(-x)=12,x=-4,NEG_TIMES_NEG,combined,synthetic
3706,T12,(-3)(-4x)=-36,13x=-36,ARITHMETIC_SLIP,direct,synthetic
3707,T09,x-6=-8,-5x=-8,UNLIKE_TERMS,direct,synthetic
3708,T04,-(x+1)=-3,-x=-4,NEGATIVE_DISTRIBUTION,combined,synthetic
3709,T10,7x+11=53,x=53/18,UNLIKE_TERMS,combined,synthetic
3710,T01,7(x+6)=98,7x+42=98,NONE,direct,synthetic
3711,T08,x+7=5,x=5/8,UNLIKE_TERMS,combined,synthetic
3712,T05,2-(x+9)=-12,-x=-5,NONE,combined,synthetic
3713,T08,x+11=20,x=20+11,TRANSPOSITION,direct,synthetic
3714,T13,4(x+5)+5x=83,6x+20+5x=83,ARITHMETIC_SLIP,direct,synthetic
3715,T03,-5(x+8)=-40,8-5x=-40,PARTIAL_DISTRIBUTION,direct,synthetic
3716,T10,9x+11=56,20x=56,UNLIKE_TERMS,direct,synthetic
3717,T08,x+9=15,x=3/2,UNLIKE_TERMS,combined,synthetic
3718,T09,x-8=-6,x=4,ARITHMETIC_SLIP,combined,synthetic
3719,T04,-(x+7)=-14,-x=-21,NEGATIVE_DISTRIBUTION,combined,synthetic
3720,T05,9-(x+3)=11,-x=23,TRANSPOSITION,combined,synthetic
3721,T02,5(x-8)=-25,5x=-17,PARTIAL_DISTRIBUTION,combined,synthetic
3722,T03,-7(x+8)=-35,8-7x=-35,PARTIAL_DISTRIBUTION,direct,synthetic
3723,T01,6(x+4)=66,6x=62,PARTIAL_DISTRIBUTION,combined,synthetic
3724,T04,-(x+5)=-3,x=1/2,UNLIKE_TERMS,combined,synthetic
3725,T05,11-(x+7)=8,11-x+7=8,NEGATIVE_DISTRIBUTION,direct,synthetic
3726,T13,6(x+2)+x=68,7x=53,ARITHMETIC_SLIP,combined,synthetic
3727,T12,(-6)(-2x)=84,x=-7,NEG_TIMES_NEG,combined,synthetic
3728,T01,5(x+6)=5,5x+6=5,PARTIAL_DISTRIBUTION,direct,synthetic
3729,T08,x+11=20,x=5/3,UNLIKE_TERMS,combined,synthetic
3730,T05,10-(x+2)=14,10-x-4=14,ARITHMETIC_SLIP,direct,synthetic
3731,T02,6(x-5)=18,6x=48,NONE,combined,synthetic
3732,T01,2(x+9)=8,2x+18=7,ARITHMETIC_SLIP,direct,synthetic
3733,T05,11-(x+5)=1,11-x+5=1,NEGATIVE_DISTRIBUTION,direct,synthetic
3734,T12,(-4)(-7x)=-28,-28x=-28,NEG_TIMES_NEG,direct,synthetic
3735,T04,-(x+2)=-7,-x+2=-7,NEGATIVE_DISTRIBUTION,direct,synthetic
3736,T03,-3(x+2)=-12,-3x=-14,PARTIAL_DISTRIBUTION,combined,synthetic
3737,T12,(-5)(-x)=10,x=-2,NEG_TIMES_NEG,combined,synthetic
3738,T03,-9(x+2)=-63,2-9x=-63,PARTIAL_DISTRIBUTION,direct,synthetic
3739,T10,3x+3=12,3x=15,TRANSPOSITION,combined,synthetic
3740,T05,6-(x+4)=-6,6-x+4=-6,NEGATIVE_DISTRIBUTION,direct,synthetic
3741,T07,(x-6)^2=100,x^2+36=100,SQUARE_OF_SUM,direct,synthetic
3742,T12,(-6)(-2x)=12,12x=14,ARITHMETIC_SLIP,direct,synthetic
3743,T10,6x+11=65,6x=65-11,NONE,direct,synthetic
3744,T02,2(x-6)=-6,2x=0,PARTIAL_DISTRIBUTION,combined,synthetic
3745,T05,5-(x+9)=-10,-x=-24,NEGATIVE_DISTRIBUTION,combined,synthetic
3746,T03,-9(x+6)=-9,-9x=42,ARITHMETIC_SLIP,combined,synthetic
3747,T04,-(x+2)=-7,-x-4=-7,ARITHMETIC_SLIP,direct,synthetic
3748,T09,x-6=-7,-5x=-7,UNLIKE_TERMS,direct,synthetic
3749,T10,9x+2=56,11x=56,UNLIKE_TERMS,direct,synthetic
3750,T05,7-(x+4)=2,7-x+4=2,NEGATIVE_DISTRIBUTION,direct,synthetic
3751,T12,(-4)(-6x)=192,-24x=192,NEG_TIMES_NEG,direct,synthetic
3752,T02,7(x-2)=21,7x-2=21,PARTIAL_DISTRIBUTION,direct,synthetic
3753,T01,2(x+3)=20,2x+3=20,PARTIAL_DISTRIBUTION,direct,synthetic
3754,T10,5x+6=46,5x=52,TRANSPOSITION,combined,synthetic
3755,T12,(-5)(-5x)=150,-25x=150,NEG_TIMES_NEG,direct,synthetic
3756,T08,x+10=9,x=9/11,UNLIKE_TERMS,combined,synthetic
3757,T05,2-(x+1)=-3,-x=-6,NEGATIVE_DISTRIBUTION,combined,synthetic
3758,T13,4(x+5)+3x=41,7x=36,PARTIAL_DISTRIBUTION,combined,synthetic
3759,T12,(-3)(-6x)=162,21x=162,ARITHMETIC_SLIP,direct,synthetic
3760,T12,(-7)(-9x)=189,61x=189,ARITHMETIC_SLIP,direct,synthetic
3761,T01,7(x+7)=63,7x=56,PARTIAL_DISTRIBUTION,combined,synthetic
3762,T05,8-(x+4)=9,-x=-3,NEGATIVE_DISTRIBUTION,combined,synthetic
3763,T01,9(x+1)=-9,9x+9=-9,NONE,direct,synthetic
3764,T07,(x-1)^2=9,x^2+1=9,SQUARE_OF_SUM,direct,synthetic
3765,T04,-(x+2)=-5,-x=-7,NEGATIVE_DISTRIBUTION,combined,synthetic
3766,T13,5(x+1)+x=5,6x+1=5,PARTIAL_DISTRIBUTION,direct,synthetic
3767,T08,x+11=11,x=11/12,UNLIKE_TERMS,combined,synthetic
3768,T12,(-6)(-3x)=54,-18x=54,NEG_TIMES_NEG,direct,synthetic
3769,T12,(-8)(-x)=-40,-8x=-40,NEG_TIMES_NEG,direct,synthetic
3770,T04,-(x+12)=-8,-x=-20,NEGATIVE_DISTRIBUTION,combined,synthetic
3771,T12,(-4)(-x)=-16,-4x=-16,NEG_TIMES_NEG,direct,synthetic
3772,T03,-2(x+5)=-24,5-2x=-24,PARTIAL_DISTRIBUTION,direct,synthetic
3773,T13,3(x+6)+2x=63,5x+6=63,PARTIAL_DISTRIBUTION,direct,synthetic
3774,T06,(x+7)^2=25,x^2+49=25,SQUARE_OF_SUM,direct,synthetic
3775,T05,12-(x+6)=-3,-x=-21,NEGATIVE_DISTRIBUTION,combined,synthetic
3776,T01,7(x+6)=84,7x+43=84,ARITHMETIC_SLIP,direct,synthetic
3777,T06,(x+12)^2=100,x^2+24x+144=103,ARITHMETIC_SLIP,direct,synthetic
3778,T12,(-2)(-5x)=-80,x=8,NEG_TIMES_NEG,combined,synthetic
3779,T02,3(x-5)=-27,3x=-22,PARTIAL_DISTRIBUTION,combined,synthetic
3780,T05,11-(x+8)=-2,11-x+8=-2,NEGATIVE_DISTRIBUTION,direct,synthetic
3781,T13,3(x+2)+5x=78,8x+2=78,PARTIAL_DISTRIBUTION,direct,synthetic
3782,T03,-2(x+9)=-8,-5x-18=-8,ARITHMETIC_SLIP,direct,synthetic
3783,T05,12-(x+2)=0,-x=-14,NEGATIVE_DISTRIBUTION,combined,synthetic
3784,T06,(x+12)^2=49,x^2+144=49,SQUARE_OF_SUM,direct,synthetic
3785,T05,11-(x+9)=-2,11-x-9=-2,NONE,direct,synthetic
3786,T06,(x+3)^2=64,x^2+9=64,SQUARE_OF_SUM,direct,synthetic
3787,T04,-(x+3)=-7,-x+3=-7,NEGATIVE_DISTRIBUTION,direct,synthetic
3788,T02,4(x-6)=-40,4x-24=-40,NONE,direct,synthetic
3789,T12,(-2)(-7x)=-84,-14x=-84,NEG_TIMES_NEG,direct,synthetic
3790,T03,-4(x+9)=-28,-4x=-37,PARTIAL_DISTRIBUTION,combined,synthetic
3791,T10,7x+11=74,7x=74-11,NONE,direct,synthetic
3792,T04,-(x+2)=-10,x=10/3,UNLIKE_TERMS,combined,synthetic
3793,T12,(-5)(-5x)=175,x=-7,NEG_TIMES_NEG,combined,synthetic
3794,T10,5x+12=2,5x=14,TRANSPOSITION,combined,synthetic
3795,T08,x+2=11,x=12,ARITHMETIC_SLIP,combined,synthetic
3796,T05,7-(x+5)=-7,7-x+5=-7,NEGATIVE_DISTRIBUTION,direct,synthetic
3797,T06,(x+8)^2=441,x^2+16x+64=441,NONE,direct,synthetic
3798,T10,2x+9=25,2x=25+9,TRANSPOSITION,direct,synthetic
3799,T11,-2=x+4,-2-2=x,ARITHMETIC_SLIP,direct,synthetic
3800,T06,(x+12)^2=100,x^2+144=100,SQUARE_OF_SUM,direct,synthetic
3801,T11,16=x+8,-x=-8,NONE,combined,synthetic
3802,T02,5(x-9)=-60,5x=-14,ARITHMETIC_SLIP,combined,synthetic
3803,T06,(x+11)^2=256,x^2+121=256,SQUARE_OF_SUM,direct,synthetic
3804,T12,(-8)(-2x)=-128,x=8,NEG_TIMES_NEG,combined,synthetic
3805,T10,3x+12=9,15x=9,UNLIKE_TERMS,direct,synthetic
3806,T10,3x+4=-5,3x=-5+4,TRANSPOSITION,direct,synthetic
3807,T05,4-(x+2)=-4,4-x+2=-4,NEGATIVE_DISTRIBUTION,direct,synthetic
3808,T12,(-6)(-9x)=108,x=-2,NEG_TIMES_NEG,combined,synthetic
3809,T04,-(x+9)=-4,-x=8,ARITHMETIC_SLIP,combined,synthetic
3810,T12,(-6)(-2x)=-72,-12x=-72,NEG_TIMES_NEG,direct,synthetic
3811,T10,4x+2=-6,6x=-6,UNLIKE_TERMS,direct,synthetic
3812,T06,(x+11)^2=49,x^2+121=49,SQUARE_OF_SUM,direct,synthetic
3813,T02,5(x-9)=-60,5x=-51,PARTIAL_DISTRIBUTION,combined,synthetic
3814,T13,3(x+6)+5x=-6,8x=-26,ARITHMETIC_SLIP,combined,synthetic
3815,T06,(x+10)^2=361,x^2+100=361,SQUARE_OF_SUM,direct,synthetic
3816,T01,6(x+3)=30,3x+18=30,ARITHMETIC_SLIP,direct,synthetic
3817,T01,8(x+7)=56,8x+56=56,NONE,direct,synthetic
3818,T03,-5(x+7)=-40,-5x-37=-40,ARITHMETIC_SLIP,direct,synthetic
3819,T08,x+6=9,x=15,TRANSPOSITION,combined,synthetic
3820,T02,8(x-2)=24,8x=26,PARTIAL_DISTRIBUTION,combined,synthetic
3821,T04,-(x+6)=-15,-7x=-15,UNLIKE_TERMS,direct,synthetic
3822,T10,4x+6=30,4x=36,TRANSPOSITION,combined,synthetic
3823,T09,x-6=-8,x=-8+6,NONE,direct,synthetic
3824,T10,3x+12=33,3x=45,TRANSPOSITION,combined,synthetic
3825,T07,(x-5)^2=16,x^2+25=16,SQUARE_OF_SUM,direct,synthetic
3826,T12,(-5)(-6x)=-30,x=1,NEG_TIMES_NEG,combined,synthetic
3827,T10,6x+8=-16,14x=-16,UNLIKE_TERMS,direct,synthetic
3828,T13,6(x+6)+4x=136,10x=130,PARTIAL_DISTRIBUTION,combined,synthetic
3829,T10,4x+10=22,14x=22,UNLIKE_TERMS,direct,synthetic
3830,T04,-(x+8)=-11,-9x=-11,UNLIKE_TERMS,direct,synthetic
3831,T02,6(x-2)=18,6x-13=18,ARITHMETIC_SLIP,direct,synthetic
3832,T05,12-(x+2)=9,12-x+2=9,NEGATIVE_DISTRIBUTION,direct,synthetic
3833,T05,5-(x+8)=-4,5-x+8=-4,NEGATIVE_DISTRIBUTION,direct,synthetic
3834,T03,-2(x+2)=-16,-2x=-18,PARTIAL_DISTRIBUTION,combined,synthetic
3835,T10,8x+12=60,8x=72,TRANSPOSITION,combined,synthetic
3836,T13,2(x+4)+5x=29,7x+4=29,PARTIAL_DISTRIBUTION,direct,synthetic
3837,T03,-3(x+9)=-12,-3x-27=-12,NONE,direct,synthetic
3838,T12,(-7)(-x)=14,7x=16,ARITHMETIC_SLIP,direct,synthetic
3839,T05,3-(x+5)=2,3-x+5=2,NEGATIVE_DISTRIBUTION,direct,synthetic
3840,T08,x+9=7,x=16,TRANSPOSITION,combined,synthetic
3841,T05,10-(x+8)=-7,-x=-25,NEGATIVE_DISTRIBUTION,combined,synthetic
3842,T12,(-7)(-7x)=-49,x=1,NEG_TIMES_NEG,combined,synthetic
3843,T12,(-6)(-2x)=-60,12x=-57,ARITHMETIC_SLIP,direct,synthetic
3844,T01,4(x+4)=0,4x=-4,PARTIAL_DISTRIBUTION,combined,synthetic
3845,T09,x-11=-5,x=1/2,UNLIKE_TERMS,combined,synthetic
3846,T06,(x+12)^2=225,x^2+24x+144=225,NONE,direct,synthetic
3847,T12,(-9)(-4x)=-144,x=4,NEG_TIMES_NEG,combined,synthetic
3848,T12,(-6)(-6x)=288,-36x=288,NEG_TIMES_NEG,direct,synthetic
3849,T04,-(x+4)=-13,-x-2=-13,ARITHMETIC_SLIP,direct,synthetic
3850,T12,(-7)(-4x)=-84,x=-3,NONE,combined,synthetic
3851,T12,(-3)(-6x)=-72,x=4,NEG_TIMES_NEG,combined,synthetic
3852,T12,(-5)(-6x)=-270,x=-9,NONE,combined,synthetic
3853,T13,2(x+4)+4x=56,2x+7+4x=56,ARITHMETIC_SLIP,direct,synthetic
3854,T12,(-2)(-9x)=-36,17x=-36,ARITHMETIC_SLIP,direct,synthetic
3855,T12,(-4)(-x)=12,x=3,NONE,combined,synthetic
3856,T05,7-(x+5)=0,7-x+5=0,NEGATIVE_DISTRIBUTION,direct,synthetic
3857,T10,2x+2=12,x=3,UNLIKE_TERMS,combined,synthetic
3858,T03,-8(x+3)=-32,-8x-24=-32,NONE,direct,synthetic
3859,T08,x+11=16,x=4/3,UNLIKE_TERMS,combined,synthetic
3860,T09,x-1=5,x=4,TRANSPOSITION,combined,synthetic
3861,T05,11-(x+9)=-1,-(x+9)=-1+11,TRANSPOSITION,direct,synthetic
3862,T02,9(x-2)=-45,9x=-27,NONE,combined,synthetic
3863,T03,-2(x+9)=-16,-2x-18=-16,NONE,direct,synthetic
3864,T10,5x+7=42,x=7/2,UNLIKE_TERMS,combined,synthetic
3865,T07,(x-9)^2=1,x^2+81=1,SQUARE_OF_SUM,direct,synthetic
3866,T01,6(x+3)=30,6x=27,PARTIAL_DISTRIBUTION,combined,synthetic
3867,T05,5-(x+5)=-5,-x=-5,NONE,combined,synthetic
3868,T10,8x+4=-36,12x=-36,UNLIKE_TERMS,direct,synthetic
3869,T05,9-(x+3)=10,9-x+3=10,NEGATIVE_DISTRIBUTION,direct,synthetic
3870,T12,(-8)(-2x)=-48,x=-3,NONE,combined,synthetic
3871,T05,5-(x+1)=-2,-x=-8,NEGATIVE_DISTRIBUTION,combined,synthetic
3872,T05,9-(x+3)=5,-x=-1,NONE,combined,synthetic
3873,T12,(-4)(-3x)=84,10x=84,ARITHMETIC_SLIP,direct,synthetic
3874,T01,5(x+1)=-15,5x=-23,ARITHMETIC_SLIP,combined,synthetic
3875,T03,-5(x+1)=5,1-5x=5,PARTIAL_DISTRIBUTION,direct,synthetic
3876,T09,x-8=-10,x=-18,TRANSPOSITION,combined,synthetic
3877,T09,x-5=-4,x=1,NONE,combined,synthetic
3878,T04,-(x+11)=-17,-12x=-17,UNLIKE_TERMS,direct,synthetic
3879,T09,x-7=-1,x=-1-7,TRANSPOSITION,direct,synthetic
3880,T08,x+1=-5,x=-5/2,UNLIKE_TERMS,combined,synthetic
3881,T10,2x+10=18,2x=28,TRANSPOSITION,combined,synthetic
3882,T07,(x-3)^2=121,x^2-9x+9=121,ARITHMETIC_SLIP,direct,synthetic
3883,T10,9x+12=-24,9x=-24+12,TRANSPOSITION,direct,synthetic
3884,T04,-(x+3)=-5,-x+3=-5,NEGATIVE_DISTRIBUTION,direct,synthetic
3885,T12,(-9)(-8x)=-360,72x=-362,ARITHMETIC_SLIP,direct,synthetic
3886,T01,7(x+4)=91,7x+31=91,ARITHMETIC_SLIP,direct,synthetic
3887,T13,6(x+1)+x=48,7x=47,PARTIAL_DISTRIBUTION,combined,synthetic
3888,T13,6(x+2)+2x=20,8x=18,PARTIAL_DISTRIBUTION,combined,synthetic
3889,T02,6(x-4)=-42,6x-4=-42,PARTIAL_DISTRIBUTION,direct,synthetic
3890,T12,(-8)(-5x)=-200,-40x=-200,NEG_TIMES_NEG,direct,synthetic
3891,T12,(-6)(-9x)=324,-54x=324,NEG_TIMES_NEG,direct,synthetic
3892,T02,8(x-6)=-24,8x=24,NONE,combined,synthetic
3893,T05,10-(x+6)=-1,-x=-17,NEGATIVE_DISTRIBUTION,combined,synthetic
3894,T07,(x-1)^2=1,x^2+1=1,SQUARE_OF_SUM,direct,synthetic
3895,T06,(x+3)^2=121,x^2+6x+9=121,NONE,direct,synthetic
3896,T12,(-7)(-9x)=189,-63x=189,NEG_TIMES_NEG,direct,synthetic
3897,T10,9x+9=72,18x=72,UNLIKE_TERMS,direct,synthetic
3898,T04,-(x+9)=-11,-x=-20,NEGATIVE_DISTRIBUTION,combined,synthetic
3899,T08,x+6=14,7x=14,UNLIKE_TERMS,direct,synthetic
3900,T01,6(x+4)=66,6x+4=66,PARTIAL_DISTRIBUTION,direct,synthetic
3901,T03,-6(x+8)=-48,8-6x=-48,PARTIAL_DISTRIBUTION,direct,synthetic
3902,T09,x-9=-7,x=3,ARITHMETIC_SLIP,combined,synthetic
3903,T09,x-3=-7,x=7/2,UNLIKE_TERMS,combined,synthetic
3904,T12,(-6)(-6x)=252,x=85/12,ARITHMETIC_SLIP,combined,synthetic
3905,T12,(-2)(-8x)=64,x=4,NONE,combined,synthetic
3906,T10,6x+11=41,6x=41-11,NONE,direct,synthetic
3907,T10,8x+7=15,8x=15+7,TRANSPOSITION,direct,synthetic
3908,T08,x+4=13,x=13/5,UNLIKE_TERMS,combined,synthetic
3909,T10,7x+8=36,15x=36,UNLIKE_TERMS,direct,synthetic
3910,T10,9x+4=-32,9x=-32+4,TRANSPOSITION,direct,synthetic
3911,T10,3x+3=12,6x=12,UNLIKE_TERMS,direct,synthetic
3912,T13,3(x+3)+5x=65,7x=56,ARITHMETIC_SLIP,combined,synthetic
3913,T10,3x+4=-5,3x=-5-2,ARITHMETIC_SLIP,direct,synthetic
3914,T10,7x+4=53,x=53/11,UNLIKE_TERMS,combined,synthetic
3915,T12,(-7)(-7x)=-196,-49x=-196,NEG_TIMES_NEG,direct,synthetic
3916,T05,3-(x+5)=-3,-(x+5)=-3+3,TRANSPOSITION,direct,synthetic
3917,T03,-6(x+1)=0,-6x=9,ARITHMETIC_SLIP,combined,synthetic
3918,T10,7x+8=78,15x=78,UNLIKE_TERMS,direct,synthetic
3919,T08,x+6=5,7x=5,UNLIKE_TERMS,direct,synthetic
3920,T12,(-5)(-7x)=-35,x=1,NEG_TIMES_NEG,combined,synthetic
3921,T12,(-3)(-9x)=-108,x=4,NEG_TIMES_NEG,combined,synthetic
3922,T05,6-(x+4)=7,-x=-3,NEGATIVE_DISTRIBUTION,combined,synthetic
3923,T04,-(x+8)=-15,-x=-7,NONE,combined,synthetic
3924,T01,2(x+5)=16,2x+5=16,PARTIAL_DISTRIBUTION,direct,synthetic
3925,T01,5(x+2)=50,5x=48,PARTIAL_DISTRIBUTION,combined,synthetic
3926,T12,(-3)(-8x)=-96,-24x=-96,NEG_TIMES_NEG,direct,synthetic
3927,T01,2(x+1)=4,5x+2=4,ARITHMETIC_SLIP,direct,synthetic
3928,T10,4x+9=-3,4x=6,TRANSPOSITION,combined,synthetic
3929,T03,-3(x+8)=-39,-3x=-47,PARTIAL_DISTRIBUTION,combined,synthetic
3930,T05,10-(x+4)=2,10-x-4=4,ARITHMETIC_SLIP,direct,synthetic
3931,T04,-(x+4)=-11,-x=-15,NEGATIVE_DISTRIBUTION,combined,synthetic
3932,T07,(x-1)^2=25,x^2-2x+4=25,ARITHMETIC_SLIP,direct,synthetic
3933,T05,6-(x+9)=-2,-x=13,TRANSPOSITION,combined,synthetic
3934,T07,(x-11)^2=4,x^2+121=4,SQUARE_OF_SUM,direct,synthetic
3935,T09,x-12=-2,x=2/11,UNLIKE_TERMS,combined,synthetic
3936,T09,x-8=-13,x=-21,TRANSPOSITION,combined,synthetic
3937,T02,5(x-3)=5,5x=23,ARITHMETIC_SLIP,combined,synthetic
3938,T10,4x+12=12,4x=24,TRANSPOSITION,combined,synthetic
3939,T09,x-10=-12,x=-12-10,TRANSPOSITION,direct,synthetic
3940,T12,(-4)(-7x)=-196,-28x=-196,NEG_TIMES_NEG,direct,synthetic
3941,T01,6(x+7)=96,6x+7=96,PARTIAL_DISTRIBUTION,direct,synthetic
3942,T06,(x+7)^2=289,x^2+14x+47=289,ARITHMETIC_SLIP,direct,synthetic
3943,T13,2(x+1)+x=-4,3x+1=-4,PARTIAL_DISTRIBUTION,direct,synthetic
3944,T03,-5(x+2)=-30,-8x-10=-30,ARITHMETIC_SLIP,direct,synthetic
3945,T01,2(x+4)=0,2x+8=0,NONE,direct,synthetic
3946,T01,6(x+8)=24,6x=16,PARTIAL_DISTRIBUTION,combined,synthetic
3947,T05,2-(x+9)=-1,-x=10,TRANSPOSITION,combined,synthetic
3948,T05,4-(x+2)=0,-(x+2)=0+4,TRANSPOSITION,direct,synthetic
3949,T10,2x+3=11,2x=11+3,TRANSPOSITION,direct,synthetic
3950,T10,7x+1=-41,x=-41/8,UNLIKE_TERMS,combined,synthetic
3951,T10,3x+1=-14,3x=-11-1,ARITHMETIC_SLIP,direct,synthetic
3952,T12,(-8)(-2x)=-112,x=7,NEG_TIMES_NEG,combined,synthetic
3953,T09,x-6=-3,-5x=-3,UNLIKE_TERMS,direct,synthetic
3954,T04,-(x+8)=-5,-9x=-5,UNLIKE_TERMS,direct,synthetic
3955,T12,(-8)(-6x)=-240,47x=-240,ARITHMETIC_SLIP,direct,synthetic
3956,T05,12-(x+6)=11,-x=-7,NEGATIVE_DISTRIBUTION,combined,synthetic
3957,T01,4(x+5)=0,6x=-20,ARITHMETIC_SLIP,combined,synthetic
3958,T04,-(x+7)=-11,-x=-18,NEGATIVE_DISTRIBUTION,combined,synthetic
3959,T01,9(x+1)=63,9x=62,PARTIAL_DISTRIBUTION,combined,synthetic
3960,T04,-(x+5)=-2,-x+5=-2,NEGATIVE_DISTRIBUTION,direct,synthetic
3961,T02,3(x-7)=9,3x=27,ARITHMETIC_SLIP,combined,synthetic
3962,T12,(-8)(-6x)=192,x=192/47,ARITHMETIC_SLIP,combined,synthetic
3963,T07,(x-8)^2=169,x^2+64=169,SQUARE_OF_SUM,direct,synthetic
3964,T12,(-8)(-5x)=-120,40x=-120,NONE,direct,synthetic
3965,T02,9(x-4)=18,9x-36=18,NONE,direct,synthetic
3966,T06,(x+12)^2=529,x^2+144=529,SQUARE_OF_SUM,direct,synthetic
3967,T10,2x+8=-4,2x=4,TRANSPOSITION,combined,synthetic
3968,T08,x+7=11,x=11/8,UNLIKE_TERMS,combined,synthetic
3969,T04,-(x+4)=-10,-x+4=-10,NEGATIVE_DISTRIBUTION,direct,synthetic
3970,T05,2-(x+2)=4,2-x+2=4,NEGATIVE_DISTRIBUTION,direct,synthetic
3971,T08,x+2=2,x=2-2,NONE,direct,synthetic
3972,T07,(x-4)^2=25,x^2+16=25,SQUARE_OF_SUM,direct,synthetic
3973,T10,5x+9=-21,14x=-21,UNLIKE_TERMS,direct,synthetic
3974,T03,-8(x+9)=-152,9-8x=-152,PARTIAL_DISTRIBUTION,direct,synthetic
3975,T10,3x+12=30,3x=30+12,TRANSPOSITION,direct,synthetic
3976,T10,8x+11=-29,8x=-18,TRANSPOSITION,combined,synthetic
3977,T06,(x+2)^2=25,x^2+3x+4=25,ARITHMETIC_SLIP,direct,synthetic
3978,T06,(x+3)^2=144,x^2+9=144,SQUARE_OF_SUM,direct,synthetic
3979,T12,(-2)(-9x)=-126,-18x=-126,NEG_TIMES_NEG,direct,synthetic
3980,T12,(-6)(-2x)=-48,x=4,NEG_TIMES_NEG,combined,synthetic
3981,T04,-(x+8)=-11,-x=-19,NEGATIVE_DISTRIBUTION,combined,synthetic
3982,T10,8x+11=-29,x=-29/19,UNLIKE_TERMS,combined,synthetic
3983,T09,x-10=-10,x=-20,TRANSPOSITION,combined,synthetic
3984,T12,(-4)(-3x)=96,12x=96,NONE,direct,synthetic
3985,T12,(-9)(-2x)=54,x=-3,NEG_TIMES_NEG,combined,synthetic
3986,T12,(-7)(-5x)=210,35x=210,NONE,direct,synthetic
3987,T12,(-8)(-x)=16,8x=16,NONE,direct,synthetic
3988,T08,x+9=18,x=18-7,ARITHMETIC_SLIP,direct,synthetic
3989,T12,(-3)(-2x)=-24,x=4,NEG_TIMES_NEG,combined,synthetic
3990,T01,8(x+8)=24,8x=16,PARTIAL_DISTRIBUTION,combined,synthetic
3991,T12,(-8)(-9x)=-576,x=8,NEG_TIMES_NEG,combined,synthetic
3992,T07,(x-5)^2=0,x^2+25=0,SQUARE_OF_SUM,direct,synthetic
3993,T01,9(x+9)=90,9x=10,ARITHMETIC_SLIP,combined,synthetic
3994,T09,x-2=8,-x=8,UNLIKE_TERMS,direct,synthetic
3995,T07,(x-3)^2=49,x^2+9=49,SQUARE_OF_SUM,direct,synthetic
3996,T08,x+5=9,6x=9,UNLIKE_TERMS,direct,synthetic
3997,T05,9-(x+3)=10,-(x+3)=10+9,TRANSPOSITION,direct,synthetic
3998,T06,(x+8)^2=64,x^2+16x+63=64,ARITHMETIC_SLIP,direct,synthetic
3999,T06,(x+3)^2=225,x^2+9=225,SQUARE_OF_SUM,direct,synthetic
4000,T04,-(x+1)=-2,-x=-3,NEGATIVE_DISTRIBUTION,combined,synthetic
4001,T12,(-3)(-9x)=-135,x=-5,NONE,combined,synthetic
4002,T12,(-5)(-7x)=105,x=3,NONE,combined,synthetic
4003,T02,5(x-3)=5,5x=8,PARTIAL_DISTRIBUTION,combined,synthetic
4004,T01,6(x+7)=60,6x+42=60,NONE,direct,synthetic
4005,T04,-(x+9)=-16,-x=-25,NEGATIVE_DISTRIBUTION,combined,synthetic
4006,T12,(-8)(-5x)=-360,-40x=-360,NEG_TIMES_NEG,direct,synthetic
4007,T07,(x-12)^2=100,x^2+144=100,SQUARE_OF_SUM,direct,synthetic
4008,T13,2(x+5)+4x=4,6x=-1,PARTIAL_DISTRIBUTION,combined,synthetic
4009,T09,x-11=-10,x=-10-11,TRANSPOSITION,direct,synthetic
4010,T12,(-4)(-6x)=-72,x=3,NEG_TIMES_NEG,combined,synthetic
4011,T10,7x+8=78,7x=78-8,NONE,direct,synthetic
4012,T10,7x+1=-41,7x=-40,TRANSPOSITION,combined,synthetic
4013,T03,-9(x+8)=-18,-9x=-26,PARTIAL_DISTRIBUTION,combined,synthetic
4014,T03,-9(x+5)=-27,-8x=18,ARITHMETIC_SLIP,combined,synthetic
4015,T12,(-6)(-5x)=-270,30x=-272,ARITHMETIC_SLIP,direct,synthetic
4016,T04,-(x+12)=-6,-x=-18,NEGATIVE_DISTRIBUTION,combined,synthetic
4017,T02,8(x-8)=-104,8x=-38,ARITHMETIC_SLIP,combined,synthetic
4018,T13,6(x+3)+x=-24,7x+3=-24,PARTIAL_DISTRIBUTION,direct,synthetic
4019,T12,(-4)(-4x)=32,18x=32,ARITHMETIC_SLIP,direct,synthetic
4020,T12,(-7)(-9x)=441,x=-7,NEG_TIMES_NEG,combined,synthetic
4021,T13,3(x+2)+5x=46,8x+2=46,PARTIAL_DISTRIBUTION,direct,synthetic
4022,T06,(x+8)^2=49,x^2+64=49,SQUARE_OF_SUM,direct,synthetic
4023,T05,8-(x+2)=0,-(x+2)=0+8,TRANSPOSITION,direct,synthetic
4024,T01,8(x+2)=40,8x+2=40,PARTIAL_DISTRIBUTION,direct,synthetic
4025,T04,-(x+12)=-11,x=11/13,UNLIKE_TERMS,combined,synthetic
4026,T12,(-7)(-2x)=-56,17x=-56,ARITHMETIC_SLIP,direct,synthetic
4027,T09,x-7=-12,x=-19,TRANSPOSITION,combined,synthetic
4028,T10,8x+8=56,16x=56,UNLIKE_TERMS,direct,synthetic
4029,T12,(-9)(-3x)=54,x=2,NONE,combined,synthetic
4030,T04,-(x+8)=-11,x=11/9,UNLIKE_TERMS,combined,synthetic
4031,T10,4x+6=30,10x=30,UNLIKE_TERMS,direct,synthetic
4032,T12,(-6)(-9x)=-216,54x=-216,NONE,direct,synthetic
4033,T05,2-(x+2)=-9,2-x+2=-9,NEGATIVE_DISTRIBUTION,direct,synthetic
4034,T12,(-9)(-6x)=-324,54x=-325,ARITHMETIC_SLIP,direct,synthetic
4035,T10,4x+4=16,8x=16,UNLIKE_TERMS,direct,synthetic
4036,T12,(-7)(-7x)=294,-49x=294,NEG_TIMES_NEG,direct,synthetic
4037,T12,(-7)(-x)=-35,x=5,NEG_TIMES_NEG,combined,synthetic
4038,T04,-(x+3)=-1,-x=-4,NEGATIVE_DISTRIBUTION,combined,synthetic
4039,T08,x+2=9,x=4,ARITHMETIC_SLIP,combined,synthetic
4040,T03,-8(x+3)=-72,-8x=-75,PARTIAL_DISTRIBUTION,combined,synthetic
4041,T09,x-4=6,x=-2,UNLIKE_TERMS,combined,synthetic
4042,T05,4-(x+2)=4,4-x+2=4,NEGATIVE_DISTRIBUTION,direct,synthetic
4043,T10,9x+12=-24,x=-8/7,UNLIKE_TERMS,combined,synthetic
4044,T08,x+5=10,x=7,ARITHMETIC_SLIP,combined,synthetic
4045,T10,4x+6=10,4x=4,NONE,combined,synthetic
4046,T10,5x+7=42,12x=42,UNLIKE_TERMS,direct,synthetic
4047,T04,-(x+2)=-10,-x+2=-10,NEGATIVE_DISTRIBUTION,direct,synthetic
4048,T05,9-(x+7)=-1,9-x+7=-1,NEGATIVE_DISTRIBUTION,direct,synthetic
4049,T05,6-(x+9)=-2,-(x+9)=-2+6,TRANSPOSITION,direct,synthetic
4050,T04,-(x+6)=-9,x=9/7,UNLIKE_TERMS,combined,synthetic
4051,T04,-(x+8)=-10,-9x=-10,UNLIKE_TERMS,direct,synthetic
4052,T10,8x+7=-17,15x=-17,UNLIKE_TERMS,direct,synthetic
4053,T08,x+2=5,x=4-2,ARITHMETIC_SLIP,direct,synthetic
4054,T06,(x+12)^2=361,x^2+24x+146=361,ARITHMETIC_SLIP,direct,synthetic
4055,T09,x-2=-1,x=-3,TRANSPOSITION,combined,synthetic
4056,T06,(x+5)^2=4,x^2+25=4,SQUARE_OF_SUM,direct,synthetic
4057,T12,(-5)(-8x)=40,-40x=40,NEG_TIMES_NEG,direct,synthetic
4058,T05,11-(x+9)=-1,-x=19,TRANSPOSITION,combined,synthetic
4059,T05,7-(x+1)=2,-x=10,TRANSPOSITION,combined,synthetic
4060,T04,-(x+12)=-18,-x+12=-18,NEGATIVE_DISTRIBUTION,direct,synthetic
4061,T02,3(x-5)=-9,3x-5=-9,PARTIAL_DISTRIBUTION,direct,synthetic
4062,T07,(x-5)^2=9,x^2+25=9,SQUARE_OF_SUM,direct,synthetic
4063,T01,5(x+5)=75,5x+25=75,NONE,direct,synthetic
4064,T04,-(x+5)=-9,-x=-14,NEGATIVE_DISTRIBUTION,combined,synthetic
4065,T12,(-9)(-x)=45,-9x=45,NEG_TIMES_NEG,direct,synthetic
4066,T05,9-(x+3)=10,-x=-2,NEGATIVE_DISTRIBUTION,combined,synthetic
4067,T02,8(x-3)=40,8x=43,PARTIAL_DISTRIBUTION,combined,synthetic
4068,T10,9x+5=-13,9x=-13+5,TRANSPOSITION,direct,synthetic
4069,T10,4x+3=19,x=19/7,UNLIKE_TERMS,combined,synthetic
4070,T12,(-2)(-5x)=60,10x=58,ARITHMETIC_SLIP,direct,synthetic
4071,T03,-4(x+7)=-24,-4x=4,NONE,combined,synthetic
4072,T12,(-9)(-5x)=-45,-45x=-45,NEG_TIMES_NEG,direct,synthetic
4073,T10,2x+3=19,2x=22,TRANSPOSITION,combined,synthetic
4074,T13,2(x+4)+5x=43,7x+4=43,PARTIAL_DISTRIBUTION,direct,synthetic
4075,T12,(-9)(-9x)=-648,-81x=-648,NEG_TIMES_NEG,direct,synthetic
4076,T12,(-9)(-x)=-27,x=3,NEG_TIMES_NEG,combined,synthetic
4077,T10,5x+8=-17,x=-17/13,UNLIKE_TERMS,combined,synthetic
4078,T06,(x+4)^2=169,x^2+16=169,SQUARE_OF_SUM,direct,synthetic
4079,T04,-(x+8)=-10,-x=-18,NEGATIVE_DISTRIBUTION,combined,synthetic
4080,T03,-4(x+9)=-40,-4x-36=-40,NONE,direct,synthetic
4081,T04,-(x+7)=-5,-x=-12,NEGATIVE_DISTRIBUTION,combined,synthetic
4082,T13,3(x+2)+5x=46,8x=40,NONE,combined,synthetic
4083,T12,(-6)(-4x)=96,24x=96,NONE,direct,synthetic
4084,T12,(-4)(-x)=20,x=-5,NEG_TIMES_NEG,combined,synthetic
4085,T12,(-6)(-x)=-12,6x=-12,NONE,direct,synthetic
4086,T12,(-5)(-3x)=-30,-15x=-30,NEG_TIMES_NEG,direct,synthetic
4087,T04,-(x+2)=3,-x=1,NEGATIVE_DISTRIBUTION,combined,synthetic
4088,T05,3-(x+1)=3,-(x+1)=3+3,TRANSPOSITION,direct,synthetic
4089,T12,(-8)(-3x)=-72,x=3,NEG_TIMES_NEG,combined,synthetic
4090,T12,(-3)(-7x)=84,x=14/3,ARITHMETIC_SLIP,combined,synthetic
4091,T05,6-(x+7)=-5,6-x+7=-5,NEGATIVE_DISTRIBUTION,direct,synthetic
4092,T07,(x-6)^2=16,x^2-12x+36=16,NONE,direct,synthetic
4093,T06,(x+2)^2=4,x^2+4=4,SQUARE_OF_SUM,direct,synthetic
4094,T09,x-4=6,x=6-4,TRANSPOSITION,direct,synthetic
4095,T08,x+6=2,x=8,TRANSPOSITION,combined,synthetic
4096,T01,7(x+4)=42,7x=16,ARITHMETIC_SLIP,combined,synthetic
4097,T12,(-4)(-8x)=224,-32x=224,NEG_TIMES_NEG,direct,synthetic
4098,T09,x-1=2,0=2,UNLIKE_TERMS,direct,synthetic
4099,T03,-7(x+5)=-98,5-7x=-98,PARTIAL_DISTRIBUTION,direct,synthetic
4100,T06,(x+3)^2=36,x^2+9=36,SQUARE_OF_SUM,direct,synthetic
4101,T02,3(x-5)=-24,3x-5=-24,PARTIAL_DISTRIBUTION,direct,synthetic
4102,T09,x-7=-11,x=-18,TRANSPOSITION,combined,synthetic
4103,T02,7(x-4)=-28,7x-28=-28,NONE,direct,synthetic
4104,T05,9-(x+2)=9,-x=2,NONE,combined,synthetic
4105,T05,3-(x+5)=-3,3-x+5=-3,NEGATIVE_DISTRIBUTION,direct,synthetic
4106,T04,-(x+11)=-16,-x=-2,ARITHMETIC_SLIP,combined,synthetic
4107,T02,4(x-6)=-40,4x=-34,PARTIAL_DISTRIBUTION,combined,synthetic
4108,T04,-(x+7)=-14,-x-6=-14,ARITHMETIC_SLIP,direct,synthetic
4109,T12,(-2)(-2x)=28,6x=28,ARITHMETIC_SLIP,direct,synthetic
4110,T12,(-3)(-2x)=-18,-6x=-18,NEG_TIMES_NEG,direct,synthetic
4111,T10,7x+12=47,7x=47+12,TRANSPOSITION,direct,synthetic
4112,T03,-4(x+6)=-36,-4x-26=-36,ARITHMETIC_SLIP,direct,synthetic
4113,T05,11-(x+5)=-2,-(x+5)=-2+11,TRANSPOSITION,direct,synthetic
4114,T10,5x+12=2,17x=2,UNLIKE_TERMS,direct,synthetic
4115,T04,-(x+1)=1,-x=0,NEGATIVE_DISTRIBUTION,combined,synthetic
4116,T12,(-9)(-3x)=108,27x=108,NONE,direct,synthetic
4117,T05,6-(x+7)=-7,-(x+7)=-7+6,TRANSPOSITION,direct,synthetic
4118,T09,x-3=-3,-2x=-3,UNLIKE_TERMS,direct,synthetic
4119,T08,x+5=9,x=14,TRANSPOSITION,combined,synthetic
4120,T12,(-5)(-2x)=-50,x=5,NEG_TIMES_NEG,combined,synthetic
4121,T04,-(x+9)=-4,x=2/5,UNLIKE_TERMS,combined,synthetic
4122,T02,9(x-2)=-45,9x-20=-45,ARITHMETIC_SLIP,direct,synthetic
4123,T12,(-6)(-7x)=294,x=-7,NEG_TIMES_NEG,combined,synthetic
4124,T06,(x+7)^2=64,x^2+49=64,SQUARE_OF_SUM,direct,synthetic
4125,T07,(x-2)^2=64,x^2+4=64,SQUARE_OF_SUM,direct,synthetic
4126,T11,12=x+7,15-7=x,ARITHMETIC_SLIP,direct,synthetic
4127,T09,x-7=-13,x=-6,NONE,combined,synthetic
4128,T05,2-(x+1)=-3,-(x+1)=-3+2,TRANSPOSITION,direct,synthetic
4129,T05,3-(x+8)=-13,-x=-24,NEGATIVE_DISTRIBUTION,combined,synthetic
4130,T12,(-6)(-4x)=-168,x=-168/23,ARITHMETIC_SLIP,combined,synthetic
4131,T07,(x-3)^2=100,x^2+9=100,SQUARE_OF_SUM,direct,synthetic
4132,T10,8x+8=0,x=0,UNLIKE_TERMS,combined,synthetic
4133,T03,-3(x+4)=-9,-3x=-13,PARTIAL_DISTRIBUTION,combined,synthetic
4134,T05,3-(x+7)=-14,-x=-24,NEGATIVE_DISTRIBUTION,combined,synthetic
4135,T12,(-6)(-4x)=-120,-24x=-120,NEG_TIMES_NEG,direct,synthetic
4136,T12,(-3)(-7x)=42,-21x=42,NEG_TIMES_NEG,direct,synthetic
4137,T06,(x+9)^2=225,x^2+81=225,SQUARE_OF_SUM,direct,synthetic
4138,T04,-(x+11)=-10,-12x=-10,UNLIKE_TERMS,direct,synthetic
4139,T05,3-(x+1)=3,-x=1,NONE,combined,synthetic
4140,T01,9(x+3)=99,9x=96,PARTIAL_DISTRIBUTION,combined,synthetic
4141,T12,(-2)(-3x)=-24,x=4,NEG_TIMES_NEG,combined,synthetic
4142,T06,(x+4)^2=25,x^2+16=25,SQUARE_OF_SUM,direct,synthetic
4143,T12,(-8)(-2x)=16,x=-1,NEG_TIMES_NEG,combined,synthetic
4144,T12,(-9)(-8x)=648,-72x=648,NEG_TIMES_NEG,direct,synthetic
4145,T05,6-(x+1)=-1,-x=6,TRANSPOSITION,combined,synthetic
4146,T12,(-4)(-3x)=72,-12x=72,NEG_TIMES_NEG,direct,synthetic
4147,T08,x+11=14,x=14+11,TRANSPOSITION,direct,synthetic
4148,T12,(-7)(-4x)=168,x=167/28,ARITHMETIC_SLIP,combined,synthetic
4149,T12,(-2)(-2x)=-16,x=-17/4,ARITHMETIC_SLIP,combined,synthetic
4150,T12,(-5)(-4x)=60,19x=60,ARITHMETIC_SLIP,direct,synthetic
4151,T09,x-2=-6,x=-6-2,TRANSPOSITION,direct,synthetic
4152,T09,x-4=-5,x=-5-4,TRANSPOSITION,direct,synthetic
4153,T12,(-6)(-6x)=36,-36x=36,NEG_TIMES_NEG,direct,synthetic
4154,T04,-(x+4)=-14,-5x=-14,UNLIKE_TERMS,direct,synthetic
4155,T10,7x+1=8,7x=8+1,TRANSPOSITION,direct,synthetic
4156,T12,(-4)(-8x)=-256,x=8,NEG_TIMES_NEG,combined,synthetic
4157,T12,(-5)(-x)=10,5x=10,NONE,direct,synthetic
4158,T09,x-10=-6,-9x=-6,UNLIKE_TERMS,direct,synthetic
4159,T01,5(x+4)=-10,5x=-14,PARTIAL_DISTRIBUTION,combined,synthetic
4160,T01,3(x+7)=6,3x=-15,NONE,combined,synthetic
4161,T13,4(x+6)+3x=87,7x=81,PARTIAL_DISTRIBUTION,combined,synthetic
4162,T05,5-(x+1)=-2,5-x+1=-2,NEGATIVE_DISTRIBUTION,direct,synthetic
4163,T03,-8(x+9)=-120,9-8x=-120,PARTIAL_DISTRIBUTION,direct,synthetic
4164,T10,8x+12=60,x=3,UNLIKE_TERMS,combined,synthetic
4165,T06,(x+6)^2=441,x^2+12x+36=441,NONE,direct,synthetic
4166,T10,6x+2=-16,8x=-16,UNLIKE_TERMS,direct,synthetic
4167,T06,(x+12)^2=625,x^2+144=625,SQUARE_OF_SUM,direct,synthetic
4168,T09,x-2=-4,-x=-4,UNLIKE_TERMS,direct,synthetic
4169,T08,x+2=5,x=5/3,UNLIKE_TERMS,combined,synthetic
4170,T12,(-6)(-8x)=-144,x=-47/16,ARITHMETIC_SLIP,combined,synthetic
4171,T06,(x+10)^2=100,x^2+100=100,SQUARE_OF_SUM,direct,synthetic
4172,T06,(x+1)^2=121,x^2+2x+1=121,NONE,direct,synthetic
4173,T09,x-8=2,x=2-8,TRANSPOSITION,direct,synthetic
4174,T04,-(x+7)=-12,-x+7=-12,NEGATIVE_DISTRIBUTION,direct,synthetic
4175,T13,3(x+3)+3x=45,6x=42,PARTIAL_DISTRIBUTION,combined,synthetic
4176,T12,(-4)(-2x)=8,x=-1,NEG_TIMES_NEG,combined,synthetic
4177,T01,5(x+7)=40,5x=2,ARITHMETIC_SLIP,combined,synthetic
4178,T12,(-7)(-5x)=210,-35x=210,NEG_TIMES_NEG,direct,synthetic
4179,T06,(x+7)^2=100,x^2+14x+49=103,ARITHMETIC_SLIP,direct,synthetic
4180,T05,12-(x+3)=-1,12-x+3=-1,NEGATIVE_DISTRIBUTION,direct,synthetic
4181,T02,5(x-3)=-5,5x-3=-5,PARTIAL_DISTRIBUTION,direct,synthetic
4182,T12,(-4)(-4x)=48,x=3,NONE,combined,synthetic
4183,T10,3x+12=6,x=2/5,UNLIKE_TERMS,combined,synthetic
4184,T02,8(x-3)=-32,5x=-8,ARITHMETIC_SLIP,combined,synthetic
4185,T08,x+4=1,5x=1,UNLIKE_TERMS,direct,synthetic
4186,T09,x-7=-8,-6x=-8,UNLIKE_TERMS,direct,synthetic
4187,T02,3(x-6)=-3,3x=3,PARTIAL_DISTRIBUTION,combined,synthetic
4188,T11,-2=x+4,-x=4,ARITHMETIC_SLIP,combined,synthetic
4189,T10,3x+12=30,3x=42,TRANSPOSITION,combined,synthetic
4190,T12,(-2)(-7x)=-112,x=8,NEG_TIMES_NEG,combined,synthetic
4191,T01,8(x+2)=56,8x=54,PARTIAL_DISTRIBUTION,combined,synthetic
4192,T05,6-(x+4)=-6,-x=-16,NEGATIVE_DISTRIBUTION,combined,synthetic
4193,T01,5(x+1)=5,5x+1=5,PARTIAL_DISTRIBUTION,direct,synthetic
4194,T08,x+1=10,x=10-1,NONE,direct,synthetic
4195,T03,-2(x+7)=-30,7-2x=-30,PARTIAL_DISTRIBUTION,direct,synthetic
4196,T12,(-4)(-3x)=-96,x=-96/13,ARITHMETIC_SLIP,combined,synthetic
4197,T12,(-9)(-6x)=-324,x=-108/17,ARITHMETIC_SLIP,combined,synthetic
4198,T08,x+4=7,x=7+4,TRANSPOSITION,direct,synthetic
4199,T12,(-6)(-2x)=48,-12x=48,NEG_TIMES_NEG,direct,synthetic
4200,T13,5(x+3)+2x=57,7x+3=57,PARTIAL_DISTRIBUTION,direct,synthetic
4201,T04,-(x+11)=-14,-x=-25,NEGATIVE_DISTRIBUTION,combined,synthetic
4202,T05,10-(x+1)=2,-x=-9,NEGATIVE_DISTRIBUTION,combined,synthetic
4203,T10,6x+6=-30,x=-5/2,UNLIKE_TERMS,combined,synthetic
4204,T10,9x+3=75,9x=75+3,TRANSPOSITION,direct,synthetic
4205,T07,(x-7)^2=25,x^2+49=25,SQUARE_OF_SUM,direct,synthetic
4206,T05,2-(x+1)=0,5-x-1=0,ARITHMETIC_SLIP,direct,synthetic
4207,T12,(-6)(-2x)=12,x=-1,NEG_TIMES_NEG,combined,synthetic
4208,T12,(-7)(-2x)=-28,x=2,NEG_TIMES_NEG,combined,synthetic
4209,T12,(-3)(-3x)=-18,x=-3,ARITHMETIC_SLIP,combined,synthetic
4210,T12,(-3)(-2x)=-30,6x=-29,ARITHMETIC_SLIP,direct,synthetic
4211,T12,(-6)(-6x)=-108,x=3,NEG_TIMES_NEG,combined,synthetic
4212,T12,(-7)(-9x)=252,63x=252,NONE,direct,synthetic
4213,T05,4-(x+6)=-11,-x=-21,NEGATIVE_DISTRIBUTION,combined,synthetic
4214,T04,-(x+12)=-11,-13x=-11,UNLIKE_TERMS,direct,synthetic
4215,T11,13=x+7,-x=-8,ARITHMETIC_SLIP,combined,synthetic
4216,T06,(x+2)^2=49,x^2+4=49,SQUARE_OF_SUM,direct,synthetic
4217,T07,(x-9)^2=49,x^2+81=49,SQUARE_OF_SUM,direct,synthetic
4218,T12,(-9)(-3x)=-81,x=-3,NONE,combined,synthetic
4219,T02,2(x-6)=-16,2x=-5,ARITHMETIC_SLIP,combined,synthetic
4220,T09,x-8=-8,x=-8-8,TRANSPOSITION,direct,synthetic
4221,T12,(-2)(-x)=4,x=-2,NEG_TIMES_NEG,combined,synthetic
4222,T09,x-12=-18,x=18/11,UNLIKE_TERMS,combined,synthetic
4223,T04,-(x+3)=-4,-x=-1,NONE,combined,synthetic
4224,T10,8x+12=52,8x=64,TRANSPOSITION,combined,synthetic
4225,T02,9(x-1)=-27,9x=-26,PARTIAL_DISTRIBUTION,combined,synthetic
4226,T06,(x+11)^2=400,x^2+121=400,SQUARE_OF_SUM,direct,synthetic
4227,T10,9x+12=84,9x=96,TRANSPOSITION,combined,synthetic
4228,T12,(-7)(-4x)=168,28x=167,ARITHMETIC_SLIP,direct,synthetic
4229,T04,-(x+5)=-2,x=1/3,UNLIKE_TERMS,combined,synthetic
4230,T02,8(x-8)=0,8x=8,PARTIAL_DISTRIBUTION,combined,synthetic
4231,T09,x-12=-17,-11x=-17,UNLIKE_TERMS,direct,synthetic
4232,T12,(-5)(-9x)=-225,-45x=-225,NEG_TIMES_NEG,direct,synthetic
4233,T10,4x+9=37,4x=46,TRANSPOSITION,combined,synthetic
4234,T02,6(x-8)=0,6x=8,PARTIAL_DISTRIBUTION,combined,synthetic
4235,T08,x+6=12,x=18,TRANSPOSITION,combined,synthetic
4236,T12,(-9)(-2x)=-72,x=-35/9,ARITHMETIC_SLIP,combined,synthetic
4237,T09,x-5=-1,x=1/4,UNLIKE_TERMS,combined,synthetic
4238,T01,5(x+4)=-10,8x+20=-10,ARITHMETIC_SLIP,direct,synthetic
4239,T02,9(x-8)=-72,9x-8=-72,PARTIAL_DISTRIBUTION,direct,synthetic
4240,T12,(-5)(-7x)=210,-35x=210,NEG_TIMES_NEG,direct,synthetic
4241,T04,-(x+12)=-8,-x+12=-8,NEGATIVE_DISTRIBUTION,direct,synthetic
4242,T10,3x+4=-5,3x=-7,ARITHMETIC_SLIP,combined,synthetic
4243,T12,(-4)(-7x)=-56,x=-56/31,ARITHMETIC_SLIP,combined,synthetic
4244,T12,(-7)(-9x)=252,x=252/61,ARITHMETIC_SLIP,combined,synthetic
4245,T02,8(x-9)=-120,8x=-111,PARTIAL_DISTRIBUTION,combined,synthetic
4246,T12,(-4)(-7x)=224,x=-8,NEG_TIMES_NEG,combined,synthetic
4247,T04,-(x+9)=-3,-x+9=-3,NEGATIVE_DISTRIBUTION,direct,synthetic
4248,T05,3-(x+8)=-13,-x=-2,TRANSPOSITION,combined,synthetic
4249,T08,x+3=13,x=13+3,TRANSPOSITION,direct,synthetic
4250,T10,9x+5=59,9x=59+5,TRANSPOSITION,direct,synthetic
4251,T12,(-5)(-8x)=80,x=-2,NEG_TIMES_NEG,combined,synthetic
4252,T06,(x+2)^2=25,x^2+4=25,SQUARE_OF_SUM,direct,synthetic
4253,T12,(-2)(-3x)=6,x=-1,NEG_TIMES_NEG,combined,synthetic
4254,T09,x-10=-12,-9x=-12,UNLIKE_TERMS,direct,synthetic
4255,T02,9(x-2)=18,9x-2=18,PARTIAL_DISTRIBUTION,direct,synthetic
4256,T10,8x+7=-33,15x=-33,UNLIKE_TERMS,direct,synthetic
4257,T09,x-7=-12,-6x=-12,UNLIKE_TERMS,direct,synthetic
4258,T12,(-6)(-6x)=-72,36x=-72,NONE,direct,synthetic
4259,T12,(-8)(-2x)=-128,-16x=-128,NEG_TIMES_NEG,direct,synthetic
4260,T02,2(x-8)=-2,4x-16=-2,ARITHMETIC_SLIP,direct,synthetic
4261,T10,8x+12=60,8x=60-15,ARITHMETIC_SLIP,direct,synthetic
4262,T05,11-(x+5)=-4,-x=-20,NEGATIVE_DISTRIBUTION,combined,synthetic
4263,T05,5-(x+8)=-4,-(x+8)=-4+5,TRANSPOSITION,direct,synthetic
4264,T12,(-7)(-7x)=-147,x=-147/46,ARITHMETIC_SLIP,combined,synthetic
4265,T12,(-4)(-6x)=-48,x=-2,NONE,combined,synthetic
4266,T04,-(x+5)=-2,-x-5=-2,NONE,direct,synthetic
4267,T09,x-8=-10,x=-10+5,ARITHMETIC_SLIP,direct,synthetic
4268,T04,-(x+10)=-4,-x+10=-4,NEGATIVE_DISTRIBUTION,direct,synthetic
4269,T05,3-(x+1)=3,-x=7,TRANSPOSITION,combined,synthetic
4270,T12,(-3)(-9x)=-108,-27x=-108,NEG_TIMES_NEG,direct,synthetic
4271,T12,(-5)(-8x)=-240,-40x=-240,NEG_TIMES_NEG,direct,synthetic
4272,T13,4(x+4)+2x=40,6x+4=40,PARTIAL_DISTRIBUTION,direct,synthetic
4273,T03,-3(x+1)=-12,-3x=-13,PARTIAL_DISTRIBUTION,combined,synthetic
4274,T03,-6(x+9)=-66,9-6x=-66,PARTIAL_DISTRIBUTION,direct,synthetic
4275,T04,-(x+4)=-7,-x+4=-7,NEGATIVE_DISTRIBUTION,direct,synthetic
4276,T05,5-(x+9)=-10,-x=4,TRANSPOSITION,combined,synthetic
4277,T09,x-4=5,x=1,TRANSPOSITION,combined,synthetic
4278,T10,3x+5=32,3x=32-5,NONE,direct,synthetic
4279,T12,(-3)(-6x)=126,-18x=126,NEG_TIMES_NEG,direct,synthetic
4280,T13,6(x+3)+4x=-2,6x+18+4x=-2,NONE,direct,synthetic
4281,T10,5x+8=13,5x=11-8,ARITHMETIC_SLIP,direct,synthetic
4282,T05,6-(x+8)=0,-x=14,TRANSPOSITION,combined,synthetic
4283,T06,(x+7)^2=49,x^2+49=49,SQUARE_OF_SUM,direct,synthetic
4284,T12,(-6)(-6x)=216,39x=216,ARITHMETIC_SLIP,direct,synthetic
4285,T08,x+11=11,x=22,TRANSPOSITION,combined,synthetic
4286,T01,3(x+5)=45,3x=40,PARTIAL_DISTRIBUTION,combined,synthetic
4287,T12,(-2)(-4x)=16,x=-2,NEG_TIMES_NEG,combined,synthetic
4288,T03,-2(x+6)=-4,-2x=-10,PARTIAL_DISTRIBUTION,combined,synthetic
4289,T10,9x+4=-32,13x=-32,UNLIKE_TERMS,direct,synthetic
4290,T07,(x-9)^2=81,x^2+81=81,SQUARE_OF_SUM,direct,synthetic
4291,T04,-(x+5)=-5,-x=-10,NEGATIVE_DISTRIBUTION,combined,synthetic
4292,T08,x+12=20,x=20/13,UNLIKE_TERMS,combined,synthetic
4293,T06,(x+10)^2=484,x^2+20x+100=484,NONE,direct,synthetic
4294,T06,(x+5)^2=324,x^2+25=324,SQUARE_OF_SUM,direct,synthetic
4295,T05,12-(x+5)=7,-x=-10,NEGATIVE_DISTRIBUTION,combined,synthetic
4296,T02,4(x-6)=-40,4x=-16,NONE,combined,synthetic
4297,T05,7-(x+4)=8,-(x+4)=8+7,TRANSPOSITION,direct,synthetic
4298,T08,x+2=12,3x=12,UNLIKE_TERMS,direct,synthetic
4299,T05,8-(x+2)=6,8-x+2=6,NEGATIVE_DISTRIBUTION,direct,synthetic
4300,T12,(-5)(-8x)=-320,x=8,NEG_TIMES_NEG,combined,synthetic
4301,T02,4(x-2)=-28,4x-2=-28,PARTIAL_DISTRIBUTION,direct,synthetic
4302,T12,(-7)(-4x)=-196,x=-199/28,ARITHMETIC_SLIP,combined,synthetic
4303,T04,-(x+8)=-3,-x=8,ARITHMETIC_SLIP,combined,synthetic
4304,T12,(-6)(-8x)=-96,x=2,NEG_TIMES_NEG,combined,synthetic
4305,T12,(-5)(-2x)=40,x=-4,NEG_TIMES_NEG,combined,synthetic
4306,T07,(x-5)^2=4,x^2+25=4,SQUARE_OF_SUM,direct,synthetic
4307,T12,(-4)(-2x)=-8,8x=-5,ARITHMETIC_SLIP,direct,synthetic
4308,T12,(-4)(-9x)=-108,-36x=-108,NEG_TIMES_NEG,direct,synthetic
4309,T05,6-(x+7)=-10,6-x+7=-10,NEGATIVE_DISTRIBUTION,direct,synthetic
4310,T05,6-(x+4)=5,6-x+4=5,NEGATIVE_DISTRIBUTION,direct,synthetic
4311,T05,6-(x+8)=-1,-x=-15,NEGATIVE_DISTRIBUTION,combined,synthetic
4312,T12,(-8)(-5x)=320,-40x=320,NEG_TIMES_NEG,direct,synthetic
4313,T05,11-(x+9)=-1,-x=-21,NEGATIVE_DISTRIBUTION,combined,synthetic
4314,T08,x+7=7,x=6-7,ARITHMETIC_SLIP,direct,synthetic
4315,T09,x-7=-3,x=1/2,UNLIKE_TERMS,combined,synthetic
4316,T01,5(x+9)=90,5x=81,PARTIAL_DISTRIBUTION,combined,synthetic
4317,T12,(-9)(-8x)=-360,x=5,NEG_TIMES_NEG,combined,synthetic
4318,T12,(-6)(-2x)=12,12x=12,NONE,direct,synthetic
4319,T12,(-6)(-2x)=-84,12x=-84,NONE,direct,synthetic
4320,T13,5(x+3)+2x=71,7x=56,NONE,combined,synthetic
4321,T12,(-2)(-9x)=36,x=-2,NEG_TIMES_NEG,combined,synthetic
4322,T10,6x+11=5,6x=-6,NONE,combined,synthetic
4323,T05,5-(x+6)=-8,5-x-4=-8,ARITHMETIC_SLIP,direct,synthetic
4324,T12,(-3)(-4x)=-60,12x=-60,NONE,direct,synthetic
4325,T03,-5(x+4)=5,-5x=25,NONE,combined,synthetic
4326,T05,12-(x+6)=11,12-x+6=11,NEGATIVE_DISTRIBUTION,direct,synthetic
4327,T10,3x+12=33,x=11/5,UNLIKE_TERMS,combined,synthetic
4328,T12,(-2)(-x)=4,1x=4,ARITHMETIC_SLIP,direct,synthetic
4329,T10,7x+3=59,10x=59,UNLIKE_TERMS,direct,synthetic
4330,T10,2x+8=18,x=9/5,UNLIKE_TERMS,combined,synthetic
4331,T10,6x+11=41,6x=52,TRANSPOSITION,combined,synthetic
4332,T02,2(x-6)=-16,2x-6=-16,PARTIAL_DISTRIBUTION,direct,synthetic
4333,T01,8(x+4)=48,8x=44,PARTIAL_DISTRIBUTION,combined,synthetic
4334,T06,(x+7)^2=324,x^2+49=324,SQUARE_OF_SUM,direct,synthetic
4335,T09,x-12=-18,-11x=-18,UNLIKE_TERMS,direct,synthetic
4336,T12,(-5)(-9x)=360,-45x=360,NEG_TIMES_NEG,direct,synthetic
4337,T10,8x+10=34,18x=34,UNLIKE_TERMS,direct,synthetic
4338,T09,x-11=-3,x=3/10,UNLIKE_TERMS,combined,synthetic
4339,T13,5(x+2)+2x=17,7x=15,PARTIAL_DISTRIBUTION,combined,synthetic
4340,T05,11-(x+9)=-2,11-x+9=-2,NEGATIVE_DISTRIBUTION,direct,synthetic
4341,T13,5(x+4)+3x=-4,8x+4=-4,PARTIAL_DISTRIBUTION,direct,synthetic
4342,T12,(-5)(-x)=10,-5x=10,NEG_TIMES_NEG,direct,synthetic
4343,T06,(x+10)^2=441,x^2+20x+100=441,NONE,direct,synthetic
4344,T10,6x+11=-13,6x=-13+11,TRANSPOSITION,direct,synthetic
4345,T01,3(x+8)=39,3x=31,PARTIAL_DISTRIBUTION,combined,synthetic
4346,T01,6(x+9)=96,6x=87,PARTIAL_DISTRIBUTION,combined,synthetic
4347,T06,(x+2)^2=0,x^2+4=0,SQUARE_OF_SUM,direct,synthetic
4348,T03,-3(x+4)=6,-3x=2,PARTIAL_DISTRIBUTION,combined,synthetic
4349,T08,x+1=10,x=10+1,TRANSPOSITION,direct,synthetic
4350,T05,12-(x+6)=2,-x=-16,NEGATIVE_DISTRIBUTION,combined,synthetic
4351,T09,x-11=-5,-10x=-5,UNLIKE_TERMS,direct,synthetic
4352,T13,4(x+3)+x=27,5x+3=27,PARTIAL_DISTRIBUTION,direct,synthetic
4353,T04,-(x+4)=-7,-5x=-7,UNLIKE_TERMS,direct,synthetic
4354,T05,5-(x+5)=4,-(x+5)=4+5,TRANSPOSITION,direct,synthetic
4355,T10,9x+6=69,15x=69,UNLIKE_TERMS,direct,synthetic
4356,T08,x+7=14,x=9,ARITHMETIC_SLIP,combined,synthetic
4357,T10,2x+11=19,2x=19+11,TRANSPOSITION,direct,synthetic
4358,T13,5(x+1)+2x=-30,7x=-31,PARTIAL_DISTRIBUTION,combined,synthetic
4359,T12,(-4)(-5x)=-180,x=9,NEG_TIMES_NEG,combined,synthetic
4360,T09,x-10=-16,x=-16-10,TRANSPOSITION,direct,synthetic
4361,T04,-(x+3)=-9,x=9/4,UNLIKE_TERMS,combined,synthetic
4362,T04,-(x+2)=1,x=-1/3,UNLIKE_TERMS,combined,synthetic
4363,T12,(-8)(-4x)=-160,-32x=-160,NEG_TIMES_NEG,direct,synthetic
4364,T01,5(x+4)=0,5x+4=0,PARTIAL_DISTRIBUTION,direct,synthetic
4365,T09,x-2=6,x=6-2,TRANSPOSITION,direct,synthetic
4366,T02,7(x-5)=-63,7x=-58,PARTIAL_DISTRIBUTION,combined,synthetic
4367,T04,-(x+4)=-9,-5x=-9,UNLIKE_TERMS,direct,synthetic
4368,T12,(-6)(-9x)=-162,x=3,NEG_TIMES_NEG,combined,synthetic
4369,T12,(-5)(-8x)=280,x=281/40,ARITHMETIC_SLIP,combined,synthetic
4370,T12,(-5)(-7x)=140,x=-4,NEG_TIMES_NEG,combined,synthetic
4371,T07,(x-12)^2=121,x^2+144=121,SQUARE_OF_SUM,direct,synthetic
4372,T12,(-7)(-9x)=441,-63x=441,NEG_TIMES_NEG,direct,synthetic
4373,T04,-(x+4)=-2,-x-2=-2,ARITHMETIC_SLIP,direct,synthetic
4374,T05,11-(x+2)=2,11-x-2=5,ARITHMETIC_SLIP,direct,synthetic
4375,T01,3(x+4)=3,3x=-1,PARTIAL_DISTRIBUTION,combined,synthetic
4376,T06,(x+6)^2=289,x^2+36=289,SQUARE_OF_SUM,direct,synthetic
4377,T12,(-9)(-7x)=504,x=-8,NEG_TIMES_NEG,combined,synthetic
4378,T12,(-9)(-6x)=486,-54x=486,NEG_TIMES_NEG,direct,synthetic
4379,T06,(x+6)^2=225,x^2+12x+36=223,ARITHMETIC_SLIP,direct,synthetic
4380,T04,-(x+7)=-1,-x=6,NONE,combined,synthetic
4381,T04,-(x+4)=-10,-5x=-10,UNLIKE_TERMS,direct,synthetic
4382,T02,7(x-5)=-63,7x-35=-60,ARITHMETIC_SLIP,direct,synthetic
4383,T12,(-5)(-5x)=-150,25x=-149,ARITHMETIC_SLIP,direct,synthetic
4384,T13,5(x+5)+5x=45,5x+22+5x=45,ARITHMETIC_SLIP,direct,synthetic
4385,T08,x+5=-1,x=-1/6,UNLIKE_TERMS,combined,synthetic
4386,T05,11-(x+5)=10,-x=26,TRANSPOSITION,combined,synthetic
4387,T10,6x+4=-2,10x=-2,UNLIKE_TERMS,direct,synthetic
4388,T05,7-(x+4)=2,7-x-4=5,ARITHMETIC_SLIP,direct,synthetic
4389,T09,x-7=2,x=2-7,TRANSPOSITION,direct,synthetic
4390,T01,5(x+9)=75,5x+46=75,ARITHMETIC_SLIP,direct,synthetic
4391,T03,-5(x+6)=-5,-5x=25,NONE,combined,synthetic
4392,T10,3x+7=16,3x=23,TRANSPOSITION,combined,synthetic
4393,T04,-(x+8)=-15,-x+8=-15,NEGATIVE_DISTRIBUTION,direct,synthetic
4394,T10,5x+4=4,5x=4+4,TRANSPOSITION,direct,synthetic
4395,T05,3-(x+7)=-12,-x=-22,NEGATIVE_DISTRIBUTION,combined,synthetic
4396,T08,x+4=13,5x=13,UNLIKE_TERMS,direct,synthetic
4397,T09,x-9=-5,x=-14,TRANSPOSITION,combined,synthetic
4398,T07,(x-5)^2=81,x^2-10x+25=81,NONE,direct,synthetic
4399,T10,7x+4=-24,11x=-24,UNLIKE_TERMS,direct,synthetic
4400,T02,9(x-9)=-18,9x=63,NONE,combined,synthetic
4401,T01,6(x+9)=108,6x+9=108,PARTIAL_DISTRIBUTION,direct,synthetic
4402,T10,6x+11=29,6x=29+11,TRANSPOSITION,direct,synthetic
4403,T01,8(x+5)=104,8x+5=104,PARTIAL_DISTRIBUTION,direct,synthetic
4404,T10,2x+2=12,4x=12,UNLIKE_TERMS,direct,synthetic
4405,T01,6(x+4)=66,6x+24=66,NONE,direct,synthetic
4406,T12,(-2)(-7x)=98,-14x=98,NEG_TIMES_NEG,direct,synthetic
4407,T12,(-9)(-7x)=252,x=-4,NEG_TIMES_NEG,combined,synthetic
4408,T05,2-(x+7)=-7,-x=2,TRANSPOSITION,combined,synthetic
4409,T04,-(x+9)=-3,-10x=-3,UNLIKE_TERMS,direct,synthetic
4410,T05,6-(x+6)=6,-x=-6,NEGATIVE_DISTRIBUTION,combined,synthetic
4411,T06,(x+12)^2=64,x^2+24x+144=61,ARITHMETIC_SLIP,direct,synthetic
4412,T12,(-2)(-5x)=30,x=-3,NEG_TIMES_NEG,combined,synthetic
4413,T04,-(x+5)=-5,-x=3,ARITHMETIC_SLIP,combined,synthetic
4414,T06,(x+8)^2=225,x^2+64=225,SQUARE_OF_SUM,direct,synthetic
4415,T04,-(x+8)=-13,-x=-21,NEGATIVE_DISTRIBUTION,combined,synthetic
4416,T13,6(x+4)+4x=84,10x+4=84,PARTIAL_DISTRIBUTION,direct,synthetic
4417,T09,x-2=-6,-x=-6,UNLIKE_TERMS,direct,synthetic
4418,T13,3(x+2)+5x=46,8x=44,PARTIAL_DISTRIBUTION,combined,synthetic
4419,T05,7-(x+4)=2,-x=-9,NEGATIVE_DISTRIBUTION,combined,synthetic
4420,T11,7=x+3,7-4=x,ARITHMETIC_SLIP,direct,synthetic
4421,T10,3x+7=-8,3x=-15,NONE,combined,synthetic
4422,T04,-(x+6)=0,-x+6=0,NEGATIVE_DISTRIBUTION,direct,synthetic
4423,T08,x+2=0,x=0+2,TRANSPOSITION,direct,synthetic
4424,T12,(-8)(-7x)=280,-56x=280,NEG_TIMES_NEG,direct,synthetic
4425,T03,-6(x+6)=-42,6-6x=-42,PARTIAL_DISTRIBUTION,direct,synthetic
4426,T10,9x+5=-4,9x=1,TRANSPOSITION,combined,synthetic
4427,T02,8(x-8)=-32,8x-8=-32,PARTIAL_DISTRIBUTION,direct,synthetic
4428,T10,6x+3=9,6x=9+3,TRANSPOSITION,direct,synthetic
4429,T13,5(x+5)+x=31,6x=6,NONE,combined,synthetic
4430,T04,-(x+4)=-2,x=2/5,UNLIKE_TERMS,combined,synthetic
4431,T12,(-3)(-x)=-24,3x=-26,ARITHMETIC_SLIP,direct,synthetic
4432,T05,6-(x+9)=-2,-x=-17,NEGATIVE_DISTRIBUTION,combined,synthetic
4433,T08,x+10=17,11x=17,UNLIKE_TERMS,direct,synthetic
4434,T06,(x+12)^2=196,x^2+144=196,SQUARE_OF_SUM,direct,synthetic
4435,T10,9x+8=80,x=80/17,UNLIKE_TERMS,combined,synthetic
4436,T13,5(x+5)+3x=65,8x=37,ARITHMETIC_SLIP,combined,synthetic
4437,T07,(x-1)^2=81,x^2-2x+1=81,NONE,direct,synthetic
4438,T04,-(x+12)=-8,-x-12=-8,NONE,direct,synthetic
4439,T05,4-(x+6)=3,4-x+6=3,NEGATIVE_DISTRIBUTION,direct,synthetic
4440,T04,-(x+7)=-5,-x+7=-5,NEGATIVE_DISTRIBUTION,direct,synthetic
4441,T07,(x-2)^2=169,x^2-4x+4=168,ARITHMETIC_SLIP,direct,synthetic
4442,T12,(-4)(-2x)=-32,x=4,NEG_TIMES_NEG,combined,synthetic
4443,T12,(-6)(-8x)=48,-48x=48,NEG_TIMES_NEG,direct,synthetic
4444,T03,-6(x+9)=-72,-6x=-18,NONE,combined,synthetic
4445,T12,(-7)(-8x)=504,-56x=504,NEG_TIMES_NEG,direct,synthetic
4446,T03,-8(x+7)=-8,7-8x=-8,PARTIAL_DISTRIBUTION,direct,synthetic
4447,T05,3-(x+7)=-8,-x=-18,NEGATIVE_DISTRIBUTION,combined,synthetic
4448,T12,(-7)(-4x)=112,-28x=112,NEG_TIMES_NEG,direct,synthetic
4449,T13,4(x+2)+x=48,4x+8+x=47,ARITHMETIC_SLIP,direct,synthetic
4450,T10,8x+8=56,x=7/2,UNLIKE_TERMS,combined,synthetic
4451,T05,9-(x+1)=11,-x=21,TRANSPOSITION,combined,synthetic
4452,T10,2x+12=4,2x=16,TRANSPOSITION,combined,synthetic
4453,T12,(-9)(-6x)=108,-54x=108,NEG_TIMES_NEG,direct,synthetic
4454,T01,3(x+3)=3,3x+3=3,PARTIAL_DISTRIBUTION,direct,synthetic
4455,T02,8(x-5)=-24,8x=-19,PARTIAL_DISTRIBUTION,combined,synthetic
4456,T12,(-6)(-3x)=108,x=6,NONE,combined,synthetic
4457,T09,x-7=-1,-6x=-1,UNLIKE_TERMS,direct,synthetic
4458,T04,-(x+6)=-15,-x-6=-14,ARITHMETIC_SLIP,direct,synthetic
4459,T05,11-(x+9)=-2,-(x+9)=-2+11,TRANSPOSITION,direct,synthetic
4460,T07,(x-6)^2=0,x^2+36=0,SQUARE_OF_SUM,direct,synthetic
4461,T05,6-(x+7)=-5,-x=-5,ARITHMETIC_SLIP,combined,synthetic
4462,T12,(-4)(-5x)=-20,20x=-22,ARITHMETIC_SLIP,direct,synthetic
4463,T12,(-4)(-x)=12,-4x=12,NEG_TIMES_NEG,direct,synthetic
4464,T06,(x+10)^2=625,x^2+100=625,SQUARE_OF_SUM,direct,synthetic
4465,T05,4-(x+3)=-1,-x=-8,NEGATIVE_DISTRIBUTION,combined,synthetic
4466,T09,x-3=6,-2x=6,UNLIKE_TERMS,direct,synthetic
4467,T12,(-8)(-2x)=112,x=-7,NEG_TIMES_NEG,combined,synthetic
4468,T10,5x+10=-10,3x=-10-10,ARITHMETIC_SLIP,direct,synthetic
4469,T08,x+5=14,x=7/3,UNLIKE_TERMS,combined,synthetic
4470,T12,(-2)(-2x)=-32,x=-8,NONE,combined,synthetic
4471,T08,x+1=10,x=5,UNLIKE_TERMS,combined,synthetic
4472,T12,(-3)(-6x)=36,x=-2,NEG_TIMES_NEG,combined,synthetic
4473,T12,(-9)(-2x)=-90,x=5,NEG_TIMES_NEG,combined,synthetic
4474,T12,(-4)(-x)=36,x=9,NONE,combined,synthetic
4475,T05,2-(x+9)=-12,-x=-1,TRANSPOSITION,combined,synthetic
4476,T01,3(x+3)=36,3x=27,NONE,combined,synthetic
4477,T12,(-8)(-2x)=96,-16x=96,NEG_TIMES_NEG,direct,synthetic
4478,T09,x-7=1,x=-6,TRANSPOSITION,combined,synthetic
4479,T10,3x+1=25,x=25/4,UNLIKE_TERMS,combined,synthetic
4480,T10,2x+1=13,2x=14,TRANSPOSITION,combined,synthetic
4481,T08,x+7=9,8x=9,UNLIKE_TERMS,direct,synthetic
4482,T10,2x+3=19,5x=19,UNLIKE_TERMS,direct,synthetic
4483,T12,(-2)(-4x)=-40,x=-5,NONE,combined,synthetic
4484,T09,x-8=-3,x=-3-8,TRANSPOSITION,direct,synthetic
4485,T05,8-(x+1)=12,-(x+1)=12+8,TRANSPOSITION,direct,synthetic
4486,T02,6(x-1)=-12,6x-1=-12,PARTIAL_DISTRIBUTION,direct,synthetic
4487,T08,x+6=3,x=3/7,UNLIKE_TERMS,combined,synthetic
4488,T01,9(x+5)=0,9x=-5,PARTIAL_DISTRIBUTION,combined,synthetic
4489,T04,-(x+6)=-2,-7x=-2,UNLIKE_TERMS,direct,synthetic
4490,T09,x-12=-17,x=-17-12,TRANSPOSITION,direct,synthetic
4491,T12,(-3)(-8x)=-96,x=4,NEG_TIMES_NEG,combined,synthetic
4492,T09,x-8=-10,-7x=-10,UNLIKE_TERMS,direct,synthetic
4493,T09,x-5=1,-4x=1,UNLIKE_TERMS,direct,synthetic
4494,T12,(-3)(-6x)=-36,-18x=-36,NEG_TIMES_NEG,direct,synthetic
4495,T12,(-6)(-6x)=-108,x=-107/36,ARITHMETIC_SLIP,combined,synthetic
4496,T07,(x-12)^2=1,x^2-24x+144=4,ARITHMETIC_SLIP,direct,synthetic
4497,T12,(-4)(-9x)=-216,x=6,NEG_TIMES_NEG,combined,synthetic
4498,T12,(-7)(-3x)=-42,-21x=-42,NEG_TIMES_NEG,direct,synthetic
4499,T12,(-6)(-4x)=216,x=-9,NEG_TIMES_NEG,combined,synthetic
4500,T12,(-2)(-x)=2,-2x=2,NEG_TIMES_NEG,direct,synthetic
4501,T05,3-(x+7)=-9,-x=-2,ARITHMETIC_SLIP,combined,synthetic
4502,T12,(-5)(-9x)=-45,x=1,NEG_TIMES_NEG,combined,synthetic
4503,T13,3(x+2)+5x=38,8x+2=38,PARTIAL_DISTRIBUTION,direct,synthetic
4504,T09,x-12=-5,x=-17,TRANSPOSITION,combined,synthetic
4505,T08,x+9=16,10x=16,UNLIKE_TERMS,direct,synthetic
4506,T12,(-5)(-8x)=200,-40x=200,NEG_TIMES_NEG,direct,synthetic
4507,T13,3(x+1)+x=15,4x+1=15,PARTIAL_DISTRIBUTION,direct,synthetic
4508,T05,11-(x+2)=2,-x=-11,NEGATIVE_DISTRIBUTION,combined,synthetic
4509,T07,(x-3)^2=25,x^2+9=25,SQUARE_OF_SUM,direct,synthetic
4510,T01,5(x+2)=25,5x+10=27,ARITHMETIC_SLIP,direct,synthetic
4511,T04,-(x+8)=-2,-x=-10,NEGATIVE_DISTRIBUTION,combined,synthetic
4512,T12,(-5)(-8x)=200,x=-5,NEG_TIMES_NEG,combined,synthetic
4513,T05,6-(x+3)=-5,-x=4,TRANSPOSITION,combined,synthetic
4514,T05,3-(x+9)=-8,3-x+9=-8,NEGATIVE_DISTRIBUTION,direct,synthetic
4515,T12,(-4)(-2x)=-56,8x=-56,NONE,direct,synthetic
4516,T07,(x-9)^2=121,x^2+81=121,SQUARE_OF_SUM,direct,synthetic
4517,T09,x-9=-11,x=11/8,UNLIKE_TERMS,combined,synthetic
4518,T03,-7(x+7)=-84,-7x=-35,NONE,combined,synthetic
4519,T10,5x+10=-10,x=-2/3,UNLIKE_TERMS,combined,synthetic
4520,T05,11-(x+3)=2,11-x+3=2,NEGATIVE_DISTRIBUTION,direct,synthetic
4521,T02,2(x-1)=6,2x=7,PARTIAL_DISTRIBUTION,combined,synthetic
4522,T06,(x+9)^2=169,x^2+81=169,SQUARE_OF_SUM,direct,synthetic
4523,T05,10-(x+3)=0,-(x+3)=0+10,TRANSPOSITION,direct,synthetic
4524,T04,-(x+10)=-5,-11x=-5,UNLIKE_TERMS,direct,synthetic
4525,T07,(x-2)^2=9,x^2+4=9,SQUARE_OF_SUM,direct,synthetic
4526,T09,x-9=-9,x=-18,TRANSPOSITION,combined,synthetic
4527,T13,3(x+4)+5x=12,8x=0,NONE,combined,synthetic
4528,T09,x-3=-3,x=-5+3,ARITHMETIC_SLIP,direct,synthetic
4529,T06,(x+9)^2=81,x^2+81=81,SQUARE_OF_SUM,direct,synthetic
4530,T05,7-(x+4)=2,-(x+4)=2+7,TRANSPOSITION,direct,synthetic
4531,T07,(x-8)^2=25,x^2+64=25,SQUARE_OF_SUM,direct,synthetic
4532,T08,x+8=4,x=4-8,NONE,direct,synthetic
4533,T02,3(x-7)=9,3x-7=9,PARTIAL_DISTRIBUTION,direct,synthetic
4534,T12,(-9)(-9x)=-162,-81x=-162,NEG_TIMES_NEG,direct,synthetic
4535,T09,x-12=-12,x=-12-12,TRANSPOSITION,direct,synthetic
4536,T07,(x-12)^2=9,x^2+144=9,SQUARE_OF_SUM,direct,synthetic
4537,T10,9x+11=56,9x=56+11,TRANSPOSITION,direct,synthetic
4538,T02,4(x-2)=-24,4x-2=-24,PARTIAL_DISTRIBUTION,direct,synthetic
4539,T05,4-(x+3)=2,4-x+3=2,NEGATIVE_DISTRIBUTION,direct,synthetic
4540,T13,4(x+5)+x=70,4x+20+x=67,ARITHMETIC_SLIP,direct,synthetic
4541,T02,3(x-1)=0,3x-1=0,PARTIAL_DISTRIBUTION,direct,synthetic
4542,T09,x-8=-3,x=-11,TRANSPOSITION,combined,synthetic
4543,T10,7x+3=59,7x=59+3,TRANSPOSITION,direct,synthetic
4544,T12,(-4)(-4x)=96,x=6,NONE,combined,synthetic
4545,T12,(-5)(-9x)=-225,47x=-225,ARITHMETIC_SLIP,direct,synthetic
4546,T09,x-1=7,x=7-1,TRANSPOSITION,direct,synthetic
4547,T03,-9(x+7)=-153,7-9x=-153,PARTIAL_DISTRIBUTION,direct,synthetic
4548,T09,x-11=-2,x=-2+13,ARITHMETIC_SLIP,direct,synthetic
4549,T03,-8(x+7)=-48,7-8x=-48,PARTIAL_DISTRIBUTION,direct,synthetic
4550,T04,-(x+7)=-13,-8x=-13,UNLIKE_TERMS,direct,synthetic
4551,T12,(-7)(-2x)=84,x=6,NONE,combined,synthetic
4552,T10,8x+7=47,15x=47,UNLIKE_TERMS,direct,synthetic
4553,T09,x-4=-10,x=-10-4,TRANSPOSITION,direct,synthetic
4554,T10,4x+4=16,4x=20,TRANSPOSITION,combined,synthetic
4555,T07,(x-11)^2=121,x^2-22x+123=121,ARITHMETIC_SLIP,direct,synthetic
4556,T05,11-(x+1)=2,11-x+1=2,NEGATIVE_DISTRIBUTION,direct,synthetic
4557,T12,(-9)(-6x)=-108,54x=-108,NONE,direct,synthetic
4558,T05,4-(x+2)=-3,-(x+2)=-3+4,TRANSPOSITION,direct,synthetic
4559,T12,(-3)(-6x)=126,x=-7,NEG_TIMES_NEG,combined,synthetic
4560,T05,12-(x+2)=0,-x=14,TRANSPOSITION,combined,synthetic
4561,T10,9x+4=-14,x=-14/13,UNLIKE_TERMS,combined,synthetic
4562,T12,(-8)(-x)=-48,x=6,NEG_TIMES_NEG,combined,synthetic
4563,T01,8(x+2)=40,8x=38,PARTIAL_DISTRIBUTION,combined,synthetic
4564,T05,8-(x+8)=2,-x=-14,NEGATIVE_DISTRIBUTION,combined,synthetic
4565,T12,(-8)(-x)=-16,x=2,NEG_TIMES_NEG,combined,synthetic
4566,T05,5-(x+4)=-6,-x=-15,NEGATIVE_DISTRIBUTION,combined,synthetic
4567,T12,(-9)(-x)=81,x=9,NONE,combined,synthetic
4568,T01,6(x+8)=102,6x=94,PARTIAL_DISTRIBUTION,combined,synthetic
4569,T09,x-8=-10,x=-2,NONE,combined,synthetic
4570,T10,8x+11=43,19x=43,UNLIKE_TERMS,direct,synthetic
4571,T08,x+7=7,8x=7,UNLIKE_TERMS,direct,synthetic
4572,T04,-(x+6)=-7,-x+6=-7,NEGATIVE_DISTRIBUTION,direct,synthetic
4573,T12,(-4)(-5x)=20,x=23/20,ARITHMETIC_SLIP,combined,synthetic
4574,T06,(x+12)^2=289,x^2+144=289,SQUARE_OF_SUM,direct,synthetic
4575,T12,(-9)(-4x)=-180,x=5,NEG_TIMES_NEG,combined,synthetic
4576,T10,8x+7=55,8x=62,TRANSPOSITION,combined,synthetic
4577,T09,x-3=-6,-2x=-6,UNLIKE_TERMS,direct,synthetic
4578,T12,(-4)(-6x)=120,-24x=120,NEG_TIMES_NEG,direct,synthetic
4579,T05,10-(x+3)=11,-x=-2,NEGATIVE_DISTRIBUTION,combined,synthetic
4580,T12,(-4)(-4x)=-112,x=7,NEG_TIMES_NEG,combined,synthetic
4581,T02,8(x-7)=0,8x-56=0,NONE,direct,synthetic
4582,T05,11-(x+3)=1,-x=-13,NEGATIVE_DISTRIBUTION,combined,synthetic
4583,T08,x+12=20,x=32,TRANSPOSITION,combined,synthetic
4584,T12,(-2)(-x)=-14,-2x=-14,NEG_TIMES_NEG,direct,synthetic
4585,T10,7x+4=-24,x=-24/11,UNLIKE_TERMS,combined,synthetic
4586,T05,9-(x+8)=2,-(x+8)=2+9,TRANSPOSITION,direct,synthetic
4587,T04,-(x+2)=0,-3x=0,UNLIKE_TERMS,direct,synthetic
4588,T09,x-6=-3,x=-5+6,ARITHMETIC_SLIP,direct,synthetic
4589,T12,(-2)(-4x)=48,-8x=48,NEG_TIMES_NEG,direct,synthetic
4590,T05,3-(x+5)=-3,-x=-11,NEGATIVE_DISTRIBUTION,combined,synthetic
4591,T04,-(x+11)=-12,-x=-23,NEGATIVE_DISTRIBUTION,combined,synthetic
4592,T04,-(x+5)=-5,-6x=-5,UNLIKE_TERMS,direct,synthetic
4593,T09,x-10=-7,x=-7-10,TRANSPOSITION,direct,synthetic
4594,T04,-(x+6)=-13,x=13/7,UNLIKE_TERMS,combined,synthetic
4595,T10,7x+11=74,18x=74,UNLIKE_TERMS,direct,synthetic
4596,T12,(-2)(-3x)=-24,-6x=-24,NEG_TIMES_NEG,direct,synthetic
4597,T10,3x+6=27,x=3,UNLIKE_TERMS,combined,synthetic
4598,T10,8x+11=19,8x=19-11,NONE,direct,synthetic
4599,T09,x-1=4,x=4+1,NONE,direct,synthetic
4600,T01,5(x+2)=25,5x=15,NONE,combined,synthetic
4601,T03,-5(x+7)=-40,7-5x=-40,PARTIAL_DISTRIBUTION,direct,synthetic
4602,T12,(-4)(-6x)=-120,x=5,NEG_TIMES_NEG,combined,synthetic
4603,T03,-4(x+3)=-48,-6x=-36,ARITHMETIC_SLIP,combined,synthetic
4604,T08,x+5=14,6x=14,UNLIKE_TERMS,direct,synthetic
4605,T05,11-(x+1)=7,11-x+1=7,NEGATIVE_DISTRIBUTION,direct,synthetic
4606,T10,6x+8=68,14x=68,UNLIKE_TERMS,direct,synthetic
4607,T05,7-(x+7)=-1,7-x+7=-1,NEGATIVE_DISTRIBUTION,direct,synthetic
4608,T08,x+2=12,x=4,UNLIKE_TERMS,combined,synthetic
4609,T12,(-8)(-7x)=-280,56x=-280,NONE,direct,synthetic
4610,T03,-3(x+7)=-15,7-3x=-15,PARTIAL_DISTRIBUTION,direct,synthetic
4611,T08,x+2=-1,3x=-1,UNLIKE_TERMS,direct,synthetic
4612,T08,x+5=3,x=1,ARITHMETIC_SLIP,combined,synthetic
4613,T05,8-(x+2)=4,-x=-6,NEGATIVE_DISTRIBUTION,combined,synthetic
4614,T10,3x+4=-5,3x=-1,TRANSPOSITION,combined,synthetic
4615,T08,x+3=9,x=7,ARITHMETIC_SLIP,combined,synthetic
4616,T04,-(x+4)=-1,-5x=-1,UNLIKE_TERMS,direct,synthetic
4617,T12,(-7)(-9x)=-378,x=6,NEG_TIMES_NEG,combined,synthetic
4618,T12,(-5)(-3x)=45,x=-3,NEG_TIMES_NEG,combined,synthetic
4619,T12,(-9)(-x)=-18,x=-18/7,ARITHMETIC_SLIP,combined,synthetic
4620,T10,4x+5=37,4x=37+5,TRANSPOSITION,direct,synthetic
4621,T05,12-(x+3)=-1,-(x+3)=-1+12,TRANSPOSITION,direct,synthetic
4622,T13,5(x+6)+2x=86,7x+6=86,PARTIAL_DISTRIBUTION,direct,synthetic
4623,T13,4(x+4)+2x=4,6x=0,PARTIAL_DISTRIBUTION,combined,synthetic
4624,T09,x-4=-8,x=-4,NONE,combined,synthetic
4625,T12,(-6)(-8x)=-384,-48x=-384,NEG_TIMES_NEG,direct,synthetic
4626,T12,(-9)(-x)=9,-9x=9,NEG_TIMES_NEG,direct,synthetic
4627,T08,x+2=11,x=11-2,NONE,direct,synthetic
4628,T05,5-(x+8)=-7,5-x+8=-7,NEGATIVE_DISTRIBUTION,direct,synthetic
4629,T05,4-(x+2)=4,-x=-2,NEGATIVE_DISTRIBUTION,combined,synthetic
4630,T10,3x+5=8,3x=8+5,TRANSPOSITION,direct,synthetic
4631,T05,2-(x+1)=1,2-x+1=1,NEGATIVE_DISTRIBUTION,direct,synthetic
4632,T03,-2(x+2)=-14,-2x=-16,PARTIAL_DISTRIBUTION,combined,synthetic
4633,T05,6-(x+8)=3,-x=-11,NEGATIVE_DISTRIBUTION,combined,synthetic
4634,T09,x-9=-14,x=7/4,UNLIKE_TERMS,combined,synthetic
4635,T01,3(x+5)=36,4x+15=36,ARITHMETIC_SLIP,direct,synthetic
4636,T01,4(x+5)=0,4x+5=0,PARTIAL_DISTRIBUTION,direct,synthetic
4637,T10,6x+11=5,8x=-6,ARITHMETIC_SLIP,combined,synthetic
4638,T10,2x+9=19,11x=19,UNLIKE_TERMS,direct,synthetic
4639,T07,(x-12)^2=225,x^2+144=225,SQUARE_OF_SUM,direct,synthetic
4640,T10,3x+4=-5,3x=-5-4,NONE,direct,synthetic
4641,T06,(x+3)^2=1,x^2+9=1,SQUARE_OF_SUM,direct,synthetic
4642,T09,x-7=-12,x=-5,NONE,combined,synthetic
4643,T12,(-9)(-2x)=144,x=-8,NEG_TIMES_NEG,combined,synthetic
4644,T13,4(x+3)+x=57,5x=47,ARITHMETIC_SLIP,combined,synthetic
4645,T08,x+10=12,x=22,TRANSPOSITION,combined,synthetic
4646,T08,x+12=8,x=20,TRANSPOSITION,combined,synthetic
4647,T12,(-9)(-4x)=-144,-36x=-144,NEG_TIMES_NEG,direct,synthetic
4648,T10,4x+9=-3,4x=-3+9,TRANSPOSITION,direct,synthetic
4649,T05,3-(x+7)=-9,3-x+7=-9,NEGATIVE_DISTRIBUTION,direct,synthetic
4650,T08,x+3=4,x=7,TRANSPOSITION,combined,synthetic
4651,T10,5x+7=22,x=11/6,UNLIKE_TERMS,combined,synthetic
4652,T12,(-2)(-3x)=-48,6x=-48,NONE,direct,synthetic
4653,T04,-(x+10)=-18,-x+10=-18,NEGATIVE_DISTRIBUTION,direct,synthetic
4654,T02,9(x-6)=-18,9x-54=-18,NONE,direct,synthetic
4655,T13,5(x+3)+3x=71,8x=68,PARTIAL_DISTRIBUTION,combined,synthetic
4656,T01,2(x+7)=2,2x+7=2,PARTIAL_DISTRIBUTION,direct,synthetic
4657,T12,(-2)(-2x)=-28,x=7,NEG_TIMES_NEG,combined,synthetic
4658,T04,-(x+8)=-12,-x=-20,NEGATIVE_DISTRIBUTION,combined,synthetic
4659,T08,x+6=2,7x=2,UNLIKE_TERMS,direct,synthetic
4660,T10,9x+5=59,9x=54,NONE,combined,synthetic
4661,T09,x-3=1,x=1-3,TRANSPOSITION,direct,synthetic
4662,T12,(-6)(-3x)=90,-18x=90,NEG_TIMES_NEG,direct,synthetic
4663,T10,9x+5=-13,9x=-8,TRANSPOSITION,combined,synthetic
4664,T05,2-(x+7)=-7,-x=-2,NONE,combined,synthetic
4665,T12,(-6)(-x)=-6,-6x=-6,NEG_TIMES_NEG,direct,synthetic
4666,T12,(-9)(-x)=27,-9x=27,NEG_TIMES_NEG,direct,synthetic
4667,T12,(-8)(-7x)=-280,x=5,NEG_TIMES_NEG,combined,synthetic
4668,T08,x+8=9,x=9+8,TRANSPOSITION,direct,synthetic
4669,T10,2x+10=18,x=3/2,UNLIKE_TERMS,combined,synthetic
4670,T12,(-7)(-x)=-28,-7x=-28,NEG_TIMES_NEG,direct,synthetic
4671,T08,x+2=7,x=7+2,TRANSPOSITION,direct,synthetic
4672,T07,(x-2)^2=49,x^2-2x+4=49,ARITHMETIC_SLIP,direct,synthetic
4673,T12,(-2)(-x)=16,-2x=16,NEG_TIMES_NEG,direct,synthetic
4674,T06,(x+1)^2=9,x^2+1=9,SQUARE_OF_SUM,direct,synthetic
4675,T10,4x+4=-4,4x=0,TRANSPOSITION,combined,synthetic
4676,T12,(-5)(-2x)=-70,x=7,NEG_TIMES_NEG,combined,synthetic
4677,T08,x+3=-1,x=-1/4,UNLIKE_TERMS,combined,synthetic
4678,T03,-7(x+4)=-63,4-7x=-63,PARTIAL_DISTRIBUTION,direct,synthetic
4679,T10,5x+12=-13,x=-13/17,UNLIKE_TERMS,combined,synthetic
4680,T10,6x+11=29,6x=40,TRANSPOSITION,combined,synthetic
4681,T06,(x+7)^2=441,x^2+14x+49=441,NONE,direct,synthetic
4682,T03,-4(x+9)=-40,9-4x=-40,PARTIAL_DISTRIBUTION,direct,synthetic
4683,T05,7-(x+5)=4,7-x+5=4,NEGATIVE_DISTRIBUTION,direct,synthetic
4684,T03,-9(x+4)=-36,-9x=-40,PARTIAL_DISTRIBUTION,combined,synthetic
4685,T06,(x+1)^2=121,x^2+1=121,SQUARE_OF_SUM,direct,synthetic
4686,T06,(x+3)^2=0,x^2+9=0,SQUARE_OF_SUM,direct,synthetic
4687,T03,-3(x+7)=-15,-3x=-22,PARTIAL_DISTRIBUTION,combined,synthetic
4688,T06,(x+7)^2=144,x^2+14x+49=144,NONE,direct,synthetic
4689,T09,x-8=2,x=-2/7,UNLIKE_TERMS,combined,synthetic
4690,T05,12-(x+4)=6,12-x+4=6,NEGATIVE_DISTRIBUTION,direct,synthetic
4691,T05,8-(x+7)=-3,-x=12,TRANSPOSITION,combined,synthetic
4692,T05,10-(x+4)=2,-x=-12,NEGATIVE_DISTRIBUTION,combined,synthetic
4693,T02,3(x-5)=12,3x=17,PARTIAL_DISTRIBUTION,combined,synthetic
4694,T07,(x-8)^2=121,x^2+64=121,SQUARE_OF_SUM,direct,synthetic
4695,T06,(x+10)^2=49,x^2+100=49,SQUARE_OF_SUM,direct,synthetic
4696,T05,10-(x+5)=3,10-x+5=3,NEGATIVE_DISTRIBUTION,direct,synthetic
4697,T06,(x+6)^2=100,x^2+12x+36=100,NONE,direct,synthetic
4698,T12,(-8)(-2x)=16,15x=16,ARITHMETIC_SLIP,direct,synthetic
4699,T12,(-5)(-3x)=-75,x=-5,NONE,combined,synthetic
4700,T05,2-(x+3)=-1,-x=-6,NEGATIVE_DISTRIBUTION,combined,synthetic
4701,T09,x-1=-6,x=-6-1,TRANSPOSITION,direct,synthetic
4702,T04,-(x+8)=-14,x=14/9,UNLIKE_TERMS,combined,synthetic
4703,T08,x+2=5,x=2,ARITHMETIC_SLIP,combined,synthetic
4704,T01,4(x+9)=72,4x=63,PARTIAL_DISTRIBUTION,combined,synthetic
4705,T09,x-10=-15,-9x=-15,UNLIKE_TERMS,direct,synthetic
4706,T12,(-2)(-8x)=-144,x=9,NEG_TIMES_NEG,combined,synthetic
4707,T11,19=x+10,-x=-8,ARITHMETIC_SLIP,combined,synthetic
4708,T02,6(x-1)=-12,6x=-11,PARTIAL_DISTRIBUTION,combined,synthetic
4709,T01,7(x+6)=21,7x=-21,NONE,combined,synthetic
4710,T08,x+7=4,x=11,TRANSPOSITION,combined,synthetic
4711,T12,(-8)(-x)=-8,x=1,NEG_TIMES_NEG,combined,synthetic
4712,T01,5(x+8)=65,5x+38=65,ARITHMETIC_SLIP,direct,synthetic
4713,T12,(-6)(-7x)=-378,42x=-378,NONE,direct,synthetic
4714,T01,4(x+3)=48,4x+12=48,NONE,direct,synthetic
4715,T05,11-(x+5)=4,-x=-12,NEGATIVE_DISTRIBUTION,combined,synthetic
4716,T03,-4(x+6)=-60,-4x=-37,ARITHMETIC_SLIP,combined,synthetic
4717,T13,4(x+3)+4x=68,8x+3=68,PARTIAL_DISTRIBUTION,direct,synthetic
4718,T01,9(x+8)=36,9x+72=36,NONE,direct,synthetic
4719,T12,(-2)(-4x)=16,x=7/4,ARITHMETIC_SLIP,combined,synthetic
4720,T03,-4(x+3)=-48,-4x=-36,NONE,combined,synthetic
4721,T10,5x+1=11,5x=11+1,TRANSPOSITION,direct,synthetic
4722,T05,2-(x+2)=-5,-(x+2)=-5+2,TRANSPOSITION,direct,synthetic
4723,T11,2=x+1,2-4=x,ARITHMETIC_SLIP,direct,synthetic
4724,T03,-3(x+9)=-24,-3x=-33,PARTIAL_DISTRIBUTION,combined,synthetic
4725,T03,-5(x+5)=-25,-5x=-30,PARTIAL_DISTRIBUTION,combined,synthetic
4726,T12,(-7)(-x)=-28,x=-4,NONE,combined,synthetic
4727,T09,x-1=3,x=3-1,TRANSPOSITION,direct,synthetic
4728,T06,(x+12)^2=361,x^2+24x+144=360,ARITHMETIC_SLIP,direct,synthetic
4729,T05,2-(x+4)=-6,-x=0,TRANSPOSITION,combined,synthetic
4730,T13,5(x+5)+3x=65,8x+5=65,PARTIAL_DISTRIBUTION,direct,synthetic
4731,T03,-8(x+2)=-8,2-8x=-8,PARTIAL_DISTRIBUTION,direct,synthetic
4732,T12,(-6)(-8x)=-192,-48x=-192,NEG_TIMES_NEG,direct,synthetic
4733,T10,7x+10=73,17x=73,UNLIKE_TERMS,direct,synthetic
4734,T08,x+6=2,x=2+6,TRANSPOSITION,direct,synthetic
4735,T09,x-5=-8,x=-10+5,ARITHMETIC_SLIP,direct,synthetic
4736,T01,3(x+9)=21,3x=12,PARTIAL_DISTRIBUTION,combined,synthetic
4737,T01,4(x+7)=64,4x+7=64,PARTIAL_DISTRIBUTION,direct,synthetic
4738,T04,-(x+8)=-3,-x=5,NONE,combined,synthetic
4739,T03,-2(x+4)=-14,-2x=-6,NONE,combined,synthetic
4740,T09,x-9=-2,x=1/4,UNLIKE_TERMS,combined,synthetic
4741,T10,6x+6=-30,6x=-24,TRANSPOSITION,combined,synthetic
4742,T08,x+11=20,12x=20,UNLIKE_TERMS,direct,synthetic
4743,T03,-2(x+9)=-16,-2x=-25,PARTIAL_DISTRIBUTION,combined,synthetic
4744,T04,-(x+1)=2,-x=1,NEGATIVE_DISTRIBUTION,combined,synthetic
4745,T12,(-8)(-9x)=-504,x=7,NEG_TIMES_NEG,combined,synthetic
4746,T05,6-(x+7)=-7,6-x+7=-7,NEGATIVE_DISTRIBUTION,direct,synthetic
4747,T05,4-(x+4)=6,4-x+4=6,NEGATIVE_DISTRIBUTION,direct,synthetic
4748,T05,9-(x+6)=2,-x=-13,NEGATIVE_DISTRIBUTION,combined,synthetic
4749,T06,(x+10)^2=121,x^2+100=121,SQUARE_OF_SUM,direct,synthetic
4750,T04,-(x+4)=1,-x+4=1,NEGATIVE_DISTRIBUTION,direct,synthetic
4751,T02,8(x-6)=-32,8x=16,NONE,combined,synthetic
4752,T01,4(x+3)=48,4x+3=48,PARTIAL_DISTRIBUTION,direct,synthetic
4753,T10,9x+12=-24,9x=-12,TRANSPOSITION,combined,synthetic
4754,T09,x-5=0,x=0,UNLIKE_TERMS,combined,synthetic
4755,T03,-2(x+7)=-30,-2x=-37,PARTIAL_DISTRIBUTION,combined,synthetic
4756,T07,(x-7)^2=1,x^2+49=1,SQUARE_OF_SUM,direct,synthetic
4757,T04,-(x+6)=-2,x=2/7,UNLIKE_TERMS,combined,synthetic
4758,T04,-(x+7)=-14,x=7/4,UNLIKE_TERMS,combined,synthetic
4759,T03,-4(x+6)=-16,-4x-24=-16,NONE,direct,synthetic
4760,T01,5(x+3)=25,5x=22,PARTIAL_DISTRIBUTION,combined,synthetic
4761,T12,(-9)(-5x)=135,x=-3,NEG_TIMES_NEG,combined,synthetic
4762,T06,(x+6)^2=1,x^2+36=1,SQUARE_OF_SUM,direct,synthetic
4763,T05,11-(x+3)=2,-x=-12,NEGATIVE_DISTRIBUTION,combined,synthetic
4764,T12,(-4)(-2x)=-16,-8x=-16,NEG_TIMES_NEG,direct,synthetic
4765,T12,(-5)(-7x)=70,34x=70,ARITHMETIC_SLIP,direct,synthetic
4766,T09,x-4=-5,x=5/3,UNLIKE_TERMS,combined,synthetic
4767,T10,3x+3=-3,3x=0,TRANSPOSITION,combined,synthetic
4768,T08,x+9=8,x=2,ARITHMETIC_SLIP,combined,synthetic
4769,T05,4-(x+2)=-7,-(x+2)=-7+4,TRANSPOSITION,direct,synthetic
4770,T04,-(x+8)=-7,x=7/9,UNLIKE_TERMS,combined,synthetic
4771,T08,x+11=16,x=16-10,ARITHMETIC_SLIP,direct,synthetic
4772,T02,6(x-4)=-42,6x-24=-42,NONE,direct,synthetic
4773,T12,(-5)(-5x)=-100,-25x=-100,NEG_TIMES_NEG,direct,synthetic
4774,T13,2(x+6)+4x=36,6x=30,PARTIAL_DISTRIBUTION,combined,synthetic
4775,T12,(-2)(-6x)=-60,x=5,NEG_TIMES_NEG,combined,synthetic
4776,T08,x+5=1,6x=1,UNLIKE_TERMS,direct,synthetic
4777,T01,7(x+2)=21,7x+2=21,PARTIAL_DISTRIBUTION,direct,synthetic
4778,T12,(-2)(-5x)=60,-10x=60,NEG_TIMES_NEG,direct,synthetic
4779,T01,2(x+5)=20,2x=15,PARTIAL_DISTRIBUTION,combined,synthetic
4780,T04,-(x+4)=1,-x-4=1,NONE,direct,synthetic
4781,T01,7(x+8)=126,7x+8=126,PARTIAL_DISTRIBUTION,direct,synthetic
4782,T13,4(x+5)+x=65,5x+5=65,PARTIAL_DISTRIBUTION,direct,synthetic
4783,T09,x-1=-7,x=-7+2,ARITHMETIC_SLIP,direct,synthetic
4784,T08,x+2=0,x=-1,ARITHMETIC_SLIP,combined,synthetic
4785,T08,x+10=16,x=16/11,UNLIKE_TERMS,combined,synthetic
4786,T12,(-7)(-8x)=-168,56x=-165,ARITHMETIC_SLIP,direct,synthetic
4787,T12,(-6)(-7x)=-126,x=3,NEG_TIMES_NEG,combined,synthetic
4788,T12,(-9)(-6x)=-324,x=-325/54,ARITHMETIC_SLIP,combined,synthetic
4789,T05,10-(x+4)=2,-x=16,TRANSPOSITION,combined,synthetic
4790,T06,(x+3)^2=169,x^2+9=169,SQUARE_OF_SUM,direct,synthetic
4791,T08,x+4=9,x=13,TRANSPOSITION,combined,synthetic
4792,T10,4x+7=11,4x=11-7,NONE,direct,synthetic
4793,T05,12-(x+6)=6,-x=-12,NEGATIVE_DISTRIBUTION,combined,synthetic
4794,T01,6(x+9)=18,6x=9,PARTIAL_DISTRIBUTION,combined,synthetic
4795,T04,-(x+1)=0,-x=-1,NEGATIVE_DISTRIBUTION,combined,synthetic
4796,T03,-4(x+7)=-44,-4x=-16,NONE,combined,synthetic
4797,T05,6-(x+5)=3,-x=14,TRANSPOSITION,combined,synthetic
4798,T01,2(x+3)=2,2x=-5,ARITHMETIC_SLIP,combined,synthetic
4799,T03,-8(x+9)=-32,-8x=-41,PARTIAL_DISTRIBUTION,combined,synthetic
4800,T01,4(x+6)=20,4x=14,PARTIAL_DISTRIBUTION,combined,synthetic
4801,T09,x-5=-4,x=-9,TRANSPOSITION,combined,synthetic
4802,T08,x+11=15,x=5/4,UNLIKE_TERMS,combined,synthetic
4803,T01,3(x+9)=30,3x+9=30,PARTIAL_DISTRIBUTION,direct,synthetic
4804,T02,8(x-5)=-80,8x=-75,PARTIAL_DISTRIBUTION,combined,synthetic
4805,T12,(-7)(-7x)=-294,-49x=-294,NEG_TIMES_NEG,direct,synthetic
4806,T12,(-4)(-x)=12,x=13/4,ARITHMETIC_SLIP,combined,synthetic
4807,T12,(-9)(-7x)=-126,-63x=-126,NEG_TIMES_NEG,direct,synthetic
4808,T05,11-(x+5)=3,11-x+5=3,NEGATIVE_DISTRIBUTION,direct,synthetic
4809,T09,x-4=-8,x=-12,TRANSPOSITION,combined,synthetic
4810,T05,12-(x+4)=11,-x=3,NONE,combined,synthetic
4811,T12,(-5)(-3x)=135,-15x=135,NEG_TIMES_NEG,direct,synthetic
4812,T11,8=x+3,-x=-5,NONE,combined,synthetic
4813,T05,7-(x+1)=2,7-x+1=2,NEGATIVE_DISTRIBUTION,direct,synthetic
4814,T05,11-(x+1)=2,-x=-8,NONE,combined,synthetic
4815,T02,8(x-2)=-40,8x=-38,PARTIAL_DISTRIBUTION,combined,synthetic
4816,T11,13=x+9,16-9=x,ARITHMETIC_SLIP,direct,synthetic
4817,T02,2(x-6)=-6,2x-6=-6,PARTIAL_DISTRIBUTION,direct,synthetic
4818,T12,(-8)(-9x)=-360,73x=-360,ARITHMETIC_SLIP,direct,synthetic
4819,T02,7(x-2)=14,9x-14=14,ARITHMETIC_SLIP,direct,synthetic
4820,T13,5(x+4)+4x=83,6x+20+4x=83,ARITHMETIC_SLIP,direct,synthetic
4821,T09,x-10=0,x=0-10,TRANSPOSITION,direct,synthetic
4822,T04,-(x+2)=-9,-x=-11,NEGATIVE_DISTRIBUTION,combined,synthetic
4823,T10,9x+12=48,x=16/7,UNLIKE_TERMS,combined,synthetic
4824,T05,12-(x+5)=7,10-x-5=7,ARITHMETIC_SLIP,direct,synthetic
4825,T12,(-9)(-7x)=504,x=8,NONE,combined,synthetic
4826,T09,x-1=5,x=5-1,TRANSPOSITION,direct,synthetic
4827,T02,3(x-6)=-24,3x=-3,ARITHMETIC_SLIP,combined,synthetic
4828,T09,x-1=-4,x=-5,TRANSPOSITION,combined,synthetic
4829,T07,(x-12)^2=25,x^2+144=25,SQUARE_OF_SUM,direct,synthetic
4830,T08,x+1=10,2x=10,UNLIKE_TERMS,direct,synthetic
4831,T05,2-(x+3)=2,-(x+3)=2+2,TRANSPOSITION,direct,synthetic
4832,T12,(-9)(-3x)=27,x=-1,NEG_TIMES_NEG,combined,synthetic
4833,T01,9(x+8)=36,9x=28,PARTIAL_DISTRIBUTION,combined,synthetic
4834,T12,(-7)(-x)=-63,x=9,NEG_TIMES_NEG,combined,synthetic
4835,T12,(-5)(-x)=-40,5x=-40,NONE,direct,synthetic
4836,T02,7(x-2)=28,7x=30,PARTIAL_DISTRIBUTION,combined,synthetic
4837,T08,x+2=7,3x=7,UNLIKE_TERMS,direct,synthetic
4838,T12,(-3)(-6x)=-108,-18x=-108,NEG_TIMES_NEG,direct,synthetic
4839,T03,-9(x+4)=-108,4-9x=-108,PARTIAL_DISTRIBUTION,direct,synthetic
4840,T12,(-5)(-x)=15,x=-3,NEG_TIMES_NEG,combined,synthetic
4841,T10,8x+3=75,x=75/11,UNLIKE_TERMS,combined,synthetic
4842,T13,5(x+4)+2x=-22,5x+20+2x=-22,NONE,direct,synthetic
4843,T12,(-4)(-5x)=-140,-20x=-140,NEG_TIMES_NEG,direct,synthetic
4844,T05,12-(x+4)=4,-x=-12,NEGATIVE_DISTRIBUTION,combined,synthetic
4845,T08,x+4=7,x=7/5,UNLIKE_TERMS,combined,synthetic
4846,T09,x-1=3,0=3,UNLIKE_TERMS,direct,synthetic
4847,T05,11-(x+7)=8,-(x+7)=8+11,TRANSPOSITION,direct,synthetic
4848,T12,(-6)(-4x)=-120,x=-5,NONE,combined,synthetic
4849,T01,7(x+2)=7,7x=-8,ARITHMETIC_SLIP,combined,synthetic
4850,T04,-(x+12)=-22,-13x=-22,UNLIKE_TERMS,direct,synthetic
4851,T01,9(x+4)=18,9x+4=18,PARTIAL_DISTRIBUTION,direct,synthetic
4852,T12,(-6)(-2x)=108,12x=108,NONE,direct,synthetic
4853,T02,6(x-1)=24,6x=30,NONE,combined,synthetic
4854,T13,5(x+5)+5x=45,10x+5=45,PARTIAL_DISTRIBUTION,direct,synthetic
4855,T12,(-3)(-9x)=-243,x=-9,NONE,combined,synthetic
4856,T12,(-6)(-x)=-6,x=1,NEG_TIMES_NEG,combined,synthetic
4857,T04,-(x+4)=-13,-x+4=-13,NEGATIVE_DISTRIBUTION,direct,synthetic
4858,T10,8x+2=26,8x=26+2,TRANSPOSITION,direct,synthetic
4859,T01,6(x+6)=42,6x+36=42,NONE,direct,synthetic
4860,T10,3x+4=-5,x=-5/7,UNLIKE_TERMS,combined,synthetic
4861,T12,(-9)(-x)=-72,x=8,NEG_TIMES_NEG,combined,synthetic
4862,T04,-(x+3)=-11,-x=-14,NEGATIVE_DISTRIBUTION,combined,synthetic
4863,T09,x-12=-11,x=-11-12,TRANSPOSITION,direct,synthetic
4864,T09,x-11=-2,x=1/5,UNLIKE_TERMS,combined,synthetic
4865,T12,(-7)(-8x)=-504,x=9,NEG_TIMES_NEG,combined,synthetic
4866,T09,x-7=-7,x=-7+7,NONE,direct,synthetic
4867,T12,(-7)(-7x)=441,x=-9,NEG_TIMES_NEG,combined,synthetic
4868,T12,(-9)(-7x)=567,-63x=567,NEG_TIMES_NEG,direct,synthetic
4869,T10,6x+4=-8,6x=-4,TRANSPOSITION,combined,synthetic
4870,T01,8(x+3)=88,8x=85,PARTIAL_DISTRIBUTION,combined,synthetic
4871,T09,x-3=0,-2x=0,UNLIKE_TERMS,direct,synthetic
4872,T12,(-8)(-3x)=192,x=96/11,ARITHMETIC_SLIP,combined,synthetic
4873,T12,(-3)(-5x)=15,15x=13,ARITHMETIC_SLIP,direct,synthetic
4874,T10,5x+12=42,17x=42,UNLIKE_TERMS,direct,synthetic
4875,T05,7-(x+7)=-1,-x=-15,NEGATIVE_DISTRIBUTION,combined,synthetic
4876,T08,x+12=21,x=33,TRANSPOSITION,combined,synthetic
4877,T09,x-9=-11,-8x=-11,UNLIKE_TERMS,direct,synthetic
4878,T02,3(x-8)=0,3x=8,PARTIAL_DISTRIBUTION,combined,synthetic
4879,T12,(-2)(-x)=16,x=-8,NEG_TIMES_NEG,combined,synthetic
4880,T05,6-(x+2)=1,6-x+2=1,NEGATIVE_DISTRIBUTION,direct,synthetic
4881,T13,6(x+5)+3x=93,6x+30+3x=93,NONE,direct,synthetic
4882,T03,-2(x+2)=-14,-2x=-10,NONE,combined,synthetic
4883,T05,9-(x+8)=7,-x=24,TRANSPOSITION,combined,synthetic
4884,T07,(x-6)^2=36,x^2+36=36,SQUARE_OF_SUM,direct,synthetic
4885,T10,6x+11=65,6x=65+11,TRANSPOSITION,direct,synthetic
4886,T03,-7(x+6)=-77,-7x-42=-77,NONE,direct,synthetic
4887,T12,(-8)(-x)=40,11x=40,ARITHMETIC_SLIP,direct,synthetic
4888,T06,(x+2)^2=36,x^2+4=36,SQUARE_OF_SUM,direct,synthetic
4889,T12,(-6)(-7x)=-336,x=-84/11,ARITHMETIC_SLIP,combined,synthetic
4890,T05,5-(x+8)=-8,5-x-8=-8,NONE,direct,synthetic
4891,T05,11-(x+5)=-4,-(x+5)=-4+11,TRANSPOSITION,direct,synthetic
4892,T12,(-5)(-4x)=-180,-20x=-180,NEG_TIMES_NEG,direct,synthetic
4893,T12,(-2)(-9x)=108,x=-6,NEG_TIMES_NEG,combined,synthetic
4894,T09,x-1=5,0=5,UNLIKE_TERMS,direct,synthetic
4895,T02,4(x-6)=-4,4x-24=-4,NONE,direct,synthetic
4896,T04,-(x+6)=-5,x=5/7,UNLIKE_TERMS,combined,synthetic
4897,T10,6x+6=-30,6x=-30+6,TRANSPOSITION,direct,synthetic
4898,T08,x+1=-4,x=-5,NONE,combined,synthetic
4899,T08,x+8=15,x=5/3,UNLIKE_TERMS,combined,synthetic
4900,T04,-(x+4)=-9,-x+4=-9,NEGATIVE_DISTRIBUTION,direct,synthetic
4901,T10,4x+1=-11,4x=-11-1,NONE,direct,synthetic
4902,T06,(x+8)^2=196,x^2+16x+66=196,ARITHMETIC_SLIP,direct,synthetic
4903,T05,10-(x+9)=-8,-x=-27,NEGATIVE_DISTRIBUTION,combined,synthetic
4904,T10,4x+2=-6,4x=-9,ARITHMETIC_SLIP,combined,synthetic
4905,T12,(-4)(-4x)=-64,x=-64/17,ARITHMETIC_SLIP,combined,synthetic
4906,T04,-(x+5)=-1,-x=-6,NEGATIVE_DISTRIBUTION,combined,synthetic
4907,T12,(-8)(-7x)=168,-56x=168,NEG_TIMES_NEG,direct,synthetic
4908,T05,4-(x+3)=2,-x=-5,NEGATIVE_DISTRIBUTION,combined,synthetic
4909,T12,(-5)(-6x)=180,-30x=180,NEG_TIMES_NEG,direct,synthetic
4910,T09,x-11=-4,x=-15,TRANSPOSITION,combined,synthetic
4911,T05,2-(x+1)=4,2-x+1=4,NEGATIVE_DISTRIBUTION,direct,synthetic
4912,T06,(x+8)^2=361,x^2+64=361,SQUARE_OF_SUM,direct,synthetic
4913,T10,9x+3=75,12x=75,UNLIKE_TERMS,direct,synthetic
4914,T07,(x-8)^2=9,x^2+64=9,SQUARE_OF_SUM,direct,synthetic
4915,T12,(-7)(-x)=-7,-7x=-7,NEG_TIMES_NEG,direct,synthetic
4916,T10,2x+3=7,2x=10,TRANSPOSITION,combined,synthetic
4917,T01,2(x+5)=30,2x+5=30,PARTIAL_DISTRIBUTION,direct,synthetic
4918,T12,(-8)(-5x)=120,x=-3,NEG_TIMES_NEG,combined,synthetic
4919,T06,(x+12)^2=225,x^2+144=225,SQUARE_OF_SUM,direct,synthetic
4920,T04,-(x+6)=-15,x=15/7,UNLIKE_TERMS,combined,synthetic
4921,T03,-8(x+7)=-24,-8x=-31,PARTIAL_DISTRIBUTION,combined,synthetic
4922,T10,9x+5=77,x=11/2,UNLIKE_TERMS,combined,synthetic
4923,T05,2-(x+1)=4,-(x+1)=4+2,TRANSPOSITION,direct,synthetic
4924,T06,(x+8)^2=289,x^2+64=289,SQUARE_OF_SUM,direct,synthetic
4925,T10,9x+3=30,9x=33,TRANSPOSITION,combined,synthetic
4926,T03,-2(x+1)=-16,1-2x=-16,PARTIAL_DISTRIBUTION,direct,synthetic
4927,T06,(x+11)^2=169,x^2+121=169,SQUARE_OF_SUM,direct,synthetic
4928,T04,-(x+9)=-10,-x+9=-10,NEGATIVE_DISTRIBUTION,direct,synthetic
4929,T04,-(x+1)=-11,-x=-12,NEGATIVE_DISTRIBUTION,combined,synthetic
4930,T09,x-5=1,x=-1/4,UNLIKE_TERMS,combined,synthetic
4931,T08,x+2=0,3x=0,UNLIKE_TERMS,direct,synthetic
4932,T02,6(x-6)=-54,6x=-48,PARTIAL_DISTRIBUTION,combined,synthetic
4933,T04,-(x+10)=-5,x=5/11,UNLIKE_TERMS,combined,synthetic
4934,T08,x+11=16,x=16+11,TRANSPOSITION,direct,synthetic
4935,T03,-7(x+2)=7,-9x=21,ARITHMETIC_SLIP,combined,synthetic
4936,T12,(-3)(-7x)=168,-21x=168,NEG_TIMES_NEG,direct,synthetic
4937,T08,x+6=9,x=0,ARITHMETIC_SLIP,combined,synthetic
4938,T09,x-8=-6,x=6/7,UNLIKE_TERMS,combined,synthetic
4939,T10,6x+8=68,6x=66-8,ARITHMETIC_SLIP,direct,synthetic
4940,T01,5(x+7)=65,5x=58,PARTIAL_DISTRIBUTION,combined,synthetic
4941,T03,-5(x+4)=5,-5x-20=5,NONE,direct,synthetic
4942,T09,x-6=-6,x=6/5,UNLIKE_TERMS,combined,synthetic
4943,T05,4-(x+3)=-3,-x=4,TRANSPOSITION,combined,synthetic
4944,T10,7x+5=-23,4x=-23-5,ARITHMETIC_SLIP,direct,synthetic
4945,T10,4x+6=30,x=3,UNLIKE_TERMS,combined,synthetic
4946,T10,9x+7=43,9x=43+7,TRANSPOSITION,direct,synthetic
4947,T02,7(x-9)=-28,7x-9=-28,PARTIAL_DISTRIBUTION,direct,synthetic
4948,T12,(-3)(-9x)=-162,-27x=-162,NEG_TIMES_NEG,direct,synthetic
4949,T07,(x-4)^2=36,x^2+16=36,SQUARE_OF_SUM,direct,synthetic
4950,T10,3x+7=-8,x=-4/5,UNLIKE_TERMS,combined,synthetic
4951,T12,(-9)(-x)=63,9x=64,ARITHMETIC_SLIP,direct,synthetic
4952,T12,(-6)(-3x)=-90,-18x=-90,NEG_TIMES_NEG,direct,synthetic
4953,T12,(-3)(-3x)=-45,x=-16/3,ARITHMETIC_SLIP,combined,synthetic
4954,T05,5-(x+9)=-10,5-x-8=-10,ARITHMETIC_SLIP,direct,synthetic
4955,T05,12-(x+8)=0,-x=-4,NONE,combined,synthetic
4956,T05,12-(x+3)=15,-(x+3)=15+12,TRANSPOSITION,direct,synthetic
4957,T12,(-4)(-2x)=24,x=24/11,ARITHMETIC_SLIP,combined,synthetic
4958,T12,(-9)(-x)=-63,x=7,NEG_TIMES_NEG,combined,synthetic
4959,T12,(-3)(-7x)=126,21x=126,NONE,direct,synthetic
4960,T12,(-3)(-6x)=126,x=7,NONE,combined,synthetic
4961,T10,4x+10=2,4x=2+10,TRANSPOSITION,direct,synthetic
4962,T02,9(x-4)=-27,9x-36=-27,NONE,direct,synthetic
4963,T03,-6(x+8)=-102,-6x-48=-102,NONE,direct,synthetic
4964,T01,4(x+8)=32,4x=24,PARTIAL_DISTRIBUTION,combined,synthetic
4965,T06,(x+1)^2=256,x^2+1=256,SQUARE_OF_SUM,direct,synthetic
4966,T08,x+10=8,x=8+10,TRANSPOSITION,direct,synthetic
4967,T04,-(x+4)=-8,-x=-12,NEGATIVE_DISTRIBUTION,combined,synthetic
4968,T10,8x+3=-29,x=-29/11,UNLIKE_TERMS,combined,synthetic
4969,T12,(-4)(-x)=16,x=4,NONE,combined,synthetic
4970,T04,-(x+2)=-1,-x+2=-1,NEGATIVE_DISTRIBUTION,direct,synthetic
4971,T12,(-5)(-2x)=-80,x=8,NEG_TIMES_NEG,combined,synthetic
4972,T10,6x+12=54,18x=54,UNLIKE_TERMS,direct,synthetic
4973,T12,(-2)(-7x)=126,x=126/11,ARITHMETIC_SLIP,combined,synthetic
4974,T08,x+4=1,x=1+4,TRANSPOSITION,direct,synthetic
4975,T12,(-5)(-x)=-40,-5x=-40,NEG_TIMES_NEG,direct,synthetic
4976,T01,5(x+4)=50,5x+20=50,NONE,direct,synthetic
4977,T07,(x-3)^2=4,x^2-6x+9=7,ARITHMETIC_SLIP,direct,synthetic
4978,T05,6-(x+5)=-7,6-x+5=-7,NEGATIVE_DISTRIBUTION,direct,synthetic
4979,T08,x+7=11,x=7,ARITHMETIC_SLIP,combined,synthetic
4980,T02,6(x-8)=0,6x-8=0,PARTIAL_DISTRIBUTION,direct,synthetic
4981,T04,-(x+7)=-10,-8x=-10,UNLIKE_TERMS,direct,synthetic
4982,T05,9-(x+8)=7,9-x-8=7,NONE,direct,synthetic
4983,T02,4(x-6)=-4,4x=2,PARTIAL_DISTRIBUTION,combined,synthetic
4984,T08,x+7=11,x=11-10,ARITHMETIC_SLIP,direct,synthetic
4985,T02,6(x-3)=0,6x-3=0,PARTIAL_DISTRIBUTION,direct,synthetic
4986,T09,x-12=-5,-11x=-5,UNLIKE_TERMS,direct,synthetic
4987,T09,x-9=1,x=9,ARITHMETIC_SLIP,combined,synthetic
4988,T12,(-4)(-7x)=-56,x=-2,NONE,combined,synthetic
4989,T03,-3(x+4)=-9,4-3x=-9,PARTIAL_DISTRIBUTION,direct,synthetic
4990,T08,x+9=8,x=0,ARITHMETIC_SLIP,combined,synthetic
4991,T12,(-7)(-6x)=210,x=-5,NEG_TIMES_NEG,combined,synthetic
4992,T02,9(x-8)=18,9x-8=18,PARTIAL_DISTRIBUTION,direct,synthetic
4993,T02,9(x-8)=-126,9x-8=-126,PARTIAL_DISTRIBUTION,direct,synthetic
4994,T05,12-(x+4)=11,12-x+4=11,NEGATIVE_DISTRIBUTION,direct,synthetic
4995,T12,(-8)(-3x)=144,x=-6,NEG_TIMES_NEG,combined,synthetic
4996,T02,7(x-4)=-28,7x-4=-28,PARTIAL_DISTRIBUTION,direct,synthetic
4997,T13,2(x+5)+x=10,3x+5=10,PARTIAL_DISTRIBUTION,direct,synthetic
4998,T12,(-8)(-4x)=96,x=-3,NEG_TIMES_NEG,combined,synthetic
4999,T12,(-9)(-5x)=-360,48x=-360,ARITHMETIC_SLIP,direct,synthetic
5000,T09,x-10=-7,-9x=-7,UNLIKE_TERMS,direct,synthetic
5001,T01,5(x+7)=80,5x=73,PARTIAL_DISTRIBUTION,combined,synthetic
5002,T09,x-9=-1,x=1/8,UNLIKE_TERMS,combined,synthetic
5003,T12,(-3)(-x)=21,3x=21,NONE,direct,synthetic
5004,T05,12-(x+5)=7,-(x+5)=7+12,TRANSPOSITION,direct,synthetic
5005,T12,(-9)(-9x)=324,x=-4,NEG_TIMES_NEG,combined,synthetic
5006,T12,(-4)(-2x)=40,x=5,NONE,combined,synthetic
5007,T04,-(x+8)=-3,-x=7,ARITHMETIC_SLIP,combined,synthetic
5008,T08,x+11=19,x=19-11,NONE,direct,synthetic
5009,T09,x-2=-6,x=6,UNLIKE_TERMS,combined,synthetic
5010,T11,8=x+7,8-7=x,NONE,direct,synthetic
5011,T08,x+4=13,x=13-6,ARITHMETIC_SLIP,direct,synthetic
5012,T12,(-9)(-x)=54,-9x=54,NEG_TIMES_NEG,direct,synthetic
5013,T09,x-5=-8,x=2,UNLIKE_TERMS,combined,synthetic
5014,T03,-9(x+9)=-81,9-9x=-81,PARTIAL_DISTRIBUTION,direct,synthetic
5015,T13,6(x+2)+2x=76,8x=74,PARTIAL_DISTRIBUTION,combined,synthetic
5016,T10,3x+9=9,3x=0,NONE,combined,synthetic
5017,T12,(-5)(-4x)=-140,x=-7,NONE,combined,synthetic
5018,T12,(-6)(-6x)=180,x=-5,NEG_TIMES_NEG,combined,synthetic
5019,T11,-1=x+2,-1-2=x,NONE,direct,synthetic
5020,T12,(-6)(-5x)=120,-30x=120,NEG_TIMES_NEG,direct,synthetic
5021,T12,(-2)(-2x)=-16,4x=-16,NONE,direct,synthetic
5022,T08,x+12=15,x=15+12,TRANSPOSITION,direct,synthetic
5023,T04,-(x+9)=-14,-x=-23,NEGATIVE_DISTRIBUTION,combined,synthetic
5024,T12,(-8)(-x)=-48,-8x=-48,NEG_TIMES_NEG,direct,synthetic
5025,T07,(x-7)^2=9,x^2+49=9,SQUARE_OF_SUM,direct,synthetic
5026,T03,-9(x+8)=-99,-9x=-107,PARTIAL_DISTRIBUTION,combined,synthetic
5027,T12,(-6)(-6x)=36,x=35/36,ARITHMETIC_SLIP,combined,synthetic
5028,T12,(-6)(-2x)=-60,12x=-60,NONE,direct,synthetic
5029,T12,(-2)(-7x)=126,14x=126,NONE,direct,synthetic
5030,T10,4x+9=13,4x=13+9,TRANSPOSITION,direct,synthetic
5031,T10,9x+12=93,9x=93-12,NONE,direct,synthetic
5032,T12,(-2)(-2x)=-32,4x=-29,ARITHMETIC_SLIP,direct,synthetic
5033,T10,2x+2=12,2x=10,NONE,combined,synthetic
5034,T12,(-6)(-3x)=90,x=-5,NEG_TIMES_NEG,combined,synthetic
5035,T13,4(x+4)+5x=97,9x=93,PARTIAL_DISTRIBUTION,combined,synthetic
5036,T09,x-3=7,x=7-3,TRANSPOSITION,direct,synthetic
5037,T05,4-(x+4)=6,-x=-2,NEGATIVE_DISTRIBUTION,combined,synthetic
5038,T12,(-8)(-x)=-16,-8x=-16,NEG_TIMES_NEG,direct,synthetic
5039,T10,6x+11=-13,6x=-2,TRANSPOSITION,combined,synthetic
5040,T12,(-6)(-x)=36,x=6,NONE,combined,synthetic
5041,T13,3(x+1)+4x=-11,3x+6+4x=-11,ARITHMETIC_SLIP,direct,synthetic
5042,T06,(x+10)^2=576,x^2+18x+100=576,ARITHMETIC_SLIP,direct,synthetic
5043,T12,(-5)(-7x)=-210,-35x=-210,NEG_TIMES_NEG,direct,synthetic
5044,T12,(-8)(-7x)=-224,55x=-224,ARITHMETIC_SLIP,direct,synthetic
5045,T03,-7(x+5)=-35,5-7x=-35,PARTIAL_DISTRIBUTION,direct,synthetic
5046,T02,4(x-7)=-40,4x=-12,NONE,combined,synthetic
5047,T04,-(x+1)=-3,x=3/2,UNLIKE_TERMS,combined,synthetic
5048,T09,x-12=-4,x=-4-12,TRANSPOSITION,direct,synthetic
5049,T10,5x+7=22,5x=22-7,NONE,direct,synthetic
5050,T12,(-5)(-5x)=125,-25x=125,NEG_TIMES_NEG,direct,synthetic
5051,T10,6x+8=-16,6x=-8,TRANSPOSITION,combined,synthetic
5052,T03,-2(x+8)=-16,8-2x=-16,PARTIAL_DISTRIBUTION,direct,synthetic
5053,T12,(-3)(-6x)=72,x=-4,NEG_TIMES_NEG,combined,synthetic
5054,T05,10-(x+2)=14,-(x+2)=14+10,TRANSPOSITION,direct,synthetic
5055,T10,9x+3=75,9x=78,TRANSPOSITION,combined,synthetic
5056,T03,-2(x+2)=-20,-2x=-22,PARTIAL_DISTRIBUTION,combined,synthetic
5057,T06,(x+11)^2=625,x^2+121=625,SQUARE_OF_SUM,direct,synthetic
5058,T13,2(x+2)+4x=-2,6x+2=-2,PARTIAL_DISTRIBUTION,direct,synthetic
5059,T08,x+2=-4,x=-4/3,UNLIKE_TERMS,combined,synthetic
5060,T10,2x+3=21,2x=24,TRANSPOSITION,combined,synthetic
5061,T07,(x-4)^2=121,x^2+16=121,SQUARE_OF_SUM,direct,synthetic
5062,T02,8(x-1)=16,8x=24,NONE,combined,synthetic
5063,T01,4(x+9)=72,4x+9=72,PARTIAL_DISTRIBUTION,direct,synthetic
5064,T04,-(x+2)=0,-x=-2,NEGATIVE_DISTRIBUTION,combined,synthetic
5065,T04,-(x+9)=-3,-x-9=-3,NONE,direct,synthetic
5066,T12,(-4)(-x)=36,-4x=36,NEG_TIMES_NEG,direct,synthetic
5067,T12,(-3)(-5x)=75,x=-5,NEG_TIMES_NEG,combined,synthetic
5068,T03,-5(x+5)=0,-5x-25=0,NONE,direct,synthetic
5069,T12,(-4)(-6x)=168,-24x=168,NEG_TIMES_NEG,direct,synthetic
5070,T09,x-12=-8,x=-8-12,TRANSPOSITION,direct,synthetic
5071,T09,x-4=-10,x=-10+7,ARITHMETIC_SLIP,direct,synthetic
5072,T12,(-2)(-3x)=54,6x=51,ARITHMETIC_SLIP,direct,synthetic
5073,T12,(-2)(-3x)=48,x=8,NONE,combined,synthetic
5074,T10,8x+7=55,15x=55,UNLIKE_TERMS,direct,synthetic
5075,T06,(x+10)^2=36,x^2+20x+97=36,ARITHMETIC_SLIP,direct,synthetic
5076,T12,(-6)(-3x)=-18,-18x=-18,NEG_TIMES_NEG,direct,synthetic
5077,T12,(-7)(-7x)=-49,-49x=-49,NEG_TIMES_NEG,direct,synthetic
5078,T08,x+4=-2,x=-2/5,UNLIKE_TERMS,combined,synthetic
5079,T12,(-5)(-5x)=75,x=3,NONE,combined,synthetic
5080,T09,x-1=9,x=9+1,NONE,direct,synthetic
5081,T02,6(x-2)=0,6x=2,PARTIAL_DISTRIBUTION,combined,synthetic
5082,T11,10=x+4,-x=-4,ARITHMETIC_SLIP,combined,synthetic
5083,T05,10-(x+4)=7,10-x+4=7,NEGATIVE_DISTRIBUTION,direct,synthetic
5084,T09,x-7=-13,x=-13-7,TRANSPOSITION,direct,synthetic
5085,T02,8(x-3)=40,8x-3=40,PARTIAL_DISTRIBUTION,direct,synthetic
5086,T12,(-8)(-3x)=120,x=-5,NEG_TIMES_NEG,combined,synthetic
5087,T02,6(x-8)=-42,6x-8=-42,PARTIAL_DISTRIBUTION,direct,synthetic
5088,T01,5(x+1)=-15,5x+1=-15,PARTIAL_DISTRIBUTION,direct,synthetic
5089,T02,6(x-8)=-30,6x=-22,PARTIAL_DISTRIBUTION,combined,synthetic
5090,T12,(-9)(-3x)=-54,x=2,NEG_TIMES_NEG,combined,synthetic
5091,T01,9(x+9)=63,9x=54,PARTIAL_DISTRIBUTION,combined,synthetic
5092,T05,7-(x+5)=4,-x=2,NONE,combined,synthetic
5093,T12,(-3)(-6x)=-72,18x=-72,NONE,direct,synthetic
5094,T05,6-(x+7)=-5,-x=8,TRANSPOSITION,combined,synthetic
5095,T12,(-2)(-8x)=-80,x=-83/16,ARITHMETIC_SLIP,combined,synthetic
5096,T08,x+2=-1,x=-1+2,TRANSPOSITION,direct,synthetic
5097,T03,-7(x+7)=-63,-7x=-15,ARITHMETIC_SLIP,combined,synthetic
5098,T13,4(x+6)+x=4,5x=-2,PARTIAL_DISTRIBUTION,combined,synthetic
5099,T03,-4(x+7)=-44,7-4x=-44,PARTIAL_DISTRIBUTION,direct,synthetic
5100,T12,(-8)(-7x)=-224,x=4,NEG_TIMES_NEG,combined,synthetic
5101,T12,(-7)(-2x)=-98,x=7,NEG_TIMES_NEG,combined,synthetic
5102,T12,(-9)(-9x)=405,-81x=405,NEG_TIMES_NEG,direct,synthetic
5103,T08,x+10=17,x=17+10,TRANSPOSITION,direct,synthetic
5104,T12,(-2)(-6x)=-72,x=6,NEG_TIMES_NEG,combined,synthetic
5105,T12,(-7)(-8x)=-504,-56x=-504,NEG_TIMES_NEG,direct,synthetic
5106,T12,(-8)(-3x)=96,x=-4,NEG_TIMES_NEG,combined,synthetic
5107,T05,6-(x+9)=1,-(x+9)=1+6,TRANSPOSITION,direct,synthetic
5108,T12,(-3)(-3x)=-9,x=1,NEG_TIMES_NEG,combined,synthetic
5109,T12,(-5)(-3x)=-135,x=9,NEG_TIMES_NEG,combined,synthetic
5110,T03,-7(x+7)=-105,7-7x=-105,PARTIAL_DISTRIBUTION,direct,synthetic
5111,T04,-(x+9)=-13,-x=-22,NEGATIVE_DISTRIBUTION,combined,synthetic
5112,T12,(-9)(-6x)=432,x=8,NONE,combined,synthetic
5113,T12,(-6)(-7x)=84,x=2,NONE,combined,synthetic
5114,T07,(x-11)^2=169,x^2+121=169,SQUARE_OF_SUM,direct,synthetic
5115,T13,2(x+2)+2x=-8,4x=-10,PARTIAL_DISTRIBUTION,combined,synthetic
5116,T02,7(x-7)=21,7x=28,PARTIAL_DISTRIBUTION,combined,synthetic
5117,T02,2(x-6)=2,2x=8,PARTIAL_DISTRIBUTION,combined,synthetic
5118,T04,-(x+4)=-11,-5x=-11,UNLIKE_TERMS,direct,synthetic
5119,T02,6(x-6)=-66,6x=-30,NONE,combined,synthetic
5120,T10,3x+7=-8,3x=-1,TRANSPOSITION,combined,synthetic
5121,T12,(-2)(-9x)=-108,x=6,NEG_TIMES_NEG,combined,synthetic
5122,T12,(-4)(-8x)=-192,32x=-192,NONE,direct,synthetic
5123,T12,(-8)(-9x)=576,x=8,NONE,combined,synthetic
5124,T03,-2(x+5)=-20,-2x-10=-18,ARITHMETIC_SLIP,direct,synthetic
5125,T01,4(x+6)=44,4x+6=44,PARTIAL_DISTRIBUTION,direct,synthetic
5126,T05,6-(x+5)=-7,-x=-18,NEGATIVE_DISTRIBUTION,combined,synthetic
5127,T05,12-(x+4)=4,12-x+4=4,NEGATIVE_DISTRIBUTION,direct,synthetic
5128,T11,12=x+12,12-12=x,NONE,direct,synthetic
5129,T05,7-(x+9)=-2,7-x+9=-2,NEGATIVE_DISTRIBUTION,direct,synthetic
5130,T06,(x+10)^2=144,x^2+100=144,SQUARE_OF_SUM,direct,synthetic
5131,T03,-2(x+4)=-4,4-2x=-4,PARTIAL_DISTRIBUTION,direct,synthetic
5132,T03,-9(x+2)=-108,-9x=-110,PARTIAL_DISTRIBUTION,combined,synthetic
5133,T10,5x+4=54,5x=54+4,TRANSPOSITION,direct,synthetic
5134,T05,10-(x+5)=6,-(x+5)=6+10,TRANSPOSITION,direct,synthetic
5135,T12,(-8)(-7x)=-224,-56x=-224,NEG_TIMES_NEG,direct,synthetic
5136,T12,(-5)(-2x)=30,10x=29,ARITHMETIC_SLIP,direct,synthetic
5137,T10,4x+4=12,4x=8,NONE,combined,synthetic
5138,T12,(-6)(-8x)=48,x=-1,NEG_TIMES_NEG,combined,synthetic
5139,T05,5-(x+2)=-3,-x=-7,ARITHMETIC_SLIP,combined,synthetic
5140,T08,x+12=8,13x=8,UNLIKE_TERMS,direct,synthetic
5141,T04,-(x+6)=-2,-x=-8,NEGATIVE_DISTRIBUTION,combined,synthetic
5142,T12,(-7)(-4x)=224,x=-8,NEG_TIMES_NEG,combined,synthetic
5143,T09,x-8=-13,-7x=-13,UNLIKE_TERMS,direct,synthetic
5144,T06,(x+11)^2=121,x^2+22x+121=121,NONE,direct,synthetic
5145,T08,x+8=2,x=2/9,UNLIKE_TERMS,combined,synthetic
5146,T12,(-6)(-x)=54,x=26/3,ARITHMETIC_SLIP,combined,synthetic
5147,T12,(-4)(-6x)=168,x=-7,NEG_TIMES_NEG,combined,synthetic
5148,T08,x+12=7,x=7+12,TRANSPOSITION,direct,synthetic
5149,T12,(-4)(-5x)=20,x=-1,NEG_TIMES_NEG,combined,synthetic
5150,T03,-6(x+4)=-36,-6x=-10,ARITHMETIC_SLIP,combined,synthetic
5151,T10,5x+12=-3,17x=-3,UNLIKE_TERMS,direct,synthetic
5152,T12,(-5)(-7x)=-140,-35x=-140,NEG_TIMES_NEG,direct,synthetic
5153,T07,(x-6)^2=9,x^2+36=9,SQUARE_OF_SUM,direct,synthetic
5154,T03,-5(x+8)=-50,-5x-39=-50,ARITHMETIC_SLIP,direct,synthetic
5155,T01,4(x+3)=48,4x=34,ARITHMETIC_SLIP,combined,synthetic
5156,T08,x+9=7,x=7+9,TRANSPOSITION,direct,synthetic
5157,T10,7x+2=-19,9x=-19,UNLIKE_TERMS,direct,synthetic
5158,T09,x-2=-6,x=-8,TRANSPOSITION,combined,synthetic
5159,T03,-8(x+3)=0,-10x=24,ARITHMETIC_SLIP,combined,synthetic
5160,T08,x+6=14,x=17-6,ARITHMETIC_SLIP,direct,synthetic
5161,T08,x+3=7,x=7+3,TRANSPOSITION,direct,synthetic
5162,T08,x+8=9,x=17,TRANSPOSITION,combined,synthetic
5163,T06,(x+11)^2=324,x^2+121=324,SQUARE_OF_SUM,direct,synthetic
5164,T05,4-(x+2)=-3,-x=-9,NEGATIVE_DISTRIBUTION,combined,synthetic
5165,T10,7x+1=29,7x=30,TRANSPOSITION,combined,synthetic
5166,T03,-8(x+9)=-144,-8x=-75,ARITHMETIC_SLIP,combined,synthetic
5167,T04,-(x+12)=-19,-13x=-19,UNLIKE_TERMS,direct,synthetic
5168,T04,-(x+10)=-13,x=13/11,UNLIKE_TERMS,combined,synthetic
5169,T13,3(x+2)+5x=38,8x=36,PARTIAL_DISTRIBUTION,combined,synthetic
5170,T09,x-9=-7,x=-7+9,NONE,direct,synthetic
5171,T05,8-(x+2)=1,-(x+2)=1+8,TRANSPOSITION,direct,synthetic
5172,T06,(x+10)^2=441,x^2+100=441,SQUARE_OF_SUM,direct,synthetic
5173,T10,9x+5=-4,14x=-4,UNLIKE_TERMS,direct,synthetic
5174,T08,x+7=2,x=2+7,TRANSPOSITION,direct,synthetic
5175,T13,6(x+2)+x=68,7x+2=68,PARTIAL_DISTRIBUTION,direct,synthetic
5176,T09,x-3=0,x=0-3,TRANSPOSITION,direct,synthetic
5177,T04,-(x+5)=-5,-x+5=-5,NEGATIVE_DISTRIBUTION,direct,synthetic
5178,T11,16=x+11,16-11=x,NONE,direct,synthetic
5179,T05,4-(x+1)=-5,-x=0,TRANSPOSITION,combined,synthetic
5180,T12,(-7)(-8x)=-280,-56x=-280,NEG_TIMES_NEG,direct,synthetic
5181,T05,2-(x+3)=2,2-x+3=2,NEGATIVE_DISTRIBUTION,direct,synthetic
5182,T10,8x+10=34,8x=44,TRANSPOSITION,combined,synthetic
5183,T12,(-3)(-8x)=72,22x=72,ARITHMETIC_SLIP,direct,synthetic
5184,T04,-(x+2)=-9,x=3,UNLIKE_TERMS,combined,synthetic
5185,T05,2-(x+5)=-8,2-x+5=-8,NEGATIVE_DISTRIBUTION,direct,synthetic
5186,T12,(-6)(-4x)=144,-24x=144,NEG_TIMES_NEG,direct,synthetic
5187,T12,(-4)(-4x)=-64,x=-4,NONE,combined,synthetic
5188,T08,x+5=3,x=1/2,UNLIKE_TERMS,combined,synthetic
5189,T12,(-7)(-7x)=196,48x=196,ARITHMETIC_SLIP,direct,synthetic
5190,T09,x-3=6,x=6-3,TRANSPOSITION,direct,synthetic
5191,T01,9(x+3)=45,9x=42,PARTIAL_DISTRIBUTION,combined,synthetic
5192,T07,(x-2)^2=100,x^2-4x+4=100,NONE,direct,synthetic
5193,T03,-9(x+9)=-72,-9x=-81,PARTIAL_DISTRIBUTION,combined,synthetic
5194,T03,-4(x+6)=0,-4x=-6,PARTIAL_DISTRIBUTION,combined,synthetic
5195,T12,(-2)(-8x)=-64,16x=-64,NONE,direct,synthetic
5196,T13,4(x+4)+x=11,4x+16+x=12,ARITHMETIC_SLIP,direct,synthetic
5197,T12,(-2)(-x)=-14,x=7,NEG_TIMES_NEG,combined,synthetic
5198,T05,4-(x+4)=6,-x=14,TRANSPOSITION,combined,synthetic
5199,T01,7(x+6)=21,7x=15,PARTIAL_DISTRIBUTION,combined,synthetic
5200,T09,x-11=-3,-10x=-3,UNLIKE_TERMS,direct,synthetic
5201,T06,(x+7)^2=81,x^2+49=81,SQUARE_OF_SUM,direct,synthetic
5202,T12,(-3)(-8x)=48,24x=48,NONE,direct,synthetic
5203,T09,x-4=-6,x=2,UNLIKE_TERMS,combined,synthetic
5204,T09,x-6=-3,x=4,ARITHMETIC_SLIP,combined,synthetic
5205,T07,(x-6)^2=16,x^2+36=16,SQUARE_OF_SUM,direct,synthetic
5206,T05,8-(x+2)=12,-(x+2)=12+8,TRANSPOSITION,direct,synthetic
5207,T05,12-(x+6)=12,-x=-6,NEGATIVE_DISTRIBUTION,combined,synthetic
5208,T12,(-6)(-2x)=-84,-12x=-84,NEG_TIMES_NEG,direct,synthetic
5209,T08,x+2=11,x=11/3,UNLIKE_TERMS,combined,synthetic
5210,T12,(-7)(-9x)=-126,63x=-126,NONE,direct,synthetic
5211,T13,2(x+2)+x=10,3x=7,ARITHMETIC_SLIP,combined,synthetic
5212,T12,(-5)(-7x)=-140,x=-143/35,ARITHMETIC_SLIP,combined,synthetic
5213,T12,(-5)(-x)=45,7x=45,ARITHMETIC_SLIP,direct,synthetic
5214,T04,-(x+6)=-8,-x+6=-8,NEGATIVE_DISTRIBUTION,direct,synthetic
5215,T02,8(x-9)=-32,8x=-23,PARTIAL_DISTRIBUTION,combined,synthetic
5216,T12,(-5)(-4x)=80,-20x=80,NEG_TIMES_NEG,direct,synthetic
5217,T12,(-2)(-6x)=24,x=12/7,ARITHMETIC_SLIP,combined,synthetic
5218,T08,x+1=-3,2x=-3,UNLIKE_TERMS,direct,synthetic
5219,T04,-(x+4)=-2,-x=0,ARITHMETIC_SLIP,combined,synthetic
5220,T02,4(x-4)=-32,4x=-28,PARTIAL_DISTRIBUTION,combined,synthetic
5221,T09,x-1=-7,x=-8,TRANSPOSITION,combined,synthetic
5222,T13,3(x+6)+5x=-6,8x+6=-6,PARTIAL_DISTRIBUTION,direct,synthetic
5223,T05,10-(x+7)=7,10-x+7=7,NEGATIVE_DISTRIBUTION,direct,synthetic
5224,T10,3x+12=9,3x=6-12,ARITHMETIC_SLIP,direct,synthetic
5225,T02,7(x-5)=-42,7x=-37,PARTIAL_DISTRIBUTION,combined,synthetic
5226,T10,9x+9=72,x=4,UNLIKE_TERMS,combined,synthetic
5227,T13,6(x+4)+4x=64,10x=60,PARTIAL_DISTRIBUTION,combined,synthetic
5228,T08,x+9=4,x=4+9,TRANSPOSITION,direct,synthetic
5229,T01,8(x+1)=0,8x=-1,PARTIAL_DISTRIBUTION,combined,synthetic
5230,T12,(-6)(-2x)=72,15x=72,ARITHMETIC_SLIP,direct,synthetic
5231,T03,-7(x+6)=-77,6-7x=-77,PARTIAL_DISTRIBUTION,direct,synthetic
5232,T04,-(x+1)=0,-2x=0,UNLIKE_TERMS,direct,synthetic
5233,T08,x+12=8,x=8/13,UNLIKE_TERMS,combined,synthetic
5234,T10,5x+1=11,x=11/6,UNLIKE_TERMS,combined,synthetic
5235,T10,2x+12=18,x=9/7,UNLIKE_TERMS,combined,synthetic
5236,T11,4=x+7,2-7=x,ARITHMETIC_SLIP,direct,synthetic
5237,T08,x+9=4,x=2/5,UNLIKE_TERMS,combined,synthetic
5238,T11,14=x+9,14-9=x,NONE,direct,synthetic
5239,T05,7-(x+7)=-1,-x=-1,NONE,combined,synthetic
5240,T05,4-(x+6)=3,4-x-6=3,NONE,direct,synthetic
5241,T05,11-(x+9)=4,11-x-9=4,NONE,direct,synthetic
5242,T05,6-(x+4)=5,-x=-5,NEGATIVE_DISTRIBUTION,combined,synthetic
5243,T02,4(x-8)=-12,4x=-4,PARTIAL_DISTRIBUTION,combined,synthetic
5244,T12,(-8)(-7x)=504,-56x=504,NEG_TIMES_NEG,direct,synthetic
5245,T08,x+2=10,x=12,TRANSPOSITION,combined,synthetic
5246,T13,6(x+3)+3x=99,9x=81,NONE,combined,synthetic
5247,T12,(-5)(-3x)=15,x=-1,NEG_TIMES_NEG,combined,synthetic
5248,T05,11-(x+3)=2,-x=16,TRANSPOSITION,combined,synthetic
5249,T03,-6(x+2)=0,-6x-12=0,NONE,direct,synthetic
5250,T04,-(x+9)=-14,-x+9=-14,NEGATIVE_DISTRIBUTION,direct,synthetic
5251,T04,-(x+2)=-1,-3x=-1,UNLIKE_TERMS,direct,synthetic
5252,T08,x+2=10,x=10+2,TRANSPOSITION,direct,synthetic
5253,T06,(x+7)^2=169,x^2+49=169,SQUARE_OF_SUM,direct,synthetic
5254,T10,9x+5=59,14x=59,UNLIKE_TERMS,direct,synthetic
5255,T02,5(x-3)=5,5x-3=5,PARTIAL_DISTRIBUTION,direct,synthetic
5256,T10,6x+8=68,x=34/7,UNLIKE_TERMS,combined,synthetic
5257,T05,11-(x+9)=4,11-x+9=4,NEGATIVE_DISTRIBUTION,direct,synthetic
5258,T12,(-9)(-7x)=-504,-63x=-504,NEG_TIMES_NEG,direct,synthetic
5259,T04,-(x+11)=-16,-x=-27,NEGATIVE_DISTRIBUTION,combined,synthetic
5260,T01,3(x+7)=51,3x=44,PARTIAL_DISTRIBUTION,combined,synthetic
5261,T05,2-(x+9)=-12,-x=-23,NEGATIVE_DISTRIBUTION,combined,synthetic
5262,T06,(x+1)^2=169,x^2+1=169,SQUARE_OF_SUM,direct,synthetic
5263,T10,7x+11=53,7x=64,TRANSPOSITION,combined,synthetic
5264,T02,3(x-6)=-3,3x-6=-3,PARTIAL_DISTRIBUTION,direct,synthetic
5265,T01,4(x+2)=16,4x+2=16,PARTIAL_DISTRIBUTION,direct,synthetic
5266,T12,(-4)(-7x)=56,-28x=56,NEG_TIMES_NEG,direct,synthetic
5267,T05,7-(x+1)=8,-(x+1)=8+7,TRANSPOSITION,direct,synthetic
5268,T12,(-8)(-4x)=-96,32x=-98,ARITHMETIC_SLIP,direct,synthetic
5269,T12,(-3)(-x)=-15,-3x=-15,NEG_TIMES_NEG,direct,synthetic
5270,T10,3x+7=4,3x=4-7,NONE,direct,synthetic
5271,T12,(-6)(-x)=42,x=7,NONE,combined,synthetic
5272,T02,3(x-7)=9,3x=16,PARTIAL_DISTRIBUTION,combined,synthetic
5273,T08,x+3=11,x=11/4,UNLIKE_TERMS,combined,synthetic
5274,T03,-2(x+5)=-2,-2x=-7,PARTIAL_DISTRIBUTION,combined,synthetic
5275,T08,x+11=15,x=4,NONE,combined,synthetic
5276,T12,(-8)(-7x)=-504,-56x=-504,NEG_TIMES_NEG,direct,synthetic
5277,T12,(-5)(-2x)=-60,x=6,NEG_TIMES_NEG,combined,synthetic
5278,T05,6-(x+3)=-5,-x=-14,NEGATIVE_DISTRIBUTION,combined,synthetic
5279,T05,5-(x+5)=4,5-x+5=4,NEGATIVE_DISTRIBUTION,direct,synthetic
5280,T03,-8(x+9)=-96,9-8x=-96,PARTIAL_DISTRIBUTION,direct,synthetic
5281,T04,-(x+7)=-17,-8x=-17,UNLIKE_TERMS,direct,synthetic
5282,T07,(x-10)^2=9,x^2+100=9,SQUARE_OF_SUM,direct,synthetic
5283,T09,x-2=-3,-x=-3,UNLIKE_TERMS,direct,synthetic
5284,T12,(-9)(-x)=18,-9x=18,NEG_TIMES_NEG,direct,synthetic
5285,T10,5x+7=-18,x=-3/2,UNLIKE_TERMS,combined,synthetic
5286,T05,7-(x+5)=-8,-(x+5)=-8+7,TRANSPOSITION,direct,synthetic
5287,T08,x+8=2,9x=2,UNLIKE_TERMS,direct,synthetic
5288,T06,(x+5)^2=0,x^2+10x+25=0,NONE,direct,synthetic
5289,T04,-(x+9)=-15,-x=-24,NEGATIVE_DISTRIBUTION,combined,synthetic
5290,T09,x-4=-10,x=-14,TRANSPOSITION,combined,synthetic
5291,T12,(-8)(-4x)=-192,x=6,NEG_TIMES_NEG,combined,synthetic
5292,T08,x+8=10,x=10+8,TRANSPOSITION,direct,synthetic
5293,T05,12-(x+6)=2,12-x+6=2,NEGATIVE_DISTRIBUTION,direct,synthetic
5294,T08,x+6=11,x=5,NONE,combined,synthetic
5295,T12,(-2)(-x)=8,x=-4,NEG_TIMES_NEG,combined,synthetic
5296,T10,5x+7=-18,4x=-18-7,ARITHMETIC_SLIP,direct,synthetic
5297,T09,x-8=-7,x=-9+8,ARITHMETIC_SLIP,direct,synthetic
5298,T10,2x+12=4,x=2/7,UNLIKE_TERMS,combined,synthetic
5299,T12,(-6)(-9x)=-378,x=-7,NONE,combined,synthetic
5300,T02,8(x-5)=-8,8x-5=-8,PARTIAL_DISTRIBUTION,direct,synthetic
5301,T05,9-(x+2)=3,-x=-8,NEGATIVE_DISTRIBUTION,combined,synthetic
5302,T05,2-(x+5)=-8,-x=-15,NEGATIVE_DISTRIBUTION,combined,synthetic
5303,T06,(x+7)^2=144,x^2+49=144,SQUARE_OF_SUM,direct,synthetic
5304,T05,3-(x+3)=6,-x=0,NEGATIVE_DISTRIBUTION,combined,synthetic
5305,T05,6-(x+2)=1,-x=-7,NEGATIVE_DISTRIBUTION,combined,synthetic
5306,T04,-(x+5)=-6,-x=-11,NEGATIVE_DISTRIBUTION,combined,synthetic
5307,T10,4x+4=12,4x=12+4,TRANSPOSITION,direct,synthetic
5308,T12,(-8)(-4x)=288,29x=288,ARITHMETIC_SLIP,direct,synthetic
5309,T12,(-2)(-2x)=-24,-4x=-24,NEG_TIMES_NEG,direct,synthetic
5310,T13,4(x+3)+x=47,5x=35,NONE,combined,synthetic
5311,T12,(-8)(-9x)=288,x=-4,NEG_TIMES_NEG,combined,synthetic
5312,T01,6(x+1)=54,6x+1=54,PARTIAL_DISTRIBUTION,direct,synthetic
5313,T03,-9(x+1)=-54,-9x-9=-54,NONE,direct,synthetic
5314,T02,4(x-5)=-8,4x-5=-8,PARTIAL_DISTRIBUTION,direct,synthetic
5315,T05,3-(x+3)=6,-x=12,TRANSPOSITION,combined,synthetic
5316,T03,-8(x+3)=-32,3-8x=-32,PARTIAL_DISTRIBUTION,direct,synthetic
5317,T12,(-4)(-2x)=-16,x=-2,NONE,combined,synthetic
5318,T12,(-4)(-9x)=-72,36x=-72,NONE,direct,synthetic
5319,T03,-3(x+3)=-27,-3x=-30,PARTIAL_DISTRIBUTION,combined,synthetic
5320,T13,4(x+6)+5x=-12,7x=-36,ARITHMETIC_SLIP,combined,synthetic
5321,T02,3(x-3)=3,3x-3=3,PARTIAL_DISTRIBUTION,direct,synthetic
5322,T02,4(x-8)=-12,4x-32=-12,NONE,direct,synthetic
5323,T01,9(x+4)=18,9x=14,PARTIAL_DISTRIBUTION,combined,synthetic
5324,T04,-(x+7)=-10,-x+7=-10,NEGATIVE_DISTRIBUTION,direct,synthetic
5325,T09,x-3=-6,x=3,UNLIKE_TERMS,combined,synthetic
5326,T12,(-4)(-5x)=-100,-20x=-100,NEG_TIMES_NEG,direct,synthetic
5327,T10,2x+10=26,2x=28-10,ARITHMETIC_SLIP,direct,synthetic
5328,T05,6-(x+9)=-2,6-x+9=-2,NEGATIVE_DISTRIBUTION,direct,synthetic
5329,T12,(-8)(-8x)=-128,64x=-130,ARITHMETIC_SLIP,direct,synthetic
5330,T12,(-8)(-3x)=-96,x=-4,NONE,combined,synthetic
5331,T12,(-4)(-5x)=120,x=-6,NEG_TIMES_NEG,combined,synthetic
5332,T12,(-9)(-8x)=-360,-72x=-360,NEG_TIMES_NEG,direct,synthetic
5333,T04,-(x+8)=-4,-x+8=-4,NEGATIVE_DISTRIBUTION,direct,synthetic
5334,T10,2x+8=28,2x=21,ARITHMETIC_SLIP,combined,synthetic
5335,T10,6x+4=-8,6x=-8+4,TRANSPOSITION,direct,synthetic
5336,T08,x+2=12,x=12-2,NONE,direct,synthetic
5337,T03,-8(x+2)=-56,2-8x=-56,PARTIAL_DISTRIBUTION,direct,synthetic
5338,T08,x+10=12,x=12+10,TRANSPOSITION,direct,synthetic
5339,T12,(-4)(-4x)=96,-16x=96,NEG_TIMES_NEG,direct,synthetic
5340,T12,(-6)(-6x)=288,x=-8,NEG_TIMES_NEG,combined,synthetic
5341,T04,-(x+7)=-11,-x-7=-11,NONE,direct,synthetic
5342,T12,(-5)(-8x)=280,x=-7,NEG_TIMES_NEG,combined,synthetic
5343,T04,-(x+12)=-15,-13x=-15,UNLIKE_TERMS,direct,synthetic
5344,T12,(-4)(-6x)=-144,-24x=-144,NEG_TIMES_NEG,direct,synthetic
5345,T04,-(x+6)=-15,-x+6=-15,NEGATIVE_DISTRIBUTION,direct,synthetic
5346,T12,(-7)(-7x)=-392,x=-392/47,ARITHMETIC_SLIP,combined,synthetic
5347,T04,-(x+8)=-11,-x+8=-11,NEGATIVE_DISTRIBUTION,direct,synthetic
5348,T10,2x+2=12,2x=14,TRANSPOSITION,combined,synthetic
5349,T01,7(x+5)=35,7x+35=38,ARITHMETIC_SLIP,direct,synthetic
5350,T07,(x-1)^2=36,x^2+1=36,SQUARE_OF_SUM,direct,synthetic
5351,T04,-(x+3)=-5,-x-3=-6,ARITHMETIC_SLIP,direct,synthetic
5352,T04,-(x+7)=-14,-x+7=-14,NEGATIVE_DISTRIBUTION,direct,synthetic
5353,T08,x+10=5,x=8-10,ARITHMETIC_SLIP,direct,synthetic
5354,T08,x+7=2,x=-4,ARITHMETIC_SLIP,combined,synthetic
5355,T05,11-(x+5)=4,11-x+5=4,NEGATIVE_DISTRIBUTION,direct,synthetic
5356,T01,5(x+6)=65,5x+6=65,PARTIAL_DISTRIBUTION,direct,synthetic
5357,T04,-(x+10)=-4,x=4/11,UNLIKE_TERMS,combined,synthetic
5358,T10,6x+7=43,x=43/13,UNLIKE_TERMS,combined,synthetic
5359,T02,4(x-2)=28,4x=30,PARTIAL_DISTRIBUTION,combined,synthetic
5360,T05,5-(x+2)=-3,5-x+2=-3,NEGATIVE_DISTRIBUTION,direct,synthetic
5361,T04,-(x+8)=-4,-9x=-4,UNLIKE_TERMS,direct,synthetic
5362,T09,x-7=-5,x=-12,TRANSPOSITION,combined,synthetic
5363,T12,(-5)(-3x)=-30,x=-30/13,ARITHMETIC_SLIP,combined,synthetic
5364,T10,5x+6=46,11x=46,UNLIKE_TERMS,direct,synthetic
5365,T04,-(x+2)=-7,-3x=-7,UNLIKE_TERMS,direct,synthetic
5366,T07,(x-2)^2=169,x^2+4=169,SQUARE_OF_SUM,direct,synthetic
5367,T12,(-8)(-8x)=384,-64x=384,NEG_TIMES_NEG,direct,synthetic
5368,T12,(-6)(-3x)=-162,x=9,NEG_TIMES_NEG,combined,synthetic
5369,T08,x+10=11,x=11+10,TRANSPOSITION,direct,synthetic
5370,T09,x-11=-2,x=-2+11,NONE,direct,synthetic
5371,T05,9-(x+7)=-1,-(x+7)=-1+9,TRANSPOSITION,direct,synthetic
5372,T07,(x-9)^2=9,x^2-18x+81=9,NONE,direct,synthetic
5373,T08,x+6=3,x=3+6,TRANSPOSITION,direct,synthetic
5374,T08,x+1=-5,x=-5-1,NONE,direct,synthetic
5375,T08,x+10=15,x=15+10,TRANSPOSITION,direct,synthetic
5376,T10,8x+3=75,11x=75,UNLIKE_TERMS,direct,synthetic
5377,T08,x+8=6,x=6+8,TRANSPOSITION,direct,synthetic
5378,T03,-3(x+5)=-12,-3x=-17,PARTIAL_DISTRIBUTION,combined,synthetic
5379,T01,2(x+3)=12,2x+3=12,PARTIAL_DISTRIBUTION,direct,synthetic
5380,T12,(-2)(-3x)=-36,x=6,NEG_TIMES_NEG,combined,synthetic
5381,T09,x-10=-5,x=5/9,UNLIKE_TERMS,combined,synthetic
5382,T05,4-(x+3)=2,-(x+3)=2+4,TRANSPOSITION,direct,synthetic
5383,T10,4x+1=29,4x=29+1,TRANSPOSITION,direct,synthetic
5384,T10,6x+1=19,7x=19,UNLIKE_TERMS,direct,synthetic
5385,T01,5(x+9)=75,5x=30,NONE,combined,synthetic
5386,T10,3x+1=-14,3x=-13,TRANSPOSITION,combined,synthetic
5387,T13,2(x+4)+5x=-34,7x=-42,NONE,combined,synthetic
5388,T04,-(x+2)=1,-x=-1,NEGATIVE_DISTRIBUTION,combined,synthetic
5389,T04,-(x+5)=-1,-6x=-1,UNLIKE_TERMS,direct,synthetic
5390,T12,(-8)(-9x)=576,x=288/37,ARITHMETIC_SLIP,combined,synthetic
5391,T12,(-8)(-9x)=-576,x=-191/24,ARITHMETIC_SLIP,combined,synthetic
5392,T05,9-(x+4)=5,9-x+4=5,NEGATIVE_DISTRIBUTION,direct,synthetic
5393,T12,(-3)(-5x)=-15,-15x=-15,NEG_TIMES_NEG,direct,synthetic
5394,T12,(-3)(-6x)=144,-18x=144,NEG_TIMES_NEG,direct,synthetic
5395,T10,8x+7=7,x=7/15,UNLIKE_TERMS,combined,synthetic
5396,T03,-4(x+4)=-40,-4x-16=-40,NONE,direct,synthetic
5397,T13,6(x+4)+x=52,7x=48,PARTIAL_DISTRIBUTION,combined,synthetic
5398,T04,-(x+10)=-19,-x+10=-19,NEGATIVE_DISTRIBUTION,direct,synthetic
5399,T05,2-(x+3)=-1,2-x+3=-1,NEGATIVE_DISTRIBUTION,direct,synthetic
5400,T12,(-6)(-7x)=42,x=1,NONE,combined,synthetic
5401,T08,x+9=13,x=15-9,ARITHMETIC_SLIP,direct,synthetic
5402,T12,(-9)(-8x)=288,x=4,NONE,combined,synthetic
5403,T12,(-9)(-5x)=-360,x=-15/2,ARITHMETIC_SLIP,combined,synthetic
5404,T11,16=x+6,-x=-10,NONE,combined,synthetic
5405,T01,3(x+1)=18,3x+1=18,PARTIAL_DISTRIBUTION,direct,synthetic
5406,T04,-(x+2)=2,-3x=2,UNLIKE_TERMS,direct,synthetic
5407,T04,-(x+3)=-6,-x=-9,NEGATIVE_DISTRIBUTION,combined,synthetic
5408,T04,-(x+8)=-12,-x+8=-12,NEGATIVE_DISTRIBUTION,direct,synthetic
5409,T12,(-5)(-x)=-35,-5x=-35,NEG_TIMES_NEG,direct,synthetic
5410,T05,10-(x+1)=15,10-x+1=15,NEGATIVE_DISTRIBUTION,direct,synthetic
5411,T12,(-4)(-2x)=48,-8x=48,NEG_TIMES_NEG,direct,synthetic
5412,T04,-(x+2)=3,-x+2=3,NEGATIVE_DISTRIBUTION,direct,synthetic
5413,T04,-(x+1)=-6,-x+1=-6,NEGATIVE_DISTRIBUTION,direct,synthetic
5414,T12,(-4)(-3x)=-36,x=-3,NONE,combined,synthetic
5415,T09,x-3=1,x=1+3,NONE,direct,synthetic
5416,T13,4(x+3)+3x=-9,7x=-12,PARTIAL_DISTRIBUTION,combined,synthetic
5417,T12,(-7)(-7x)=49,x=-1,NEG_TIMES_NEG,combined,synthetic
5418,T08,x+8=15,x=15-7,ARITHMETIC_SLIP,direct,synthetic
5419,T09,x-8=-5,x=-13,TRANSPOSITION,combined,synthetic
5420,T12,(-3)(-3x)=-36,x=4,NEG_TIMES_NEG,combined,synthetic
5421,T03,-9(x+7)=-144,-9x-66=-144,ARITHMETIC_SLIP,direct,synthetic
5422,T10,3x+5=8,3x=2,ARITHMETIC_SLIP,combined,synthetic
5423,T08,x+6=3,x=9,TRANSPOSITION,combined,synthetic
5424,T04,-(x+2)=-7,-x=-9,NEGATIVE_DISTRIBUTION,combined,synthetic
5425,T05,2-(x+2)=-9,-x=-13,NEGATIVE_DISTRIBUTION,combined,synthetic
5426,T13,2(x+2)+x=10,5x+4+x=10,ARITHMETIC_SLIP,direct,synthetic
5427,T02,8(x-6)=-88,8x-6=-88,PARTIAL_DISTRIBUTION,direct,synthetic
5428,T10,7x+4=-24,7x=-20,TRANSPOSITION,combined,synthetic
5429,T12,(-5)(-8x)=120,x=-3,NEG_TIMES_NEG,combined,synthetic
5430,T05,5-(x+6)=2,-x=13,TRANSPOSITION,combined,synthetic
5431,T10,5x+7=22,5x=29,TRANSPOSITION,combined,synthetic
5432,T04,-(x+4)=-11,-x=-10,ARITHMETIC_SLIP,combined,synthetic
5433,T05,6-(x+1)=-5,6-x+1=-5,NEGATIVE_DISTRIBUTION,direct,synthetic
5434,T04,-(x+8)=-2,x=2/9,UNLIKE_TERMS,combined,synthetic
5435,T12,(-2)(-6x)=72,x=-6,NEG_TIMES_NEG,combined,synthetic
5436,T07,(x-1)^2=0,x^2+1=0,SQUARE_OF_SUM,direct,synthetic
5437,T10,7x+12=47,19x=47,UNLIKE_TERMS,direct,synthetic
5438,T08,x+7=14,x=7/4,UNLIKE_TERMS,combined,synthetic
5439,T06,(x+1)^2=16,x^2+1=16,SQUARE_OF_SUM,direct,synthetic
5440,T10,8x+8=0,16x=0,UNLIKE_TERMS,direct,synthetic
5441,T03,-2(x+9)=-18,-2x-18=-18,NONE,direct,synthetic
5442,T08,x+9=4,10x=4,UNLIKE_TERMS,direct,synthetic
5443,T09,x-1=-6,x=-4,ARITHMETIC_SLIP,combined,synthetic
5444,T08,x+7=16,x=23,TRANSPOSITION,combined,synthetic
5445,T04,-(x+7)=-5,-8x=-5,UNLIKE_TERMS,direct,synthetic
5446,T03,-5(x+2)=0,-3x=10,ARITHMETIC_SLIP,combined,synthetic
5447,T05,4-(x+2)=-7,4-x+2=-7,NEGATIVE_DISTRIBUTION,direct,synthetic
5448,T03,-8(x+2)=-24,2-8x=-24,PARTIAL_DISTRIBUTION,direct,synthetic
5449,T12,(-7)(-6x)=-126,x=-126/41,ARITHMETIC_SLIP,combined,synthetic
5450,T12,(-9)(-4x)=-180,x=-5,NONE,combined,synthetic
5451,T11,19=x+10,-x=-6,ARITHMETIC_SLIP,combined,synthetic
5452,T08,x+10=15,x=5,NONE,combined,synthetic
5453,T05,9-(x+2)=9,-x=-2,NEGATIVE_DISTRIBUTION,combined,synthetic
5454,T07,(x-12)^2=1,x^2-24x+143=1,ARITHMETIC_SLIP,direct,synthetic
5455,T04,-(x+5)=-4,-x=-9,NEGATIVE_DISTRIBUTION,combined,synthetic
5456,T03,-5(x+1)=25,-5x-5=25,NONE,direct,synthetic
5457,T01,4(x+1)=-8,4x=-9,PARTIAL_DISTRIBUTION,combined,synthetic
5458,T10,9x+1=-8,9x=-8-1,NONE,direct,synthetic
5459,T03,-6(x+1)=18,-6x-6=18,NONE,direct,synthetic
5460,T05,6-(x+8)=3,-(x+8)=3+6,TRANSPOSITION,direct,synthetic
5461,T10,4x+1=-11,4x=-11+1,TRANSPOSITION,direct,synthetic
5462,T08,x+9=8,x=8+9,TRANSPOSITION,direct,synthetic
5463,T12,(-5)(-5x)=-25,-25x=-25,NEG_TIMES_NEG,direct,synthetic
5464,T04,-(x+5)=-11,-x=-16,NEGATIVE_DISTRIBUTION,combined,synthetic
5465,T09,x-12=-13,-11x=-13,UNLIKE_TERMS,direct,synthetic
5466,T02,3(x-6)=-15,3x-6=-15,PARTIAL_DISTRIBUTION,direct,synthetic
5467,T02,8(x-6)=-32,8x-48=-29,ARITHMETIC_SLIP,direct,synthetic
5468,T12,(-6)(-2x)=-36,-12x=-36,NEG_TIMES_NEG,direct,synthetic
5469,T12,(-4)(-8x)=160,x=-5,NEG_TIMES_NEG,combined,synthetic
5470,T12,(-7)(-6x)=-252,x=6,NEG_TIMES_NEG,combined,synthetic
5471,T12,(-9)(-3x)=-27,27x=-26,ARITHMETIC_SLIP,direct,synthetic
5472,T13,4(x+5)+3x=83,7x=63,NONE,combined,synthetic
5473,T02,7(x-4)=-28,7x=-24,PARTIAL_DISTRIBUTION,combined,synthetic
5474,T13,3(x+1)+x=-17,4x+1=-17,PARTIAL_DISTRIBUTION,direct,synthetic
5475,T05,12-(x+4)=6,-x=-10,NEGATIVE_DISTRIBUTION,combined,synthetic
5476,T08,x+5=3,x=3-5,NONE,direct,synthetic
5477,T08,x+4=6,x=6+4,TRANSPOSITION,direct,synthetic
5478,T10,4x+4=16,4x=16+4,TRANSPOSITION,direct,synthetic
5479,T12,(-9)(-9x)=324,81x=321,ARITHMETIC_SLIP,direct,synthetic
5480,T04,-(x+12)=-11,-x=-23,NEGATIVE_DISTRIBUTION,combined,synthetic
5481,T11,7=x+2,7-2=x,NONE,direct,synthetic
5482,T12,(-8)(-8x)=448,-64x=448,NEG_TIMES_NEG,direct,synthetic
5483,T05,7-(x+8)=-3,7-x+8=-3,NEGATIVE_DISTRIBUTION,direct,synthetic
5484,T02,6(x-2)=18,6x=20,PARTIAL_DISTRIBUTION,combined,synthetic
5485,T07,(x-10)^2=49,x^2+100=49,SQUARE_OF_SUM,direct,synthetic
5486,T01,6(x+9)=42,6x+9=42,PARTIAL_DISTRIBUTION,direct,synthetic
5487,T12,(-7)(-9x)=567,x=-9,NEG_TIMES_NEG,combined,synthetic
5488,T10,7x+1=29,7x=29+1,TRANSPOSITION,direct,synthetic
5489,T04,-(x+10)=-20,-x=-30,NEGATIVE_DISTRIBUTION,combined,synthetic
5490,T02,8(x-6)=-32,8x-6=-32,PARTIAL_DISTRIBUTION,direct,synthetic
5491,T07,(x-5)^2=1,x^2+25=1,SQUARE_OF_SUM,direct,synthetic
5492,T11,12=x+2,12-4=x,ARITHMETIC_SLIP,direct,synthetic
5493,T01,2(x+1)=4,2x=3,PARTIAL_DISTRIBUTION,combined,synthetic
5494,T12,(-8)(-5x)=80,x=-2,NEG_TIMES_NEG,combined,synthetic
5495,T09,x-8=-4,x=-4-8,TRANSPOSITION,direct,synthetic
5496,T13,2(x+4)+x=20,2x+8+x=20,NONE,direct,synthetic
5497,T05,10-(x+3)=8,-(x+3)=8+10,TRANSPOSITION,direct,synthetic
5498,T09,x-12=-5,x=7,NONE,combined,synthetic
5499,T04,-(x+9)=-16,-10x=-16,UNLIKE_TERMS,direct,synthetic
5500,T04,-(x+8)=-15,x=5/3,UNLIKE_TERMS,combined,synthetic
5501,T09,x-3=-9,-2x=-9,UNLIKE_TERMS,direct,synthetic
5502,T01,3(x+4)=36,3x+4=36,PARTIAL_DISTRIBUTION,direct,synthetic
5503,T12,(-7)(-9x)=126,-63x=126,NEG_TIMES_NEG,direct,synthetic
5504,T01,9(x+9)=90,9x+9=90,PARTIAL_DISTRIBUTION,direct,synthetic
5505,T10,3x+7=4,3x=4+7,TRANSPOSITION,direct,synthetic
5506,T10,9x+2=38,11x=38,UNLIKE_TERMS,direct,synthetic
5507,T12,(-5)(-8x)=-320,40x=-320,NONE,direct,synthetic
5508,T10,7x+8=36,7x=36+8,TRANSPOSITION,direct,synthetic
5509,T08,x+10=16,11x=16,UNLIKE_TERMS,direct,synthetic
5510,T05,7-(x+1)=2,-x=-2,ARITHMETIC_SLIP,combined,synthetic
5511,T12,(-5)(-9x)=-225,43x=-225,ARITHMETIC_SLIP,direct,synthetic
5512,T08,x+11=6,12x=6,UNLIKE_TERMS,direct,synthetic
5513,T13,2(x+3)+5x=-15,2x+6+5x=-15,NONE,direct,synthetic
5514,T05,5-(x+8)=-8,5-x+8=-8,NEGATIVE_DISTRIBUTION,direct,synthetic
5515,T04,-(x+12)=-10,-x=-22,NEGATIVE_DISTRIBUTION,combined,synthetic
5516,T03,-6(x+5)=-12,-6x=-17,PARTIAL_DISTRIBUTION,combined,synthetic
5517,T10,4x+4=12,8x=12,UNLIKE_TERMS,direct,synthetic
5518,T05,12-(x+6)=11,-x=29,TRANSPOSITION,combined,synthetic
5519,T08,x+8=5,x=5+8,TRANSPOSITION,direct,synthetic
5520,T10,3x+3=12,3x=12+3,TRANSPOSITION,direct,synthetic
5521,T08,x+9=7,x=7-9,NONE,direct,synthetic
5522,T07,(x-7)^2=64,x^2+49=64,SQUARE_OF_SUM,direct,synthetic
5523,T03,-2(x+6)=-4,6-2x=-4,PARTIAL_DISTRIBUTION,direct,synthetic
5524,T09,x-10=-10,-9x=-10,UNLIKE_TERMS,direct,synthetic
5525,T04,-(x+9)=-4,-x+9=-4,NEGATIVE_DISTRIBUTION,direct,synthetic
5526,T10,8x+6=62,8x=62+6,TRANSPOSITION,direct,synthetic
5527,T08,x+2=4,x=4+2,TRANSPOSITION,direct,synthetic
5528,T12,(-9)(-3x)=-54,-27x=-54,NEG_TIMES_NEG,direct,synthetic
5529,T02,2(x-5)=-10,2x-5=-10,PARTIAL_DISTRIBUTION,direct,synthetic
5530,T12,(-4)(-5x)=140,x=-7,NEG_TIMES_NEG,combined,synthetic
5531,T04,-(x+3)=-5,x=5/4,UNLIKE_TERMS,combined,synthetic
5532,T12,(-8)(-4x)=32,x=-1,NEG_TIMES_NEG,combined,synthetic
5533,T09,x-5=-10,x=5/2,UNLIKE_TERMS,combined,synthetic
5534,T10,5x+10=55,15x=55,UNLIKE_TERMS,direct,synthetic
5535,T09,x-2=3,-x=3,UNLIKE_TERMS,direct,synthetic
5536,T01,6(x+3)=60,6x+3=60,PARTIAL_DISTRIBUTION,direct,synthetic
5537,T08,x+1=-4,2x=-4,UNLIKE_TERMS,direct,synthetic
5538,T10,2x+2=2,2x=2+2,TRANSPOSITION,direct,synthetic
5539,T03,-6(x+6)=-48,-6x=-54,PARTIAL_DISTRIBUTION,combined,synthetic
5540,T05,5-(x+6)=-3,5-x+6=-3,NEGATIVE_DISTRIBUTION,direct,synthetic
5541,T06,(x+1)^2=4,x^2+4x+1=4,ARITHMETIC_SLIP,direct,synthetic
5542,T12,(-6)(-9x)=-216,-54x=-216,NEG_TIMES_NEG,direct,synthetic
5543,T13,4(x+2)+4x=-40,4x+8+1x=-40,ARITHMETIC_SLIP,direct,synthetic
5544,T06,(x+1)^2=16,x^2+2x+1=16,NONE,direct,synthetic
5545,T12,(-3)(-2x)=6,x=-1,NEG_TIMES_NEG,combined,synthetic
5546,T03,-5(x+8)=-65,-5x=-73,PARTIAL_DISTRIBUTION,combined,synthetic
5547,T10,6x+12=42,6x=54,TRANSPOSITION,combined,synthetic
5548,T08,x+12=14,x=14/13,UNLIKE_TERMS,combined,synthetic
5549,T04,-(x+12)=-13,-x+12=-13,NEGATIVE_DISTRIBUTION,direct,synthetic
5550,T04,-(x+5)=-11,x=11/6,UNLIKE_TERMS,combined,synthetic
5551,T12,(-2)(-5x)=20,-10x=20,NEG_TIMES_NEG,direct,synthetic
5552,T10,2x+3=21,5x=21,UNLIKE_TERMS,direct,synthetic
5553,T08,x+8=4,x=-4,NONE,combined,synthetic
5554,T03,-6(x+9)=-66,-6x=-12,NONE,combined,synthetic
5555,T08,x+9=15,x=15+9,TRANSPOSITION,direct,synthetic
5556,T03,-7(x+5)=-49,-7x=-14,NONE,combined,synthetic
5557,T08,x+6=15,x=21,TRANSPOSITION,combined,synthetic
5558,T12,(-5)(-9x)=315,-45x=315,NEG_TIMES_NEG,direct,synthetic
5559,T10,8x+12=52,20x=52,UNLIKE_TERMS,direct,synthetic
5560,T10,8x+4=-36,8x=-32,TRANSPOSITION,combined,synthetic
5561,T04,-(x+8)=-7,-9x=-7,UNLIKE_TERMS,direct,synthetic
5562,T13,4(x+4)+x=6,5x=2,PARTIAL_DISTRIBUTION,combined,synthetic
5563,T10,2x+6=-6,2x=0,TRANSPOSITION,combined,synthetic
5564,T06,(x+11)^2=196,x^2+121=196,SQUARE_OF_SUM,direct,synthetic
5565,T11,5=x+8,5-5=x,ARITHMETIC_SLIP,direct,synthetic
5566,T05,3-(x+9)=-7,-x=-19,NEGATIVE_DISTRIBUTION,combined,synthetic
5567,T03,-5(x+9)=-90,-5x=-99,PARTIAL_DISTRIBUTION,combined,synthetic
5568,T12,(-7)(-8x)=280,x=-5,NEG_TIMES_NEG,combined,synthetic
5569,T05,4-(x+2)=7,-x=13,TRANSPOSITION,combined,synthetic
5570,T01,9(x+4)=18,9x+36=18,NONE,direct,synthetic
5571,T12,(-3)(-4x)=-84,-12x=-84,NEG_TIMES_NEG,direct,synthetic
5572,T05,9-(x+2)=9,9-x+2=9,NEGATIVE_DISTRIBUTION,direct,synthetic
5573,T02,7(x-1)=-14,7x=-13,PARTIAL_DISTRIBUTION,combined,synthetic
5574,T08,x+3=7,4x=7,UNLIKE_TERMS,direct,synthetic
5575,T09,x-2=-3,x=3,UNLIKE_TERMS,combined,synthetic
5576,T07,(x-10)^2=121,x^2+100=121,SQUARE_OF_SUM,direct,synthetic
5577,T06,(x+2)^2=256,x^2+4=256,SQUARE_OF_SUM,direct,synthetic
5578,T07,(x-11)^2=256,x^2-22x+121=256,NONE,direct,synthetic
5579,T05,6-(x+9)=1,6-x+9=1,NEGATIVE_DISTRIBUTION,direct,synthetic
5580,T06,(x+10)^2=36,x^2+100=36,SQUARE_OF_SUM,direct,synthetic
5581,T05,7-(x+4)=-4,-x=-15,NEGATIVE_DISTRIBUTION,combined,synthetic
5582,T13,5(x+3)+2x=71,7x+3=71,PARTIAL_DISTRIBUTION,direct,synthetic
5583,T03,-8(x+7)=-48,-8x=8,NONE,combined,synthetic
5584,T05,4-(x+6)=-11,4-x+6=-11,NEGATIVE_DISTRIBUTION,direct,synthetic
5585,T10,5x+11=16,5x=16-12,ARITHMETIC_SLIP,direct,synthetic
5586,T09,x-1=-7,x=-7-1,TRANSPOSITION,direct,synthetic
5587,T12,(-4)(-x)=-20,-4x=-20,NEG_TIMES_NEG,direct,synthetic
5588,T12,(-5)(-4x)=-180,x=-9,NONE,combined,synthetic
5589,T10,8x+4=12,8x=16,TRANSPOSITION,combined,synthetic
5590,T12,(-9)(-3x)=108,-27x=108,NEG_TIMES_NEG,direct,synthetic
5591,T13,4(x+1)+4x=76,8x=75,PARTIAL_DISTRIBUTION,combined,synthetic
5592,T08,x+1=-5,x=-5+1,TRANSPOSITION,direct,synthetic
5593,T12,(-2)(-5x)=-10,12x=-10,ARITHMETIC_SLIP,direct,synthetic
5594,T08,x+1=10,x=9-1,ARITHMETIC_SLIP,direct,synthetic
5595,T10,9x+11=38,7x=27,ARITHMETIC_SLIP,combined,synthetic
5596,T10,8x+8=72,8x=80,TRANSPOSITION,combined,synthetic
5597,T02,8(x-3)=40,8x-24=40,NONE,direct,synthetic
5598,T10,2x+5=-5,2x=-5-5,NONE,direct,synthetic
5599,T12,(-2)(-3x)=-12,x=2,NEG_TIMES_NEG,combined,synthetic
5600,T01,5(x+6)=5,5x=-1,PARTIAL_DISTRIBUTION,combined,synthetic
5601,T05,12-(x+2)=13,-x=27,TRANSPOSITION,combined,synthetic
5602,T13,2(x+4)+5x=-34,7x=-38,PARTIAL_DISTRIBUTION,combined,synthetic
5603,T08,x+11=11,x=0,NONE,combined,synthetic
5604,T12,(-4)(-8x)=64,x=-2,NEG_TIMES_NEG,combined,synthetic
5605,T12,(-9)(-8x)=360,x=-5,NEG_TIMES_NEG,combined,synthetic
5606,T03,-7(x+7)=-77,7-7x=-77,PARTIAL_DISTRIBUTION,direct,synthetic
5607,T05,5-(x+6)=2,5-x+6=2,NEGATIVE_DISTRIBUTION,direct,synthetic
5608,T08,x+12=14,x=2,NONE,combined,synthetic
5609,T03,-6(x+9)=-66,-6x=-75,PARTIAL_DISTRIBUTION,combined,synthetic
5610,T01,9(x+4)=108,9x+4=108,PARTIAL_DISTRIBUTION,direct,synthetic
5611,T05,8-(x+7)=-3,-(x+7)=-3+8,TRANSPOSITION,direct,synthetic
5612,T05,9-(x+8)=2,-x=-15,NEGATIVE_DISTRIBUTION,combined,synthetic
5613,T09,x-7=-6,x=-6-7,TRANSPOSITION,direct,synthetic
5614,T02,8(x-9)=-120,8x-9=-120,PARTIAL_DISTRIBUTION,direct,synthetic
5615,T01,7(x+5)=42,5x=7,ARITHMETIC_SLIP,combined,synthetic
5616,T12,(-7)(-6x)=-84,40x=-84,ARITHMETIC_SLIP,direct,synthetic
5617,T10,3x+7=-2,x=-1/5,UNLIKE_TERMS,combined,synthetic
5618,T08,x+11=21,x=7/4,UNLIKE_TERMS,combined,synthetic
5619,T12,(-5)(-5x)=225,-25x=225,NEG_TIMES_NEG,direct,synthetic
5620,T08,x+3=-2,x=-4-3,ARITHMETIC_SLIP,direct,synthetic
5621,T10,4x+9=37,13x=37,UNLIKE_TERMS,direct,synthetic
5622,T08,x+12=12,x=12+12,TRANSPOSITION,direct,synthetic
5623,T04,-(x+4)=-3,-x+4=-3,NEGATIVE_DISTRIBUTION,direct,synthetic
5624,T02,4(x-3)=-16,4x-12=-16,NONE,direct,synthetic
5625,T04,-(x+10)=-11,-x+10=-11,NEGATIVE_DISTRIBUTION,direct,synthetic
5626,T08,x+10=7,x=-6,ARITHMETIC_SLIP,combined,synthetic
5627,T05,2-(x+9)=-1,-(x+9)=-1+2,TRANSPOSITION,direct,synthetic
5628,T10,4x+4=12,x=3/2,UNLIKE_TERMS,combined,synthetic
5629,T05,11-(x+2)=2,11-x+2=2,NEGATIVE_DISTRIBUTION,direct,synthetic
5630,T06,(x+9)^2=576,x^2+81=576,SQUARE_OF_SUM,direct,synthetic
5631,T08,x+12=14,13x=14,UNLIKE_TERMS,direct,synthetic
5632,T10,8x+4=12,8x=12-4,NONE,direct,synthetic
5633,T04,-(x+8)=-10,-x=1,ARITHMETIC_SLIP,combined,synthetic
5634,T10,4x+9=45,4x=45+9,TRANSPOSITION,direct,synthetic
5635,T12,(-8)(-7x)=112,-56x=112,NEG_TIMES_NEG,direct,synthetic
5636,T12,(-2)(-3x)=-42,-6x=-42,NEG_TIMES_NEG,direct,synthetic
5637,T11,2=x+5,-x=4,ARITHMETIC_SLIP,combined,synthetic
5638,T13,6(x+4)+2x=16,6x+26+2x=16,ARITHMETIC_SLIP,direct,synthetic
5639,T01,6(x+1)=24,6x+1=24,PARTIAL_DISTRIBUTION,direct,synthetic
5640,T12,(-5)(-9x)=-225,x=5,NEG_TIMES_NEG,combined,synthetic
5641,T09,x-11=-14,x=-12+11,ARITHMETIC_SLIP,direct,synthetic
5642,T12,(-8)(-6x)=-432,-48x=-432,NEG_TIMES_NEG,direct,synthetic
5643,T12,(-4)(-8x)=-224,31x=-224,ARITHMETIC_SLIP,direct,synthetic
5644,T05,2-(x+7)=-7,2-x-7=-7,NONE,direct,synthetic
5645,T06,(x+2)^2=169,x^2+4=169,SQUARE_OF_SUM,direct,synthetic
5646,T06,(x+11)^2=676,x^2+22x+121=676,NONE,direct,synthetic
5647,T10,3x+2=17,3x=19,TRANSPOSITION,combined,synthetic
5648,T13,5(x+3)+x=75,6x=60,NONE,combined,synthetic
5649,T10,5x+4=4,5x=8,TRANSPOSITION,combined,synthetic
5650,T12,(-5)(-x)=20,-5x=20,NEG_TIMES_NEG,direct,synthetic
5651,T05,4-(x+4)=-1,-x=-9,NEGATIVE_DISTRIBUTION,combined,synthetic
5652,T03,-8(x+2)=-8,-8x-16=-8,NONE,direct,synthetic
5653,T12,(-8)(-4x)=96,-32x=96,NEG_TIMES_NEG,direct,synthetic
5654,T12,(-3)(-4x)=84,-12x=84,NEG_TIMES_NEG,direct,synthetic
5655,T10,5x+8=13,5x=5,NONE,combined,synthetic
5656,T12,(-6)(-8x)=-144,x=-3,NONE,combined,synthetic
5657,T10,7x+6=6,7x=12,TRANSPOSITION,combined,synthetic
5658,T10,6x+5=53,x=53/11,UNLIKE_TERMS,combined,synthetic
5659,T10,9x+2=56,9x=54,NONE,combined,synthetic
5660,T11,19=x+10,19-12=x,ARITHMETIC_SLIP,direct,synthetic
5661,T12,(-7)(-6x)=42,-42x=42,NEG_TIMES_NEG,direct,synthetic
5662,T05,6-(x+1)=-5,-x=2,TRANSPOSITION,combined,synthetic
5663,T02,2(x-8)=-2,2x=6,PARTIAL_DISTRIBUTION,combined,synthetic
5664,T04,-(x+7)=-12,-x=-19,NEGATIVE_DISTRIBUTION,combined,synthetic
5665,T07,(x-9)^2=9,x^2+81=9,SQUARE_OF_SUM,direct,synthetic
5666,T05,12-(x+3)=0,-(x+3)=0+12,TRANSPOSITION,direct,synthetic
5667,T06,(x+6)^2=256,x^2+36=256,SQUARE_OF_SUM,direct,synthetic
5668,T03,-7(x+2)=7,-7x=21,NONE,combined,synthetic
5669,T13,5(x+1)+4x=41,9x+1=41,PARTIAL_DISTRIBUTION,direct,synthetic
5670,T12,(-2)(-9x)=-144,x=8,NEG_TIMES_NEG,combined,synthetic
5671,T08,x+8=8,x=8/9,UNLIKE_TERMS,combined,synthetic
5672,T05,7-(x+6)=-6,7-x+6=-6,NEGATIVE_DISTRIBUTION,direct,synthetic
5673,T07,(x-10)^2=64,x^2+100=64,SQUARE_OF_SUM,direct,synthetic
5674,T03,-5(x+1)=-15,-5x-5=-15,NONE,direct,synthetic
5675,T02,5(x-7)=5,5x=12,PARTIAL_DISTRIBUTION,combined,synthetic
5676,T09,x-12=-8,x=-20,TRANSPOSITION,combined,synthetic
5677,T12,(-9)(-8x)=360,-72x=360,NEG_TIMES_NEG,direct,synthetic
5678,T01,7(x+5)=42,7x=37,PARTIAL_DISTRIBUTION,combined,synthetic
5679,T02,3(x-1)=-6,3x-1=-6,PARTIAL_DISTRIBUTION,direct,synthetic
5680,T13,6(x+4)+2x=16,8x=12,PARTIAL_DISTRIBUTION,combined,synthetic
5681,T05,3-(x+3)=6,3-x+3=6,NEGATIVE_DISTRIBUTION,direct,synthetic
5682,T04,-(x+6)=0,-x=-6,NEGATIVE_DISTRIBUTION,combined,synthetic
5683,T08,x+10=7,x=0,ARITHMETIC_SLIP,combined,synthetic
5684,T04,-(x+7)=-8,-x=-15,NEGATIVE_DISTRIBUTION,combined,synthetic
5685,T13,2(x+3)+4x=42,6x+3=42,PARTIAL_DISTRIBUTION,direct,synthetic
5686,T10,7x+3=59,x=59/10,UNLIKE_TERMS,combined,synthetic
5687,T12,(-8)(-6x)=-432,47x=-432,ARITHMETIC_SLIP,direct,synthetic
5688,T04,-(x+12)=-11,-x+12=-11,NEGATIVE_DISTRIBUTION,direct,synthetic
5689,T09,x-9=-5,x=5/8,UNLIKE_TERMS,combined,synthetic
5690,T08,x+5=3,x=3+5,TRANSPOSITION,direct,synthetic
5691,T01,3(x+3)=6,3x+3=6,PARTIAL_DISTRIBUTION,direct,synthetic
5692,T09,x-12=-7,x=-7+12,NONE,direct,synthetic
5693,T05,9-(x+6)=2,9-x+6=2,NEGATIVE_DISTRIBUTION,direct,synthetic
5694,T12,(-4)(-2x)=-56,8x=-55,ARITHMETIC_SLIP,direct,synthetic
5695,T12,(-9)(-5x)=45,-45x=45,NEG_TIMES_NEG,direct,synthetic
5696,T08,x+10=7,11x=7,UNLIKE_TERMS,direct,synthetic
5697,T13,2(x+6)+3x=17,2x+12+3x=17,NONE,direct,synthetic
5698,T10,8x+5=29,8x=29+5,TRANSPOSITION,direct,synthetic
5699,T10,7x+4=53,7x=53+4,TRANSPOSITION,direct,synthetic
5700,T03,-9(x+5)=-126,5-9x=-126,PARTIAL_DISTRIBUTION,direct,synthetic
5701,T12,(-4)(-5x)=-20,-20x=-20,NEG_TIMES_NEG,direct,synthetic
5702,T08,x+1=-4,x=-4+1,TRANSPOSITION,direct,synthetic
5703,T01,5(x+5)=65,5x+5=65,PARTIAL_DISTRIBUTION,direct,synthetic
5704,T07,(x-8)^2=0,x^2+64=0,SQUARE_OF_SUM,direct,synthetic
5705,T10,7x+8=29,15x=29,UNLIKE_TERMS,direct,synthetic
5706,T06,(x+8)^2=484,x^2+64=484,SQUARE_OF_SUM,direct,synthetic
5707,T04,-(x+6)=-15,-x=-21,NEGATIVE_DISTRIBUTION,combined,synthetic
5708,T12,(-7)(-8x)=-392,x=7,NEG_TIMES_NEG,combined,synthetic
5709,T01,9(x+9)=144,9x+9=144,PARTIAL_DISTRIBUTION,direct,synthetic
5710,T06,(x+9)^2=256,x^2+81=256,SQUARE_OF_SUM,direct,synthetic
5711,T13,6(x+5)+5x=-3,11x=-33,NONE,combined,synthetic
5712,T01,8(x+6)=0,8x+6=0,PARTIAL_DISTRIBUTION,direct,synthetic
5713,T06,(x+11)^2=225,x^2+25x+121=225,ARITHMETIC_SLIP,direct,synthetic
5714,T10,3x+12=6,3x=6+12,TRANSPOSITION,direct,synthetic
5715,T06,(x+7)^2=4,x^2+17x+49=4,ARITHMETIC_SLIP,direct,synthetic
5716,T01,6(x+3)=60,6x=42,NONE,combined,synthetic
5717,T06,(x+7)^2=4,x^2+49=4,SQUARE_OF_SUM,direct,synthetic
5718,T04,-(x+11)=-17,-x=-28,NEGATIVE_DISTRIBUTION,combined,synthetic
5719,T09,x-2=-6,x=-7,ARITHMETIC_SLIP,combined,synthetic
5720,T05,12-(x+4)=4,-x=20,TRANSPOSITION,combined,synthetic
5721,T01,6(x+8)=72,3x+48=72,ARITHMETIC_SLIP,direct,synthetic
5722,T12,(-8)(-4x)=288,-32x=288,NEG_TIMES_NEG,direct,synthetic
5723,T01,6(x+3)=48,6x+3=48,PARTIAL_DISTRIBUTION,direct,synthetic
5724,T12,(-7)(-7x)=-294,x=-6,NONE,combined,synthetic
5725,T09,x-9=-4,x=1/2,UNLIKE_TERMS,combined,synthetic
5726,T04,-(x+9)=-13,-10x=-13,UNLIKE_TERMS,direct,synthetic
5727,T12,(-3)(-3x)=-18,x=2,NEG_TIMES_NEG,combined,synthetic
5728,T12,(-4)(-8x)=160,-32x=160,NEG_TIMES_NEG,direct,synthetic
5729,T02,2(x-7)=4,2x=11,PARTIAL_DISTRIBUTION,combined,synthetic
5730,T09,x-4=5,x=5+3,ARITHMETIC_SLIP,direct,synthetic
5731,T02,4(x-6)=-12,4x=9,ARITHMETIC_SLIP,combined,synthetic
5732,T12,(-3)(-5x)=135,12x=135,ARITHMETIC_SLIP,direct,synthetic
5733,T10,7x+4=53,7x=49,NONE,combined,synthetic
5734,T11,3=x+6,-x=0,ARITHMETIC_SLIP,combined,synthetic
5735,T12,(-2)(-9x)=72,-18x=72,NEG_TIMES_NEG,direct,synthetic
5736,T05,11-(x+2)=14,11-x+2=14,NEGATIVE_DISTRIBUTION,direct,synthetic
5737,T12,(-8)(-8x)=-384,-64x=-384,NEG_TIMES_NEG,direct,synthetic
5738,T05,8-(x+1)=12,8-x-1=12,NONE,direct,synthetic
5739,T12,(-7)(-2x)=-14,-14x=-14,NEG_TIMES_NEG,direct,synthetic
5740,T12,(-6)(-6x)=-72,x=2,NEG_TIMES_NEG,combined,synthetic
5741,T04,-(x+10)=-7,-x=-17,NEGATIVE_DISTRIBUTION,combined,synthetic
5742,T09,x-3=-7,x=-10,TRANSPOSITION,combined,synthetic
5743,T02,7(x-2)=0,7x-2=0,PARTIAL_DISTRIBUTION,direct,synthetic
5744,T12,(-3)(-x)=12,3x=12,NONE,direct,synthetic
5745,T12,(-9)(-8x)=288,x=-4,NEG_TIMES_NEG,combined,synthetic
5746,T04,-(x+1)=-6,x=3,UNLIKE_TERMS,combined,synthetic
5747,T09,x-12=-13,x=-25,TRANSPOSITION,combined,synthetic
5748,T03,-9(x+2)=-63,-9x-16=-63,ARITHMETIC_SLIP,direct,synthetic
5749,T08,x+4=2,x=2+4,TRANSPOSITION,direct,synthetic
5750,T07,(x-1)^2=36,x^2-2x+1=34,ARITHMETIC_SLIP,direct,synthetic
5751,T02,9(x-5)=-90,9x-45=-90,NONE,direct,synthetic
5752,T01,7(x+5)=35,7x=0,NONE,combined,synthetic
5753,T12,(-4)(-3x)=-72,x=-24/5,ARITHMETIC_SLIP,combined,synthetic
5754,T12,(-2)(-5x)=50,x=-5,NEG_TIMES_NEG,combined,synthetic
5755,T05,9-(x+2)=3,9-x+2=3,NEGATIVE_DISTRIBUTION,direct,synthetic
5756,T10,2x+5=-5,2x=-5+5,TRANSPOSITION,direct,synthetic
5757,T10,6x+7=43,6x=43+7,TRANSPOSITION,direct,synthetic
5758,T10,3x+12=30,15x=30,UNLIKE_TERMS,direct,synthetic
5759,T08,x+12=12,x=12-12,NONE,direct,synthetic
5760,T10,5x+9=-21,5x=-12,TRANSPOSITION,combined,synthetic
5761,T07,(x-10)^2=25,x^2-20x+100=25,NONE,direct,synthetic
5762,T12,(-9)(-x)=54,x=-6,NEG_TIMES_NEG,combined,synthetic
5763,T02,7(x-2)=35,7x=52,ARITHMETIC_SLIP,combined,synthetic
5764,T03,-4(x+1)=-28,1-4x=-28,PARTIAL_DISTRIBUTION,direct,synthetic
5765,T04,-(x+7)=-1,-x+7=-1,NEGATIVE_DISTRIBUTION,direct,synthetic
5766,T09,x-10=-3,x=-3-10,TRANSPOSITION,direct,synthetic
